date_hour_o,record_time,duration,ne_id,created_date,uptime,uptime_delta,uptime_wanppp,uptime_wanppp_delta,date_hour
2026-08-18-00,2026-08-18 00:00:00,3600,NE0001,2026-08-18 00:00:00,86400,3600,86300,3600,2026-08-18-00
2026-08-18-00,2026-08-18 00:00:00,3600,NE0004,2026-08-18 00:00:00,86400,3600,86300,3600,2026-08-18-00
2026-08-18-00,2026-08-18 00:00:00,3600,NE0007,2026-08-18 00:00:00,86400,3600,86300,3600,2026-08-18-00
2026-08-18-00,2026-08-18 00:00:00,3600,NE0010,2026-08-18 00:00:00,86400,3600,86300,3600,2026-08-18-00
2026-08-18-00,2026-08-18 00:00:00,3600,NE0013,2026-08-18 00:00:00,86400,3600,86300,3600,2026-08-18-00
2026-08-18-00,2026-08-18 00:00:00,3600,NE0016,2026-08-18 00:00:00,86400,3600,86300,3600,2026-08-18-00
2026-08-18-00,2026-08-18 00:00:00,3600,NE0019,2026-08-18 00:00:00,86400,3600,86300,3600,2026-08-18-00
2026-08-18-00,2026-08-18 00:00:00,3600,NE0022,2026-08-18 00:00:00,86400,3600,86300,3600,2026-08-18-00
2026-08-18-00,2026-08-18 00:00:00,3600,NE0025,2026-08-18 00:00:00,86400,3600,86300,3600,2026-08-18-00
2026-08-18-00,2026-08-18 00:00:00,3600,NE0028,2026-08-18 00:00:00,86400,3600,86300,3600,2026-08-18-00
2026-08-18-01,2026-08-18 01:00:00,3600,NE0002,2026-08-18 01:00:00,90000,3600,89900,3600,2026-08-18-01
2026-08-18-01,2026-08-18 01:00:00,3600,NE0005,2026-08-18 01:00:00,90000,3600,89900,3600,2026-08-18-01
2026-08-18-01,2026-08-18 01:00:00,3600,NE0008,2026-08-18 01:00:00,90000,3600,89900,3600,2026-08-18-01
2026-08-18-01,2026-08-18 01:00:00,3600,NE0011,2026-08-18 01:00:00,90000,3600,89900,3600,2026-08-18-01
2026-08-18-01,2026-08-18 01:00:00,3600,NE0014,2026-08-18 01:00:00,90000,3600,89900,3600,2026-08-18-01
2026-08-18-01,2026-08-18 01:00:00,3600,NE0017,2026-08-18 01:00:00,90000,3600,89900,3600,2026-08-18-01
2026-08-18-01,2026-08-18 01:00:00,3600,NE0020,2026-08-18 01:00:00,90000,3600,89900,3600,2026-08-18-01
2026-08-18-01,2026-08-18 01:00:00,3600,NE0023,2026-08-18 01:00:00,90000,3600,89900,3600,2026-08-18-01
2026-08-18-01,2026-08-18 01:00:00,3600,NE0026,2026-08-18 01:00:00,90000,3600,89900,3600,2026-08-18-01
2026-08-18-01,2026-08-18 01:00:00,3600,NE0029,2026-08-18 01:00:00,90000,3600,89900,3600,2026-08-18-01
2026-08-18-02,2026-08-18 02:00:00,3600,NE0003,2026-08-18 02:00:00,93600,3600,93500,3600,2026-08-18-02
2026-08-18-02,2026-08-18 02:00:00,3600,NE0006,2026-08-18 02:00:00,93600,3600,93500,3600,2026-08-18-02
2026-08-18-02,2026-08-18 02:00:00,3600,NE0009,2026-08-18 02:00:00,93600,3600,93500,3600,2026-08-18-02
2026-08-18-02,2026-08-18 02:00:00,3600,NE0012,2026-08-18 02:00:00,93600,3600,93500,3600,2026-08-18-02
2026-08-18-02,2026-08-18 02:00:00,3600,NE0015,2026-08-18 02:00:00,93600,3600,93500,3600,2026-08-18-02
2026-08-18-02,2026-08-18 02:00:00,3600,NE0018,2026-08-18 02:00:00,93600,3600,93500,3600,2026-08-18-02
2026-08-18-02,2026-08-18 02:00:00,3600,NE0021,2026-08-18 02:00:00,93600,3600,93500,3600,2026-08-18-02
2026-08-18-02,2026-08-18 02:00:00,3600,NE0024,2026-08-18 02:00:00,93600,3600,93500,3600,2026-08-18-02
2026-08-18-02,2026-08-18 02:00:00,3600,NE0027,2026-08-18 02:00:00,93600,3600,93500,3600,2026-08-18-02
2026-08-18-02,2026-08-18 02:00:00,3600,NE0030,2026-08-18 02:00:00,93600,3600,93500,3600,2026-08-18-02
2026-08-18-03,2026-08-18 03:00:00,10800,NE0001,2026-08-18 03:00:00,97200,10800,97100,10800,2026-08-18-03
2026-08-18-03,2026-08-18 03:00:00,10800,NE0004,2026-08-18 03:00:00,97200,10800,97100,10800,2026-08-18-03
2026-08-18-03,2026-08-18 03:00:00,10800,NE0007,2026-08-18 03:00:00,97200,10800,97100,10800,2026-08-18-03
2026-08-18-03,2026-08-18 03:00:00,10800,NE0010,2026-08-18 03:00:00,97200,10800,97100,10800,2026-08-18-03
2026-08-18-03,2026-08-18 03:00:00,10800,NE0013,2026-08-18 03:00:00,97200,10800,97100,10800,2026-08-18-03
2026-08-18-03,2026-08-18 03:00:00,10800,NE0016,2026-08-18 03:00:00,97200,10800,97100,10800,2026-08-18-03
2026-08-18-03,2026-08-18 03:00:00,10800,NE0019,2026-08-18 03:00:00,97200,10800,97100,10800,2026-08-18-03
2026-08-18-03,2026-08-18 03:00:00,10800,NE0022,2026-08-18 03:00:00,97200,10800,97100,10800,2026-08-18-03
2026-08-18-03,2026-08-18 03:00:00,10800,NE0025,2026-08-18 03:00:00,97200,10800,97100,10800,2026-08-18-03
2026-08-18-03,2026-08-18 03:00:00,10800,NE0028,2026-08-18 03:00:00,97200,10800,97100,10800,2026-08-18-03
2026-08-18-04,2026-08-18 04:00:00,10800,NE0002,2026-08-18 04:00:00,100800,10800,100700,10800,2026-08-18-04
2026-08-18-04,2026-08-18 04:00:00,10800,NE0005,2026-08-18 04:00:00,100800,10800,100700,10800,2026-08-18-04
2026-08-18-04,2026-08-18 04:00:00,10800,NE0008,2026-08-18 04:00:00,100800,10800,100700,10800,2026-08-18-04
2026-08-18-04,2026-08-18 04:00:00,10800,NE0011,2026-08-18 04:00:00,100800,10800,100700,10800,2026-08-18-04
2026-08-18-04,2026-08-18 04:00:00,10800,NE0014,2026-08-18 04:00:00,100800,10800,100700,10800,2026-08-18-04
2026-08-18-04,2026-08-18 04:00:00,10800,NE0017,2026-08-18 04:00:00,100800,10800,100700,10800,2026-08-18-04
2026-08-18-04,2026-08-18 04:00:00,10800,NE0020,2026-08-18 04:00:00,100800,10800,100700,10800,2026-08-18-04
2026-08-18-04,2026-08-18 04:00:00,10800,NE0023,2026-08-18 04:00:00,100800,10800,100700,10800,2026-08-18-04
2026-08-18-04,2026-08-18 04:00:00,10800,NE0026,2026-08-18 04:00:00,100800,10800,100700,10800,2026-08-18-04
2026-08-18-04,2026-08-18 04:00:00,10800,NE0029,2026-08-18 04:00:00,100800,10800,100700,10800,2026-08-18-04
2026-08-18-05,2026-08-18 05:00:00,10800,NE0003,2026-08-18 05:00:00,104400,10800,104300,10800,2026-08-18-05
2026-08-18-05,2026-08-18 05:00:00,10800,NE0006,2026-08-18 05:00:00,104400,10800,104300,10800,2026-08-18-05
2026-08-18-05,2026-08-18 05:00:00,10800,NE0009,2026-08-18 05:00:00,104400,10800,104300,10800,2026-08-18-05
2026-08-18-05,2026-08-18 05:00:00,10800,NE0012,2026-08-18 05:00:00,104400,10800,104300,10800,2026-08-18-05
2026-08-18-05,2026-08-18 05:00:00,10800,NE0015,2026-08-18 05:00:00,104400,10800,104300,10800,2026-08-18-05
2026-08-18-05,2026-08-18 05:00:00,10800,NE0018,2026-08-18 05:00:00,104400,10800,104300,10800,2026-08-18-05
2026-08-18-05,2026-08-18 05:00:00,10800,NE0021,2026-08-18 05:00:00,104400,10800,104300,10800,2026-08-18-05
2026-08-18-05,2026-08-18 05:00:00,10800,NE0024,2026-08-18 05:00:00,104400,10800,104300,10800,2026-08-18-05
2026-08-18-05,2026-08-18 05:00:00,10800,NE0027,2026-08-18 05:00:00,104400,10800,104300,10800,2026-08-18-05
2026-08-18-05,2026-08-18 05:00:00,10800,NE0030,2026-08-18 05:00:00,104400,10800,104300,10800,2026-08-18-05
2026-08-18-06,2026-08-18 06:00:00,10800,NE0001,2026-08-18 06:00:00,108000,10800,107900,10800,2026-08-18-06
2026-08-18-06,2026-08-18 06:00:00,10800,NE0004,2026-08-18 06:00:00,108000,10800,107900,10800,2026-08-18-06
2026-08-18-06,2026-08-18 06:00:00,10800,NE0007,2026-08-18 06:00:00,108000,10800,107900,10800,2026-08-18-06
2026-08-18-06,2026-08-18 06:00:00,10800,NE0010,2026-08-18 06:00:00,108000,10800,107900,10800,2026-08-18-06
2026-08-18-06,2026-08-18 06:00:00,10800,NE0013,2026-08-18 06:00:00,108000,10800,107900,10800,2026-08-18-06
2026-08-18-06,2026-08-18 06:00:00,10800,NE0016,2026-08-18 06:00:00,108000,10800,107900,10800,2026-08-18-06
2026-08-18-06,2026-08-18 06:00:00,10800,NE0019,2026-08-18 06:00:00,108000,10800,107900,10800,2026-08-18-06
2026-08-18-06,2026-08-18 06:00:00,10800,NE0022,2026-08-18 06:00:00,108000,10800,107900,10800,2026-08-18-06
2026-08-18-06,2026-08-18 06:00:00,10800,NE0025,2026-08-18 06:00:00,108000,10800,107900,10800,2026-08-18-06
2026-08-18-06,2026-08-18 06:00:00,10800,NE0028,2026-08-18 06:00:00,108000,10800,107900,10800,2026-08-18-06
2026-08-18-07,2026-08-18 07:00:00,10800,NE0002,2026-08-18 07:00:00,111600,10800,111500,10800,2026-08-18-07
2026-08-18-07,2026-08-18 07:00:00,10800,NE0005,2026-08-18 07:00:00,111600,10800,111500,10800,2026-08-18-07
2026-08-18-07,2026-08-18 07:00:00,10800,NE0008,2026-08-18 07:00:00,111600,10800,111500,10800,2026-08-18-07
2026-08-18-07,2026-08-18 07:00:00,10800,NE0011,2026-08-18 07:00:00,111600,10800,111500,10800,2026-08-18-07
2026-08-18-07,2026-08-18 07:00:00,10800,NE0014,2026-08-18 07:00:00,111600,10800,111500,10800,2026-08-18-07
2026-08-18-07,2026-08-18 07:00:00,10800,NE0017,2026-08-18 07:00:00,111600,10800,111500,10800,2026-08-18-07
2026-08-18-07,2026-08-18 07:00:00,10800,NE0020,2026-08-18 07:00:00,111600,10800,111500,10800,2026-08-18-07
2026-08-18-07,2026-08-18 07:00:00,10800,NE0023,2026-08-18 07:00:00,111600,10800,111500,10800,2026-08-18-07
2026-08-18-07,2026-08-18 07:00:00,10800,NE0026,2026-08-18 07:00:00,111600,10800,111500,10800,2026-08-18-07
2026-08-18-07,2026-08-18 07:00:00,10800,NE0029,2026-08-18 07:00:00,111600,10800,111500,10800,2026-08-18-07
2026-08-18-08,2026-08-18 08:00:00,10800,NE0003,2026-08-18 08:00:00,115200,10800,115100,10800,2026-08-18-08
2026-08-18-08,2026-08-18 08:00:00,10800,NE0006,2026-08-18 08:00:00,115200,10800,115100,10800,2026-08-18-08
2026-08-18-08,2026-08-18 08:00:00,10800,NE0009,2026-08-18 08:00:00,115200,10800,115100,10800,2026-08-18-08
2026-08-18-08,2026-08-18 08:00:00,10800,NE0012,2026-08-18 08:00:00,115200,10800,115100,10800,2026-08-18-08
2026-08-18-08,2026-08-18 08:00:00,10800,NE0015,2026-08-18 08:00:00,115200,10800,115100,10800,2026-08-18-08
2026-08-18-08,2026-08-18 08:00:00,10800,NE0018,2026-08-18 08:00:00,115200,10800,115100,10800,2026-08-18-08
2026-08-18-08,2026-08-18 08:00:00,10800,NE0021,2026-08-18 08:00:00,115200,10800,115100,10800,2026-08-18-08
2026-08-18-08,2026-08-18 08:00:00,10800,NE0024,2026-08-18 08:00:00,115200,10800,115100,10800,2026-08-18-08
2026-08-18-08,2026-08-18 08:00:00,10800,NE0027,2026-08-18 08:00:00,115200,10800,115100,10800,2026-08-18-08
2026-08-18-08,2026-08-18 08:00:00,10800,NE0030,2026-08-18 08:00:00,115200,10800,115100,10800,2026-08-18-08
2026-08-18-09,2026-08-18 09:00:00,10800,NE0001,2026-08-18 09:00:00,118800,10800,118700,10800,2026-08-18-09
2026-08-18-09,2026-08-18 09:00:00,10800,NE0004,2026-08-18 09:00:00,118800,10800,118700,10800,2026-08-18-09
2026-08-18-09,2026-08-18 09:00:00,10800,NE0007,2026-08-18 09:00:00,118800,10800,118700,10800,2026-08-18-09
2026-08-18-09,2026-08-18 09:00:00,10800,NE0010,2026-08-18 09:00:00,118800,10800,118700,10800,2026-08-18-09
2026-08-18-09,2026-08-18 09:00:00,10800,NE0013,2026-08-18 09:00:00,118800,10800,118700,10800,2026-08-18-09
2026-08-18-09,2026-08-18 09:00:00,10800,NE0016,2026-08-18 09:00:00,118800,10800,118700,10800,2026-08-18-09
2026-08-18-09,2026-08-18 09:00:00,10800,NE0019,2026-08-18 09:00:00,118800,10800,118700,10800,2026-08-18-09
2026-08-18-09,2026-08-18 09:00:00,10800,NE0022,2026-08-18 09:00:00,118800,10800,118700,10800,2026-08-18-09
2026-08-18-09,2026-08-18 09:00:00,10800,NE0025,2026-08-18 09:00:00,118800,10800,118700,10800,2026-08-18-09
2026-08-18-09,2026-08-18 09:00:00,10800,NE0028,2026-08-18 09:00:00,118800,10800,118700,10800,2026-08-18-09
2026-08-18-10,2026-08-18 10:00:00,10800,NE0002,2026-08-18 10:00:00,122400,10800,122300,10800,2026-08-18-10
2026-08-18-10,2026-08-18 10:00:00,10800,NE0005,2026-08-18 10:00:00,122400,10800,122300,10800,2026-08-18-10
2026-08-18-10,2026-08-18 10:00:00,10800,NE0008,2026-08-18 10:00:00,122400,10800,122300,10800,2026-08-18-10
2026-08-18-10,2026-08-18 10:00:00,10800,NE0011,2026-08-18 10:00:00,122400,10800,122300,10800,2026-08-18-10
2026-08-18-10,2026-08-18 10:00:00,10800,NE0014,2026-08-18 10:00:00,122400,10800,122300,10800,2026-08-18-10
2026-08-18-10,2026-08-18 10:00:00,10800,NE0017,2026-08-18 10:00:00,122400,10800,122300,10800,2026-08-18-10
2026-08-18-10,2026-08-18 10:00:00,10800,NE0020,2026-08-18 10:00:00,122400,10800,122300,10800,2026-08-18-10
2026-08-18-10,2026-08-18 10:00:00,10800,NE0023,2026-08-18 10:00:00,122400,10800,122300,10800,2026-08-18-10
2026-08-18-10,2026-08-18 10:00:00,10800,NE0026,2026-08-18 10:00:00,122400,10800,122300,10800,2026-08-18-10
2026-08-18-10,2026-08-18 10:00:00,10800,NE0029,2026-08-18 10:00:00,122400,10800,122300,10800,2026-08-18-10
2026-08-18-11,2026-08-18 11:00:00,10800,NE0003,2026-08-18 11:00:00,126000,10800,125900,10800,2026-08-18-11
2026-08-18-11,2026-08-18 11:00:00,10800,NE0006,2026-08-18 11:00:00,126000,10800,125900,10800,2026-08-18-11
2026-08-18-11,2026-08-18 11:00:00,10800,NE0009,2026-08-18 11:00:00,126000,10800,125900,10800,2026-08-18-11
2026-08-18-11,2026-08-18 11:00:00,10800,NE0012,2026-08-18 11:00:00,126000,10800,125900,10800,2026-08-18-11
2026-08-18-11,2026-08-18 11:00:00,10800,NE0015,2026-08-18 11:00:00,126000,10800,125900,10800,2026-08-18-11
2026-08-18-11,2026-08-18 11:00:00,10800,NE0018,2026-08-18 11:00:00,126000,10800,125900,10800,2026-08-18-11
2026-08-18-11,2026-08-18 11:00:00,10800,NE0021,2026-08-18 11:00:00,126000,10800,125900,10800,2026-08-18-11
2026-08-18-11,2026-08-18 11:00:00,10800,NE0024,2026-08-18 11:00:00,126000,10800,125900,10800,2026-08-18-11
2026-08-18-11,2026-08-18 11:00:00,10800,NE0027,2026-08-18 11:00:00,126000,10800,125900,10800,2026-08-18-11
2026-08-18-11,2026-08-18 11:00:00,10800,NE0030,2026-08-18 11:00:00,126000,10800,125900,10800,2026-08-18-11
2026-08-18-12,2026-08-18 12:00:00,10800,NE0001,2026-08-18 12:00:00,129600,10800,129500,10800,2026-08-18-12
2026-08-18-12,2026-08-18 12:00:00,10800,NE0004,2026-08-18 12:00:00,129600,10800,129500,10800,2026-08-18-12
2026-08-18-12,2026-08-18 12:00:00,10800,NE0007,2026-08-18 12:00:00,129600,10800,129500,10800,2026-08-18-12
2026-08-18-12,2026-08-18 12:00:00,10800,NE0010,2026-08-18 12:00:00,129600,10800,129500,10800,2026-08-18-12
2026-08-18-12,2026-08-18 12:00:00,10800,NE0013,2026-08-18 12:00:00,129600,10800,129500,10800,2026-08-18-12
2026-08-18-12,2026-08-18 12:00:00,10800,NE0016,2026-08-18 12:00:00,129600,10800,129500,10800,2026-08-18-12
2026-08-18-12,2026-08-18 12:00:00,10800,NE0019,2026-08-18 12:00:00,129600,10800,129500,10800,2026-08-18-12
2026-08-18-12,2026-08-18 12:00:00,10800,NE0022,2026-08-18 12:00:00,129600,10800,129500,10800,2026-08-18-12
2026-08-18-12,2026-08-18 12:00:00,10800,NE0025,2026-08-18 12:00:00,129600,10800,129500,10800,2026-08-18-12
2026-08-18-12,2026-08-18 12:00:00,10800,NE0028,2026-08-18 12:00:00,129600,10800,129500,10800,2026-08-18-12
2026-08-18-13,2026-08-18 13:00:00,10800,NE0002,2026-08-18 13:00:00,133200,10800,133100,10800,2026-08-18-13
2026-08-18-13,2026-08-18 13:00:00,10800,NE0005,2026-08-18 13:00:00,133200,10800,133100,10800,2026-08-18-13
2026-08-18-13,2026-08-18 13:00:00,10800,NE0008,2026-08-18 13:00:00,133200,10800,133100,10800,2026-08-18-13
2026-08-18-13,2026-08-18 13:00:00,10800,NE0011,2026-08-18 13:00:00,133200,10800,133100,10800,2026-08-18-13
2026-08-18-13,2026-08-18 13:00:00,10800,NE0014,2026-08-18 13:00:00,133200,10800,133100,10800,2026-08-18-13
2026-08-18-13,2026-08-18 13:00:00,10800,NE0017,2026-08-18 13:00:00,133200,10800,133100,10800,2026-08-18-13
2026-08-18-13,2026-08-18 13:00:00,10800,NE0020,2026-08-18 13:00:00,133200,10800,133100,10800,2026-08-18-13
2026-08-18-13,2026-08-18 13:00:00,10800,NE0023,2026-08-18 13:00:00,133200,10800,133100,10800,2026-08-18-13
2026-08-18-13,2026-08-18 13:00:00,10800,NE0026,2026-08-18 13:00:00,133200,10800,133100,10800,2026-08-18-13
2026-08-18-13,2026-08-18 13:00:00,10800,NE0029,2026-08-18 13:00:00,133200,10800,133100,10800,2026-08-18-13
2026-08-18-14,2026-08-18 14:00:00,10800,NE0003,2026-08-18 14:00:00,136800,10800,136700,10800,2026-08-18-14
2026-08-18-14,2026-08-18 14:00:00,10800,NE0006,2026-08-18 14:00:00,136800,10800,136700,10800,2026-08-18-14
2026-08-18-14,2026-08-18 14:00:00,10800,NE0009,2026-08-18 14:00:00,136800,10800,136700,10800,2026-08-18-14
2026-08-18-14,2026-08-18 14:00:00,10800,NE0012,2026-08-18 14:00:00,136800,10800,136700,10800,2026-08-18-14
2026-08-18-14,2026-08-18 14:00:00,10800,NE0015,2026-08-18 14:00:00,136800,10800,136700,10800,2026-08-18-14
2026-08-18-14,2026-08-18 14:00:00,10800,NE0018,2026-08-18 14:00:00,136800,10800,136700,10800,2026-08-18-14
2026-08-18-14,2026-08-18 14:00:00,10800,NE0021,2026-08-18 14:00:00,136800,10800,136700,10800,2026-08-18-14
2026-08-18-14,2026-08-18 14:00:00,10800,NE0024,2026-08-18 14:00:00,136800,10800,136700,10800,2026-08-18-14
2026-08-18-14,2026-08-18 14:00:00,10800,NE0027,2026-08-18 14:00:00,136800,10800,136700,10800,2026-08-18-14
2026-08-18-14,2026-08-18 14:00:00,10800,NE0030,2026-08-18 14:00:00,136800,10800,136700,10800,2026-08-18-14
2026-08-18-15,2026-08-18 15:00:00,10800,NE0001,2026-08-18 15:00:00,140400,10800,140300,10800,2026-08-18-15
2026-08-18-15,2026-08-18 15:00:00,10800,NE0004,2026-08-18 15:00:00,140400,10800,140300,10800,2026-08-18-15
2026-08-18-15,2026-08-18 15:00:00,10800,NE0007,2026-08-18 15:00:00,140400,10800,140300,10800,2026-08-18-15
2026-08-18-15,2026-08-18 15:00:00,10800,NE0010,2026-08-18 15:00:00,140400,10800,140300,10800,2026-08-18-15
2026-08-18-15,2026-08-18 15:00:00,10800,NE0013,2026-08-18 15:00:00,140400,10800,140300,10800,2026-08-18-15
2026-08-18-15,2026-08-18 15:00:00,10800,NE0016,2026-08-18 15:00:00,140400,10800,140300,10800,2026-08-18-15
2026-08-18-15,2026-08-18 15:00:00,10800,NE0019,2026-08-18 15:00:00,140400,10800,140300,10800,2026-08-18-15
2026-08-18-15,2026-08-18 15:00:00,10800,NE0022,2026-08-18 15:00:00,140400,10800,140300,10800,2026-08-18-15
2026-08-18-15,2026-08-18 15:00:00,10800,NE0025,2026-08-18 15:00:00,140400,10800,140300,10800,2026-08-18-15
2026-08-18-15,2026-08-18 15:00:00,10800,NE0028,2026-08-18 15:00:00,140400,10800,140300,10800,2026-08-18-15
2026-08-18-16,2026-08-18 16:00:00,10800,NE0002,2026-08-18 16:00:00,144000,10800,143900,10800,2026-08-18-16
2026-08-18-16,2026-08-18 16:00:00,10800,NE0005,2026-08-18 16:00:00,144000,10800,143900,10800,2026-08-18-16
2026-08-18-16,2026-08-18 16:00:00,10800,NE0008,2026-08-18 16:00:00,144000,10800,143900,10800,2026-08-18-16
2026-08-18-16,2026-08-18 16:00:00,10800,NE0011,2026-08-18 16:00:00,144000,10800,143900,10800,2026-08-18-16
2026-08-18-16,2026-08-18 16:00:00,10800,NE0014,2026-08-18 16:00:00,144000,10800,143900,10800,2026-08-18-16
2026-08-18-16,2026-08-18 16:00:00,10800,NE0017,2026-08-18 16:00:00,144000,10800,143900,10800,2026-08-18-16
2026-08-18-16,2026-08-18 16:00:00,10800,NE0020,2026-08-18 16:00:00,144000,10800,143900,10800,2026-08-18-16
2026-08-18-16,2026-08-18 16:00:00,10800,NE0023,2026-08-18 16:00:00,144000,10800,143900,10800,2026-08-18-16
2026-08-18-16,2026-08-18 16:00:00,10800,NE0026,2026-08-18 16:00:00,144000,10800,143900,10800,2026-08-18-16
2026-08-18-16,2026-08-18 16:00:00,10800,NE0029,2026-08-18 16:00:00,144000,10800,143900,10800,2026-08-18-16
2026-08-18-17,2026-08-18 17:00:00,10800,NE0003,2026-08-18 17:00:00,147600,10800,147500,10800,2026-08-18-17
2026-08-18-17,2026-08-18 17:00:00,10800,NE0006,2026-08-18 17:00:00,147600,10800,147500,10800,2026-08-18-17
2026-08-18-17,2026-08-18 17:00:00,10800,NE0009,2026-08-18 17:00:00,147600,10800,147500,10800,2026-08-18-17
2026-08-18-17,2026-08-18 17:00:00,10800,NE0012,2026-08-18 17:00:00,147600,10800,147500,10800,2026-08-18-17
2026-08-18-17,2026-08-18 17:00:00,10800,NE0015,2026-08-18 17:00:00,147600,10800,147500,10800,2026-08-18-17
2026-08-18-17,2026-08-18 17:00:00,10800,NE0018,2026-08-18 17:00:00,147600,10800,147500,10800,2026-08-18-17
2026-08-18-17,2026-08-18 17:00:00,10800,NE0021,2026-08-18 17:00:00,147600,10800,147500,10800,2026-08-18-17
2026-08-18-17,2026-08-18 17:00:00,10800,NE0024,2026-08-18 17:00:00,147600,10800,147500,10800,2026-08-18-17
2026-08-18-17,2026-08-18 17:00:00,10800,NE0027,2026-08-18 17:00:00,147600,10800,147500,10800,2026-08-18-17
2026-08-18-17,2026-08-18 17:00:00,10800,NE0030,2026-08-18 17:00:00,147600,10800,147500,10800,2026-08-18-17
2026-08-18-18,2026-08-18 18:00:00,10800,NE0001,2026-08-18 18:00:00,151200,10800,151100,10800,2026-08-18-18
2026-08-18-18,2026-08-18 18:00:00,10800,NE0004,2026-08-18 18:00:00,151200,10800,151100,10800,2026-08-18-18
2026-08-18-18,2026-08-18 18:00:00,10800,NE0007,2026-08-18 18:00:00,151200,10800,151100,10800,2026-08-18-18
2026-08-18-18,2026-08-18 18:00:00,10800,NE0010,2026-08-18 18:00:00,151200,10800,151100,10800,2026-08-18-18
2026-08-18-18,2026-08-18 18:00:00,10800,NE0013,2026-08-18 18:00:00,151200,10800,151100,10800,2026-08-18-18
2026-08-18-18,2026-08-18 18:00:00,10800,NE0016,2026-08-18 18:00:00,151200,10800,151100,10800,2026-08-18-18
2026-08-18-18,2026-08-18 18:00:00,10800,NE0019,2026-08-18 18:00:00,151200,10800,151100,10800,2026-08-18-18
2026-08-18-18,2026-08-18 18:00:00,10800,NE0022,2026-08-18 18:00:00,151200,10800,151100,10800,2026-08-18-18
2026-08-18-18,2026-08-18 18:00:00,10800,NE0025,2026-08-18 18:00:00,151200,10800,151100,10800,2026-08-18-18
2026-08-18-18,2026-08-18 18:00:00,10800,NE0028,2026-08-18 18:00:00,151200,10800,151100,10800,2026-08-18-18
2026-08-18-19,2026-08-18 19:00:00,10800,NE0002,2026-08-18 19:00:00,154800,10800,154700,10800,2026-08-18-19
2026-08-18-19,2026-08-18 19:00:00,10800,NE0005,2026-08-18 19:00:00,154800,10800,154700,10800,2026-08-18-19
2026-08-18-19,2026-08-18 19:00:00,10800,NE0008,2026-08-18 19:00:00,154800,10800,154700,10800,2026-08-18-19
2026-08-18-19,2026-08-18 19:00:00,10800,NE0011,2026-08-18 19:00:00,154800,10800,154700,10800,2026-08-18-19
2026-08-18-19,2026-08-18 19:00:00,10800,NE0014,2026-08-18 19:00:00,154800,10800,154700,10800,2026-08-18-19
2026-08-18-19,2026-08-18 19:00:00,10800,NE0017,2026-08-18 19:00:00,154800,10800,154700,10800,2026-08-18-19
2026-08-18-19,2026-08-18 19:00:00,10800,NE0020,2026-08-18 19:00:00,154800,10800,154700,10800,2026-08-18-19
2026-08-18-19,2026-08-18 19:00:00,10800,NE0023,2026-08-18 19:00:00,154800,10800,154700,10800,2026-08-18-19
2026-08-18-19,2026-08-18 19:00:00,10800,NE0026,2026-08-18 19:00:00,154800,10800,154700,10800,2026-08-18-19
2026-08-18-19,2026-08-18 19:00:00,10800,NE0029,2026-08-18 19:00:00,154800,10800,154700,10800,2026-08-18-19
2026-08-18-20,2026-08-18 20:00:00,10800,NE0003,2026-08-18 20:00:00,158400,10800,158300,10800,2026-08-18-20
2026-08-18-20,2026-08-18 20:00:00,10800,NE0006,2026-08-18 20:00:00,158400,10800,158300,10800,2026-08-18-20
2026-08-18-20,2026-08-18 20:00:00,10800,NE0009,2026-08-18 20:00:00,158400,10800,158300,10800,2026-08-18-20
2026-08-18-20,2026-08-18 20:00:00,10800,NE0012,2026-08-18 20:00:00,158400,10800,158300,10800,2026-08-18-20
2026-08-18-20,2026-08-18 20:00:00,10800,NE0015,2026-08-18 20:00:00,158400,10800,158300,10800,2026-08-18-20
2026-08-18-20,2026-08-18 20:00:00,10800,NE0018,2026-08-18 20:00:00,158400,10800,158300,10800,2026-08-18-20
2026-08-18-20,2026-08-18 20:00:00,10800,NE0021,2026-08-18 20:00:00,158400,10800,158300,10800,2026-08-18-20
2026-08-18-20,2026-08-18 20:00:00,10800,NE0024,2026-08-18 20:00:00,158400,10800,158300,10800,2026-08-18-20
2026-08-18-20,2026-08-18 20:00:00,10800,NE0027,2026-08-18 20:00:00,158400,10800,158300,10800,2026-08-18-20
2026-08-18-20,2026-08-18 20:00:00,10800,NE0030,2026-08-18 20:00:00,158400,10800,158300,10800,2026-08-18-20
2026-08-18-21,2026-08-18 21:00:00,10800,NE0001,2026-08-18 21:00:00,162000,10800,161900,10800,2026-08-18-21
2026-08-18-21,2026-08-18 21:00:00,10800,NE0004,2026-08-18 21:00:00,162000,10800,161900,10800,2026-08-18-21
2026-08-18-21,2026-08-18 21:00:00,10800,NE0007,2026-08-18 21:00:00,162000,10800,161900,10800,2026-08-18-21
2026-08-18-21,2026-08-18 21:00:00,10800,NE0010,2026-08-18 21:00:00,162000,10800,161900,10800,2026-08-18-21
2026-08-18-21,2026-08-18 21:00:00,10800,NE0013,2026-08-18 21:00:00,162000,10800,161900,10800,2026-08-18-21
2026-08-18-21,2026-08-18 21:00:00,10800,NE0016,2026-08-18 21:00:00,162000,10800,161900,10800,2026-08-18-21
2026-08-18-21,2026-08-18 21:00:00,10800,NE0019,2026-08-18 21:00:00,162000,10800,161900,10800,2026-08-18-21
2026-08-18-21,2026-08-18 21:00:00,10800,NE0022,2026-08-18 21:00:00,162000,10800,161900,10800,2026-08-18-21
2026-08-18-21,2026-08-18 21:00:00,10800,NE0025,2026-08-18 21:00:00,162000,10800,161900,10800,2026-08-18-21
2026-08-18-21,2026-08-18 21:00:00,10800,NE0028,2026-08-18 21:00:00,162000,10800,161900,10800,2026-08-18-21
2026-08-18-22,2026-08-18 22:00:00,10800,NE0002,2026-08-18 22:00:00,165600,10800,165500,10800,2026-08-18-22
2026-08-18-22,2026-08-18 22:00:00,10800,NE0005,2026-08-18 22:00:00,165600,10800,165500,10800,2026-08-18-22
2026-08-18-22,2026-08-18 22:00:00,10800,NE0008,2026-08-18 22:00:00,165600,10800,165500,10800,2026-08-18-22
2026-08-18-22,2026-08-18 22:00:00,10800,NE0011,2026-08-18 22:00:00,165600,10800,165500,10800,2026-08-18-22
2026-08-18-22,2026-08-18 22:00:00,10800,NE0014,2026-08-18 22:00:00,165600,10800,165500,10800,2026-08-18-22
2026-08-18-22,2026-08-18 22:00:00,10800,NE0017,2026-08-18 22:00:00,165600,10800,165500,10800,2026-08-18-22
2026-08-18-22,2026-08-18 22:00:00,10800,NE0020,2026-08-18 22:00:00,165600,10800,165500,10800,2026-08-18-22
2026-08-18-22,2026-08-18 22:00:00,10800,NE0023,2026-08-18 22:00:00,165600,10800,165500,10800,2026-08-18-22
2026-08-18-22,2026-08-18 22:00:00,10800,NE0026,2026-08-18 22:00:00,165600,10800,165500,10800,2026-08-18-22
2026-08-18-22,2026-08-18 22:00:00,10800,NE0029,2026-08-18 22:00:00,165600,10800,165500,10800,2026-08-18-22
2026-08-18-23,2026-08-18 23:00:00,10800,NE0003,2026-08-18 23:00:00,169200,10800,169100,10800,2026-08-18-23
2026-08-18-23,2026-08-18 23:00:00,10800,NE0006,2026-08-18 23:00:00,169200,10800,169100,10800,2026-08-18-23
2026-08-18-23,2026-08-18 23:00:00,10800,NE0009,2026-08-18 23:00:00,169200,10800,169100,10800,2026-08-18-23
2026-08-18-23,2026-08-18 23:00:00,10800,NE0012,2026-08-18 23:00:00,169200,10800,169100,10800,2026-08-18-23
2026-08-18-23,2026-08-18 23:00:00,10800,NE0015,2026-08-18 23:00:00,169200,10800,169100,10800,2026-08-18-23
2026-08-18-23,2026-08-18 23:00:00,10800,NE0018,2026-08-18 23:00:00,169200,10800,169100,10800,2026-08-18-23
2026-08-18-23,2026-08-18 23:00:00,10800,NE0021,2026-08-18 23:00:00,169200,10800,169100,10800,2026-08-18-23
2026-08-18-23,2026-08-18 23:00:00,10800,NE0024,2026-08-18 23:00:00,169200,10800,169100,10800,2026-08-18-23
2026-08-18-23,2026-08-18 23:00:00,10800,NE0027,2026-08-18 23:00:00,169200,10800,169100,10800,2026-08-18-23
2026-08-18-23,2026-08-18 23:00:00,10800,NE0030,2026-08-18 23:00:00,169200,10800,169100,10800,2026-08-18-23
2026-08-19-00,2026-08-19 00:00:00,10800,NE0001,2026-08-19 00:00:00,172800,10800,172700,10800,2026-08-19-00
2026-08-19-00,2026-08-19 00:00:00,10800,NE0004,2026-08-19 00:00:00,172800,10800,172700,10800,2026-08-19-00
2026-08-19-00,2026-08-19 00:00:00,10800,NE0007,2026-08-19 00:00:00,172800,10800,172700,10800,2026-08-19-00
2026-08-19-00,2026-08-19 00:00:00,10800,NE0010,2026-08-19 00:00:00,172800,10800,172700,10800,2026-08-19-00
2026-08-19-00,2026-08-19 00:00:00,10800,NE0013,2026-08-19 00:00:00,172800,10800,172700,10800,2026-08-19-00
2026-08-19-00,2026-08-19 00:00:00,10800,NE0016,2026-08-19 00:00:00,172800,10800,172700,10800,2026-08-19-00
2026-08-19-00,2026-08-19 00:00:00,10800,NE0019,2026-08-19 00:00:00,172800,10800,172700,10800,2026-08-19-00
2026-08-19-00,2026-08-19 00:00:00,10800,NE0022,2026-08-19 00:00:00,172800,10800,172700,10800,2026-08-19-00
2026-08-19-00,2026-08-19 00:00:00,10800,NE0025,2026-08-19 00:00:00,172800,10800,172700,10800,2026-08-19-00
2026-08-19-00,2026-08-19 00:00:00,10800,NE0028,2026-08-19 00:00:00,172800,10800,172700,10800,2026-08-19-00
2026-08-19-01,2026-08-19 01:00:00,3600,NE0001,2026-08-19 01:00:00,176400,3600,176300,3600,2026-08-19-01
2026-08-19-01,2026-08-19 01:00:00,10800,NE0002,2026-08-19 01:00:00,176400,10800,176300,10800,2026-08-19-01
2026-08-19-01,2026-08-19 01:00:00,10800,NE0005,2026-08-19 01:00:00,176400,10800,176300,10800,2026-08-19-01
2026-08-19-01,2026-08-19 01:00:00,10800,NE0008,2026-08-19 01:00:00,176400,10800,176300,10800,2026-08-19-01
2026-08-19-01,2026-08-19 01:00:00,10800,NE0011,2026-08-19 01:00:00,176400,10800,176300,10800,2026-08-19-01
2026-08-19-01,2026-08-19 01:00:00,10800,NE0014,2026-08-19 01:00:00,176400,10800,176300,10800,2026-08-19-01
2026-08-19-01,2026-08-19 01:00:00,10800,NE0017,2026-08-19 01:00:00,176400,10800,176300,10800,2026-08-19-01
2026-08-19-01,2026-08-19 01:00:00,10800,NE0020,2026-08-19 01:00:00,176400,10800,176300,10800,2026-08-19-01
2026-08-19-01,2026-08-19 01:00:00,10800,NE0023,2026-08-19 01:00:00,176400,10800,176300,10800,2026-08-19-01
2026-08-19-01,2026-08-19 01:00:00,10800,NE0026,2026-08-19 01:00:00,176400,10800,176300,10800,2026-08-19-01
2026-08-19-01,2026-08-19 01:00:00,10800,NE0029,2026-08-19 01:00:00,176400,10800,176300,10800,2026-08-19-01
2026-08-19-02,2026-08-19 02:00:00,3600,NE0001,2026-08-19 02:00:00,180000,3600,179900,3600,2026-08-19-02
2026-08-19-02,2026-08-19 02:00:00,10800,NE0003,2026-08-19 02:00:00,180000,10800,179900,10800,2026-08-19-02
2026-08-19-02,2026-08-19 02:00:00,10800,NE0006,2026-08-19 02:00:00,180000,10800,179900,10800,2026-08-19-02
2026-08-19-02,2026-08-19 02:00:00,10800,NE0009,2026-08-19 02:00:00,180000,10800,179900,10800,2026-08-19-02
2026-08-19-02,2026-08-19 02:00:00,10800,NE0012,2026-08-19 02:00:00,180000,10800,179900,10800,2026-08-19-02
2026-08-19-02,2026-08-19 02:00:00,10800,NE0015,2026-08-19 02:00:00,180000,10800,179900,10800,2026-08-19-02
2026-08-19-02,2026-08-19 02:00:00,10800,NE0018,2026-08-19 02:00:00,180000,10800,179900,10800,2026-08-19-02
2026-08-19-02,2026-08-19 02:00:00,10800,NE0021,2026-08-19 02:00:00,180000,10800,179900,10800,2026-08-19-02
2026-08-19-02,2026-08-19 02:00:00,10800,NE0024,2026-08-19 02:00:00,180000,10800,179900,10800,2026-08-19-02
2026-08-19-02,2026-08-19 02:00:00,10800,NE0027,2026-08-19 02:00:00,180000,10800,179900,10800,2026-08-19-02
2026-08-19-02,2026-08-19 02:00:00,10800,NE0030,2026-08-19 02:00:00,180000,10800,179900,10800,2026-08-19-02
2026-08-19-03,2026-08-19 03:00:00,3600,NE0001,2026-08-19 03:00:00,183600,3600,183500,3600,2026-08-19-03
2026-08-19-03,2026-08-19 03:00:00,10800,NE0004,2026-08-19 03:00:00,183600,10800,183500,10800,2026-08-19-03
2026-08-19-03,2026-08-19 03:00:00,10800,NE0007,2026-08-19 03:00:00,183600,10800,183500,10800,2026-08-19-03
2026-08-19-03,2026-08-19 03:00:00,10800,NE0010,2026-08-19 03:00:00,183600,10800,183500,10800,2026-08-19-03
2026-08-19-03,2026-08-19 03:00:00,10800,NE0013,2026-08-19 03:00:00,183600,10800,183500,10800,2026-08-19-03
2026-08-19-03,2026-08-19 03:00:00,10800,NE0016,2026-08-19 03:00:00,183600,10800,183500,10800,2026-08-19-03
2026-08-19-03,2026-08-19 03:00:00,10800,NE0019,2026-08-19 03:00:00,183600,10800,183500,10800,2026-08-19-03
2026-08-19-03,2026-08-19 03:00:00,10800,NE0022,2026-08-19 03:00:00,183600,10800,183500,10800,2026-08-19-03
2026-08-19-03,2026-08-19 03:00:00,10800,NE0025,2026-08-19 03:00:00,183600,10800,183500,10800,2026-08-19-03
2026-08-19-03,2026-08-19 03:00:00,10800,NE0028,2026-08-19 03:00:00,183600,10800,183500,10800,2026-08-19-03
2026-08-19-04,2026-08-19 04:00:00,10800,NE0002,2026-08-19 04:00:00,187200,10800,187100,10800,2026-08-19-04
2026-08-19-04,2026-08-19 04:00:00,10800,NE0005,2026-08-19 04:00:00,187200,10800,187100,10800,2026-08-19-04
2026-08-19-04,2026-08-19 04:00:00,10800,NE0008,2026-08-19 04:00:00,187200,10800,187100,10800,2026-08-19-04
2026-08-19-04,2026-08-19 04:00:00,10800,NE0011,2026-08-19 04:00:00,187200,10800,187100,10800,2026-08-19-04
2026-08-19-04,2026-08-19 04:00:00,10800,NE0014,2026-08-19 04:00:00,187200,10800,187100,10800,2026-08-19-04
2026-08-19-04,2026-08-19 04:00:00,10800,NE0017,2026-08-19 04:00:00,187200,10800,187100,10800,2026-08-19-04
2026-08-19-04,2026-08-19 04:00:00,10800,NE0020,2026-08-19 04:00:00,187200,10800,187100,10800,2026-08-19-04
2026-08-19-04,2026-08-19 04:00:00,10800,NE0023,2026-08-19 04:00:00,187200,10800,187100,10800,2026-08-19-04
2026-08-19-04,2026-08-19 04:00:00,10800,NE0026,2026-08-19 04:00:00,187200,10800,187100,10800,2026-08-19-04
2026-08-19-04,2026-08-19 04:00:00,10800,NE0029,2026-08-19 04:00:00,187200,10800,187100,10800,2026-08-19-04
2026-08-19-05,2026-08-19 05:00:00,10800,NE0003,2026-08-19 05:00:00,190800,10800,190700,10800,2026-08-19-05
2026-08-19-05,2026-08-19 05:00:00,10800,NE0006,2026-08-19 05:00:00,190800,10800,190700,10800,2026-08-19-05
2026-08-19-05,2026-08-19 05:00:00,10800,NE0009,2026-08-19 05:00:00,190800,10800,190700,10800,2026-08-19-05
2026-08-19-05,2026-08-19 05:00:00,10800,NE0012,2026-08-19 05:00:00,190800,10800,190700,10800,2026-08-19-05
2026-08-19-05,2026-08-19 05:00:00,10800,NE0015,2026-08-19 05:00:00,190800,10800,190700,10800,2026-08-19-05
2026-08-19-05,2026-08-19 05:00:00,10800,NE0018,2026-08-19 05:00:00,190800,10800,190700,10800,2026-08-19-05
2026-08-19-05,2026-08-19 05:00:00,10800,NE0021,2026-08-19 05:00:00,190800,10800,190700,10800,2026-08-19-05
2026-08-19-05,2026-08-19 05:00:00,10800,NE0024,2026-08-19 05:00:00,190800,10800,190700,10800,2026-08-19-05
2026-08-19-05,2026-08-19 05:00:00,10800,NE0027,2026-08-19 05:00:00,190800,10800,190700,10800,2026-08-19-05
2026-08-19-05,2026-08-19 05:00:00,10800,NE0030,2026-08-19 05:00:00,190800,10800,190700,10800,2026-08-19-05
2026-08-19-06,2026-08-19 06:00:00,10800,NE0001,2026-08-19 06:00:00,194400,10800,194300,10800,2026-08-19-06
2026-08-19-06,2026-08-19 06:00:00,10800,NE0004,2026-08-19 06:00:00,194400,10800,194300,10800,2026-08-19-06
2026-08-19-06,2026-08-19 06:00:00,10800,NE0007,2026-08-19 06:00:00,194400,10800,194300,10800,2026-08-19-06
2026-08-19-06,2026-08-19 06:00:00,10800,NE0010,2026-08-19 06:00:00,194400,10800,194300,10800,2026-08-19-06
2026-08-19-06,2026-08-19 06:00:00,10800,NE0013,2026-08-19 06:00:00,194400,10800,194300,10800,2026-08-19-06
2026-08-19-06,2026-08-19 06:00:00,10800,NE0016,2026-08-19 06:00:00,194400,10800,194300,10800,2026-08-19-06
2026-08-19-06,2026-08-19 06:00:00,10800,NE0019,2026-08-19 06:00:00,194400,10800,194300,10800,2026-08-19-06
2026-08-19-06,2026-08-19 06:00:00,10800,NE0022,2026-08-19 06:00:00,194400,10800,194300,10800,2026-08-19-06
2026-08-19-06,2026-08-19 06:00:00,10800,NE0025,2026-08-19 06:00:00,194400,10800,194300,10800,2026-08-19-06
2026-08-19-06,2026-08-19 06:00:00,10800,NE0028,2026-08-19 06:00:00,194400,10800,194300,10800,2026-08-19-06
2026-08-19-07,2026-08-19 07:00:00,10800,NE0002,2026-08-19 07:00:00,198000,10800,197900,10800,2026-08-19-07
2026-08-19-07,2026-08-19 07:00:00,10800,NE0005,2026-08-19 07:00:00,198000,10800,197900,10800,2026-08-19-07
2026-08-19-07,2026-08-19 07:00:00,10800,NE0008,2026-08-19 07:00:00,198000,10800,197900,10800,2026-08-19-07
2026-08-19-07,2026-08-19 07:00:00,10800,NE0011,2026-08-19 07:00:00,198000,10800,197900,10800,2026-08-19-07
2026-08-19-07,2026-08-19 07:00:00,10800,NE0014,2026-08-19 07:00:00,198000,10800,197900,10800,2026-08-19-07
2026-08-19-07,2026-08-19 07:00:00,10800,NE0017,2026-08-19 07:00:00,198000,10800,197900,10800,2026-08-19-07
2026-08-19-07,2026-08-19 07:00:00,10800,NE0020,2026-08-19 07:00:00,198000,10800,197900,10800,2026-08-19-07
2026-08-19-07,2026-08-19 07:00:00,10800,NE0023,2026-08-19 07:00:00,198000,10800,197900,10800,2026-08-19-07
2026-08-19-07,2026-08-19 07:00:00,10800,NE0026,2026-08-19 07:00:00,198000,10800,197900,10800,2026-08-19-07
2026-08-19-07,2026-08-19 07:00:00,10800,NE0029,2026-08-19 07:00:00,198000,10800,197900,10800,2026-08-19-07
2026-08-19-08,2026-08-19 08:00:00,10800,NE0003,2026-08-19 08:00:00,201600,10800,201500,10800,2026-08-19-08
2026-08-19-08,2026-08-19 08:00:00,10800,NE0006,2026-08-19 08:00:00,201600,10800,201500,10800,2026-08-19-08
2026-08-19-08,2026-08-19 08:00:00,10800,NE0009,2026-08-19 08:00:00,201600,10800,201500,10800,2026-08-19-08
2026-08-19-08,2026-08-19 08:00:00,10800,NE0012,2026-08-19 08:00:00,201600,10800,201500,10800,2026-08-19-08
2026-08-19-08,2026-08-19 08:00:00,10800,NE0015,2026-08-19 08:00:00,201600,10800,201500,10800,2026-08-19-08
2026-08-19-08,2026-08-19 08:00:00,10800,NE0018,2026-08-19 08:00:00,201600,10800,201500,10800,2026-08-19-08
2026-08-19-08,2026-08-19 08:00:00,10800,NE0021,2026-08-19 08:00:00,201600,10800,201500,10800,2026-08-19-08
2026-08-19-08,2026-08-19 08:00:00,10800,NE0024,2026-08-19 08:00:00,201600,10800,201500,10800,2026-08-19-08
2026-08-19-08,2026-08-19 08:00:00,10800,NE0027,2026-08-19 08:00:00,201600,10800,201500,10800,2026-08-19-08
2026-08-19-08,2026-08-19 08:00:00,10800,NE0030,2026-08-19 08:00:00,201600,10800,201500,10800,2026-08-19-08
2026-08-19-09,2026-08-19 09:00:00,10800,NE0001,2026-08-19 09:00:00,205200,10800,205100,10800,2026-08-19-09
2026-08-19-09,2026-08-19 09:00:00,10800,NE0004,2026-08-19 09:00:00,205200,10800,205100,10800,2026-08-19-09
2026-08-19-09,2026-08-19 09:00:00,10800,NE0007,2026-08-19 09:00:00,205200,10800,205100,10800,2026-08-19-09
2026-08-19-09,2026-08-19 09:00:00,10800,NE0010,2026-08-19 09:00:00,205200,10800,205100,10800,2026-08-19-09
2026-08-19-09,2026-08-19 09:00:00,10800,NE0013,2026-08-19 09:00:00,205200,10800,205100,10800,2026-08-19-09
2026-08-19-09,2026-08-19 09:00:00,10800,NE0016,2026-08-19 09:00:00,205200,10800,205100,10800,2026-08-19-09
2026-08-19-09,2026-08-19 09:00:00,10800,NE0019,2026-08-19 09:00:00,205200,10800,205100,10800,2026-08-19-09
2026-08-19-09,2026-08-19 09:00:00,10800,NE0022,2026-08-19 09:00:00,205200,10800,205100,10800,2026-08-19-09
2026-08-19-09,2026-08-19 09:00:00,10800,NE0025,2026-08-19 09:00:00,205200,10800,205100,10800,2026-08-19-09
2026-08-19-09,2026-08-19 09:00:00,10800,NE0028,2026-08-19 09:00:00,205200,10800,205100,10800,2026-08-19-09
2026-08-19-10,2026-08-19 10:00:00,10800,NE0002,2026-08-19 10:00:00,208800,10800,208700,10800,2026-08-19-10
2026-08-19-10,2026-08-19 10:00:00,10800,NE0005,2026-08-19 10:00:00,208800,10800,208700,10800,2026-08-19-10
2026-08-19-10,2026-08-19 10:00:00,10800,NE0008,2026-08-19 10:00:00,208800,10800,208700,10800,2026-08-19-10
2026-08-19-10,2026-08-19 10:00:00,10800,NE0011,2026-08-19 10:00:00,208800,10800,208700,10800,2026-08-19-10
2026-08-19-10,2026-08-19 10:00:00,10800,NE0014,2026-08-19 10:00:00,208800,10800,208700,10800,2026-08-19-10
2026-08-19-10,2026-08-19 10:00:00,10800,NE0017,2026-08-19 10:00:00,208800,10800,208700,10800,2026-08-19-10
2026-08-19-10,2026-08-19 10:00:00,10800,NE0020,2026-08-19 10:00:00,208800,10800,208700,10800,2026-08-19-10
2026-08-19-10,2026-08-19 10:00:00,10800,NE0023,2026-08-19 10:00:00,208800,10800,208700,10800,2026-08-19-10
2026-08-19-10,2026-08-19 10:00:00,10800,NE0026,2026-08-19 10:00:00,208800,10800,208700,10800,2026-08-19-10
2026-08-19-10,2026-08-19 10:00:00,10800,NE0029,2026-08-19 10:00:00,208800,10800,208700,10800,2026-08-19-10
2026-08-19-11,2026-08-19 11:00:00,10800,NE0003,2026-08-19 11:00:00,212400,10800,212300,10800,2026-08-19-11
2026-08-19-11,2026-08-19 11:00:00,10800,NE0006,2026-08-19 11:00:00,212400,10800,212300,10800,2026-08-19-11
2026-08-19-11,2026-08-19 11:00:00,10800,NE0009,2026-08-19 11:00:00,212400,10800,212300,10800,2026-08-19-11
2026-08-19-11,2026-08-19 11:00:00,10800,NE0012,2026-08-19 11:00:00,212400,10800,212300,10800,2026-08-19-11
2026-08-19-11,2026-08-19 11:00:00,10800,NE0015,2026-08-19 11:00:00,212400,10800,212300,10800,2026-08-19-11
2026-08-19-11,2026-08-19 11:00:00,10800,NE0018,2026-08-19 11:00:00,212400,10800,212300,10800,2026-08-19-11
2026-08-19-11,2026-08-19 11:00:00,10800,NE0021,2026-08-19 11:00:00,212400,10800,212300,10800,2026-08-19-11
2026-08-19-11,2026-08-19 11:00:00,10800,NE0024,2026-08-19 11:00:00,212400,10800,212300,10800,2026-08-19-11
2026-08-19-11,2026-08-19 11:00:00,10800,NE0027,2026-08-19 11:00:00,212400,10800,212300,10800,2026-08-19-11
2026-08-19-11,2026-08-19 11:00:00,10800,NE0030,2026-08-19 11:00:00,212400,10800,212300,10800,2026-08-19-11
2026-08-19-12,2026-08-19 12:00:00,10800,NE0001,2026-08-19 12:00:00,216000,10800,215900,10800,2026-08-19-12
2026-08-19-12,2026-08-19 12:00:00,10800,NE0004,2026-08-19 12:00:00,216000,10800,215900,10800,2026-08-19-12
2026-08-19-12,2026-08-19 12:00:00,10800,NE0007,2026-08-19 12:00:00,216000,10800,215900,10800,2026-08-19-12
2026-08-19-12,2026-08-19 12:00:00,10800,NE0010,2026-08-19 12:00:00,216000,10800,215900,10800,2026-08-19-12
2026-08-19-12,2026-08-19 12:00:00,10800,NE0013,2026-08-19 12:00:00,216000,10800,215900,10800,2026-08-19-12
2026-08-19-12,2026-08-19 12:00:00,10800,NE0016,2026-08-19 12:00:00,216000,10800,215900,10800,2026-08-19-12
2026-08-19-12,2026-08-19 12:00:00,10800,NE0019,2026-08-19 12:00:00,216000,10800,215900,10800,2026-08-19-12
2026-08-19-12,2026-08-19 12:00:00,10800,NE0022,2026-08-19 12:00:00,216000,10800,215900,10800,2026-08-19-12
2026-08-19-12,2026-08-19 12:00:00,10800,NE0025,2026-08-19 12:00:00,216000,10800,215900,10800,2026-08-19-12
2026-08-19-12,2026-08-19 12:00:00,10800,NE0028,2026-08-19 12:00:00,216000,10800,215900,10800,2026-08-19-12
2026-08-19-13,2026-08-19 13:00:00,10800,NE0002,2026-08-19 13:00:00,219600,10800,219500,10800,2026-08-19-13
2026-08-19-13,2026-08-19 13:00:00,10800,NE0005,2026-08-19 13:00:00,219600,10800,219500,10800,2026-08-19-13
2026-08-19-13,2026-08-19 13:00:00,10800,NE0008,2026-08-19 13:00:00,219600,10800,219500,10800,2026-08-19-13
2026-08-19-13,2026-08-19 13:00:00,10800,NE0011,2026-08-19 13:00:00,219600,10800,219500,10800,2026-08-19-13
2026-08-19-13,2026-08-19 13:00:00,10800,NE0014,2026-08-19 13:00:00,219600,10800,219500,10800,2026-08-19-13
2026-08-19-13,2026-08-19 13:00:00,10800,NE0017,2026-08-19 13:00:00,219600,10800,219500,10800,2026-08-19-13
2026-08-19-13,2026-08-19 13:00:00,10800,NE0020,2026-08-19 13:00:00,219600,10800,219500,10800,2026-08-19-13
2026-08-19-13,2026-08-19 13:00:00,10800,NE0023,2026-08-19 13:00:00,219600,10800,219500,10800,2026-08-19-13
2026-08-19-13,2026-08-19 13:00:00,10800,NE0026,2026-08-19 13:00:00,219600,10800,219500,10800,2026-08-19-13
2026-08-19-13,2026-08-19 13:00:00,10800,NE0029,2026-08-19 13:00:00,219600,10800,219500,10800,2026-08-19-13
2026-08-19-14,2026-08-19 14:00:00,10800,NE0003,2026-08-19 14:00:00,223200,10800,223100,10800,2026-08-19-14
2026-08-19-14,2026-08-19 14:00:00,10800,NE0006,2026-08-19 14:00:00,223200,10800,223100,10800,2026-08-19-14
2026-08-19-14,2026-08-19 14:00:00,10800,NE0009,2026-08-19 14:00:00,223200,10800,223100,10800,2026-08-19-14
2026-08-19-14,2026-08-19 14:00:00,10800,NE0012,2026-08-19 14:00:00,223200,10800,223100,10800,2026-08-19-14
2026-08-19-14,2026-08-19 14:00:00,10800,NE0015,2026-08-19 14:00:00,223200,10800,223100,10800,2026-08-19-14
2026-08-19-14,2026-08-19 14:00:00,10800,NE0018,2026-08-19 14:00:00,223200,10800,223100,10800,2026-08-19-14
2026-08-19-14,2026-08-19 14:00:00,10800,NE0021,2026-08-19 14:00:00,223200,10800,223100,10800,2026-08-19-14
2026-08-19-14,2026-08-19 14:00:00,10800,NE0024,2026-08-19 14:00:00,223200,10800,223100,10800,2026-08-19-14
2026-08-19-14,2026-08-19 14:00:00,10800,NE0027,2026-08-19 14:00:00,223200,10800,223100,10800,2026-08-19-14
2026-08-19-14,2026-08-19 14:00:00,10800,NE0030,2026-08-19 14:00:00,223200,10800,223100,10800,2026-08-19-14
2026-08-19-15,2026-08-19 15:00:00,10800,NE0001,2026-08-19 15:00:00,226800,10800,226700,10800,2026-08-19-15
2026-08-19-15,2026-08-19 15:00:00,10800,NE0004,2026-08-19 15:00:00,226800,10800,226700,10800,2026-08-19-15
2026-08-19-15,2026-08-19 15:00:00,10800,NE0007,2026-08-19 15:00:00,226800,10800,226700,10800,2026-08-19-15
2026-08-19-15,2026-08-19 15:00:00,10800,NE0010,2026-08-19 15:00:00,226800,10800,226700,10800,2026-08-19-15
2026-08-19-15,2026-08-19 15:00:00,10800,NE0013,2026-08-19 15:00:00,226800,10800,226700,10800,2026-08-19-15
2026-08-19-15,2026-08-19 15:00:00,10800,NE0016,2026-08-19 15:00:00,226800,10800,226700,10800,2026-08-19-15
2026-08-19-15,2026-08-19 15:00:00,10800,NE0019,2026-08-19 15:00:00,226800,10800,226700,10800,2026-08-19-15
2026-08-19-15,2026-08-19 15:00:00,10800,NE0022,2026-08-19 15:00:00,226800,10800,226700,10800,2026-08-19-15
2026-08-19-15,2026-08-19 15:00:00,10800,NE0025,2026-08-19 15:00:00,226800,10800,226700,10800,2026-08-19-15
2026-08-19-15,2026-08-19 15:00:00,10800,NE0028,2026-08-19 15:00:00,226800,10800,226700,10800,2026-08-19-15
2026-08-19-16,2026-08-19 16:00:00,10800,NE0002,2026-08-19 16:00:00,230400,10800,230300,10800,2026-08-19-16
2026-08-19-16,2026-08-19 16:00:00,10800,NE0005,2026-08-19 16:00:00,230400,10800,230300,10800,2026-08-19-16
2026-08-19-16,2026-08-19 16:00:00,10800,NE0008,2026-08-19 16:00:00,230400,10800,230300,10800,2026-08-19-16
2026-08-19-16,2026-08-19 16:00:00,10800,NE0011,2026-08-19 16:00:00,230400,10800,230300,10800,2026-08-19-16
2026-08-19-16,2026-08-19 16:00:00,10800,NE0014,2026-08-19 16:00:00,230400,10800,230300,10800,2026-08-19-16
2026-08-19-16,2026-08-19 16:00:00,10800,NE0017,2026-08-19 16:00:00,230400,10800,230300,10800,2026-08-19-16
2026-08-19-16,2026-08-19 16:00:00,10800,NE0020,2026-08-19 16:00:00,230400,10800,230300,10800,2026-08-19-16
2026-08-19-16,2026-08-19 16:00:00,10800,NE0023,2026-08-19 16:00:00,230400,10800,230300,10800,2026-08-19-16
2026-08-19-16,2026-08-19 16:00:00,10800,NE0026,2026-08-19 16:00:00,230400,10800,230300,10800,2026-08-19-16
2026-08-19-16,2026-08-19 16:00:00,10800,NE0029,2026-08-19 16:00:00,230400,10800,230300,10800,2026-08-19-16
2026-08-19-17,2026-08-19 17:00:00,10800,NE0003,2026-08-19 17:00:00,234000,10800,233900,10800,2026-08-19-17
2026-08-19-17,2026-08-19 17:00:00,10800,NE0006,2026-08-19 17:00:00,234000,10800,233900,10800,2026-08-19-17
2026-08-19-17,2026-08-19 17:00:00,10800,NE0009,2026-08-19 17:00:00,234000,10800,233900,10800,2026-08-19-17
2026-08-19-17,2026-08-19 17:00:00,10800,NE0012,2026-08-19 17:00:00,234000,10800,233900,10800,2026-08-19-17
2026-08-19-17,2026-08-19 17:00:00,10800,NE0015,2026-08-19 17:00:00,234000,10800,233900,10800,2026-08-19-17
2026-08-19-17,2026-08-19 17:00:00,10800,NE0018,2026-08-19 17:00:00,234000,10800,233900,10800,2026-08-19-17
2026-08-19-17,2026-08-19 17:00:00,10800,NE0021,2026-08-19 17:00:00,234000,10800,233900,10800,2026-08-19-17
2026-08-19-17,2026-08-19 17:00:00,10800,NE0024,2026-08-19 17:00:00,234000,10800,233900,10800,2026-08-19-17
2026-08-19-17,2026-08-19 17:00:00,10800,NE0027,2026-08-19 17:00:00,234000,10800,233900,10800,2026-08-19-17
2026-08-19-17,2026-08-19 17:00:00,10800,NE0030,2026-08-19 17:00:00,234000,10800,233900,10800,2026-08-19-17
2026-08-19-18,2026-08-19 18:00:00,10800,NE0001,2026-08-19 18:00:00,237600,10800,237500,10800,2026-08-19-18
2026-08-19-18,2026-08-19 18:00:00,10800,NE0004,2026-08-19 18:00:00,237600,10800,237500,10800,2026-08-19-18
2026-08-19-18,2026-08-19 18:00:00,10800,NE0007,2026-08-19 18:00:00,237600,10800,237500,10800,2026-08-19-18
2026-08-19-18,2026-08-19 18:00:00,10800,NE0010,2026-08-19 18:00:00,237600,10800,237500,10800,2026-08-19-18
2026-08-19-18,2026-08-19 18:00:00,10800,NE0013,2026-08-19 18:00:00,237600,10800,237500,10800,2026-08-19-18
2026-08-19-18,2026-08-19 18:00:00,10800,NE0016,2026-08-19 18:00:00,237600,10800,237500,10800,2026-08-19-18
2026-08-19-18,2026-08-19 18:00:00,10800,NE0019,2026-08-19 18:00:00,237600,10800,237500,10800,2026-08-19-18
2026-08-19-18,2026-08-19 18:00:00,10800,NE0022,2026-08-19 18:00:00,237600,10800,237500,10800,2026-08-19-18
2026-08-19-18,2026-08-19 18:00:00,10800,NE0025,2026-08-19 18:00:00,237600,10800,237500,10800,2026-08-19-18
2026-08-19-18,2026-08-19 18:00:00,10800,NE0028,2026-08-19 18:00:00,237600,10800,237500,10800,2026-08-19-18
2026-08-19-19,2026-08-19 19:00:00,10800,NE0002,2026-08-19 19:00:00,241200,10800,241100,10800,2026-08-19-19
2026-08-19-19,2026-08-19 19:00:00,10800,NE0005,2026-08-19 19:00:00,241200,10800,241100,10800,2026-08-19-19
2026-08-19-19,2026-08-19 19:00:00,10800,NE0008,2026-08-19 19:00:00,241200,10800,241100,10800,2026-08-19-19
2026-08-19-19,2026-08-19 19:00:00,10800,NE0011,2026-08-19 19:00:00,241200,10800,241100,10800,2026-08-19-19
2026-08-19-19,2026-08-19 19:00:00,10800,NE0014,2026-08-19 19:00:00,241200,10800,241100,10800,2026-08-19-19
2026-08-19-19,2026-08-19 19:00:00,10800,NE0017,2026-08-19 19:00:00,241200,10800,241100,10800,2026-08-19-19
2026-08-19-19,2026-08-19 19:00:00,10800,NE0020,2026-08-19 19:00:00,241200,10800,241100,10800,2026-08-19-19
2026-08-19-19,2026-08-19 19:00:00,10800,NE0023,2026-08-19 19:00:00,241200,10800,241100,10800,2026-08-19-19
2026-08-19-19,2026-08-19 19:00:00,10800,NE0026,2026-08-19 19:00:00,241200,10800,241100,10800,2026-08-19-19
2026-08-19-19,2026-08-19 19:00:00,10800,NE0029,2026-08-19 19:00:00,241200,10800,241100,10800,2026-08-19-19
2026-08-19-20,2026-08-19 20:00:00,10800,NE0003,2026-08-19 20:00:00,244800,10800,244700,10800,2026-08-19-20
2026-08-19-20,2026-08-19 20:00:00,10800,NE0006,2026-08-19 20:00:00,244800,10800,244700,10800,2026-08-19-20
2026-08-19-20,2026-08-19 20:00:00,10800,NE0009,2026-08-19 20:00:00,244800,10800,244700,10800,2026-08-19-20
2026-08-19-20,2026-08-19 20:00:00,10800,NE0012,2026-08-19 20:00:00,244800,10800,244700,10800,2026-08-19-20
2026-08-19-20,2026-08-19 20:00:00,10800,NE0015,2026-08-19 20:00:00,244800,10800,244700,10800,2026-08-19-20
2026-08-19-20,2026-08-19 20:00:00,10800,NE0018,2026-08-19 20:00:00,244800,10800,244700,10800,2026-08-19-20
2026-08-19-20,2026-08-19 20:00:00,10800,NE0021,2026-08-19 20:00:00,244800,10800,244700,10800,2026-08-19-20
2026-08-19-20,2026-08-19 20:00:00,10800,NE0024,2026-08-19 20:00:00,244800,10800,244700,10800,2026-08-19-20
2026-08-19-20,2026-08-19 20:00:00,10800,NE0027,2026-08-19 20:00:00,244800,10800,244700,10800,2026-08-19-20
2026-08-19-20,2026-08-19 20:00:00,10800,NE0030,2026-08-19 20:00:00,244800,10800,244700,10800,2026-08-19-20
2026-08-19-21,2026-08-19 21:00:00,10800,NE0001,2026-08-19 21:00:00,248400,10800,248300,10800,2026-08-19-21
2026-08-19-21,2026-08-19 21:00:00,10800,NE0004,2026-08-19 21:00:00,248400,10800,248300,10800,2026-08-19-21
2026-08-19-21,2026-08-19 21:00:00,10800,NE0007,2026-08-19 21:00:00,248400,10800,248300,10800,2026-08-19-21
2026-08-19-21,2026-08-19 21:00:00,10800,NE0010,2026-08-19 21:00:00,248400,10800,248300,10800,2026-08-19-21
2026-08-19-21,2026-08-19 21:00:00,10800,NE0013,2026-08-19 21:00:00,248400,10800,248300,10800,2026-08-19-21
2026-08-19-21,2026-08-19 21:00:00,10800,NE0016,2026-08-19 21:00:00,248400,10800,248300,10800,2026-08-19-21
2026-08-19-21,2026-08-19 21:00:00,10800,NE0019,2026-08-19 21:00:00,248400,10800,248300,10800,2026-08-19-21
2026-08-19-21,2026-08-19 21:00:00,10800,NE0022,2026-08-19 21:00:00,248400,10800,248300,10800,2026-08-19-21
2026-08-19-21,2026-08-19 21:00:00,10800,NE0025,2026-08-19 21:00:00,248400,10800,248300,10800,2026-08-19-21
2026-08-19-21,2026-08-19 21:00:00,10800,NE0028,2026-08-19 21:00:00,248400,10800,248300,10800,2026-08-19-21
2026-08-19-22,2026-08-19 22:00:00,10800,NE0002,2026-08-19 22:00:00,252000,10800,251900,10800,2026-08-19-22
2026-08-19-22,2026-08-19 22:00:00,10800,NE0005,2026-08-19 22:00:00,252000,10800,251900,10800,2026-08-19-22
2026-08-19-22,2026-08-19 22:00:00,10800,NE0008,2026-08-19 22:00:00,252000,10800,251900,10800,2026-08-19-22
2026-08-19-22,2026-08-19 22:00:00,10800,NE0011,2026-08-19 22:00:00,252000,10800,251900,10800,2026-08-19-22
2026-08-19-22,2026-08-19 22:00:00,10800,NE0014,2026-08-19 22:00:00,252000,10800,251900,10800,2026-08-19-22
2026-08-19-22,2026-08-19 22:00:00,10800,NE0017,2026-08-19 22:00:00,252000,10800,251900,10800,2026-08-19-22
2026-08-19-22,2026-08-19 22:00:00,10800,NE0020,2026-08-19 22:00:00,252000,10800,251900,10800,2026-08-19-22
2026-08-19-22,2026-08-19 22:00:00,10800,NE0023,2026-08-19 22:00:00,252000,10800,251900,10800,2026-08-19-22
2026-08-19-22,2026-08-19 22:00:00,10800,NE0026,2026-08-19 22:00:00,252000,10800,251900,10800,2026-08-19-22
2026-08-19-22,2026-08-19 22:00:00,10800,NE0029,2026-08-19 22:00:00,252000,10800,251900,10800,2026-08-19-22
2026-08-19-23,2026-08-19 23:00:00,10800,NE0003,2026-08-19 23:00:00,255600,10800,255500,10800,2026-08-19-23
2026-08-19-23,2026-08-19 23:00:00,10800,NE0006,2026-08-19 23:00:00,255600,10800,255500,10800,2026-08-19-23
2026-08-19-23,2026-08-19 23:00:00,10800,NE0009,2026-08-19 23:00:00,255600,10800,255500,10800,2026-08-19-23
2026-08-19-23,2026-08-19 23:00:00,10800,NE0012,2026-08-19 23:00:00,255600,10800,255500,10800,2026-08-19-23
2026-08-19-23,2026-08-19 23:00:00,10800,NE0015,2026-08-19 23:00:00,255600,10800,255500,10800,2026-08-19-23
2026-08-19-23,2026-08-19 23:00:00,10800,NE0018,2026-08-19 23:00:00,255600,10800,255500,10800,2026-08-19-23
2026-08-19-23,2026-08-19 23:00:00,10800,NE0021,2026-08-19 23:00:00,255600,10800,255500,10800,2026-08-19-23
2026-08-19-23,2026-08-19 23:00:00,10800,NE0024,2026-08-19 23:00:00,255600,10800,255500,10800,2026-08-19-23
2026-08-19-23,2026-08-19 23:00:00,10800,NE0027,2026-08-19 23:00:00,255600,10800,255500,10800,2026-08-19-23
2026-08-19-23,2026-08-19 23:00:00,10800,NE0030,2026-08-19 23:00:00,255600,10800,255500,10800,2026-08-19-23
2026-08-20-00,2026-08-20 00:00:00,10800,NE0001,2026-08-20 00:00:00,259200,10800,259100,10800,2026-08-20-00
2026-08-20-00,2026-08-20 00:00:00,10800,NE0004,2026-08-20 00:00:00,259200,10800,259100,10800,2026-08-20-00
2026-08-20-00,2026-08-20 00:00:00,10800,NE0007,2026-08-20 00:00:00,259200,10800,259100,10800,2026-08-20-00
2026-08-20-00,2026-08-20 00:00:00,10800,NE0010,2026-08-20 00:00:00,259200,10800,259100,10800,2026-08-20-00
2026-08-20-00,2026-08-20 00:00:00,10800,NE0013,2026-08-20 00:00:00,259200,10800,259100,10800,2026-08-20-00
2026-08-20-00,2026-08-20 00:00:00,10800,NE0016,2026-08-20 00:00:00,259200,10800,259100,10800,2026-08-20-00
2026-08-20-00,2026-08-20 00:00:00,10800,NE0019,2026-08-20 00:00:00,259200,10800,259100,10800,2026-08-20-00
2026-08-20-00,2026-08-20 00:00:00,10800,NE0022,2026-08-20 00:00:00,259200,10800,259100,10800,2026-08-20-00
2026-08-20-00,2026-08-20 00:00:00,10800,NE0025,2026-08-20 00:00:00,259200,10800,259100,10800,2026-08-20-00
2026-08-20-00,2026-08-20 00:00:00,10800,NE0028,2026-08-20 00:00:00,259200,10800,259100,10800,2026-08-20-00
2026-08-20-01,2026-08-20 01:00:00,10800,NE0002,2026-08-20 01:00:00,262800,10800,262700,10800,2026-08-20-01
2026-08-20-01,2026-08-20 01:00:00,10800,NE0005,2026-08-20 01:00:00,262800,10800,262700,10800,2026-08-20-01
2026-08-20-01,2026-08-20 01:00:00,10800,NE0008,2026-08-20 01:00:00,262800,10800,262700,10800,2026-08-20-01
2026-08-20-01,2026-08-20 01:00:00,10800,NE0011,2026-08-20 01:00:00,262800,10800,262700,10800,2026-08-20-01
2026-08-20-01,2026-08-20 01:00:00,10800,NE0014,2026-08-20 01:00:00,262800,10800,262700,10800,2026-08-20-01
2026-08-20-01,2026-08-20 01:00:00,10800,NE0017,2026-08-20 01:00:00,262800,10800,262700,10800,2026-08-20-01
2026-08-20-01,2026-08-20 01:00:00,10800,NE0020,2026-08-20 01:00:00,262800,10800,262700,10800,2026-08-20-01
2026-08-20-01,2026-08-20 01:00:00,10800,NE0023,2026-08-20 01:00:00,262800,10800,262700,10800,2026-08-20-01
2026-08-20-01,2026-08-20 01:00:00,10800,NE0026,2026-08-20 01:00:00,262800,10800,262700,10800,2026-08-20-01
2026-08-20-01,2026-08-20 01:00:00,10800,NE0029,2026-08-20 01:00:00,262800,10800,262700,10800,2026-08-20-01
2026-08-20-02,2026-08-20 02:00:00,10800,NE0003,2026-08-20 02:00:00,266400,10800,266300,10800,2026-08-20-02
2026-08-20-02,2026-08-20 02:00:00,10800,NE0006,2026-08-20 02:00:00,266400,10800,266300,10800,2026-08-20-02
2026-08-20-02,2026-08-20 02:00:00,10800,NE0009,2026-08-20 02:00:00,266400,10800,266300,10800,2026-08-20-02
2026-08-20-02,2026-08-20 02:00:00,10800,NE0012,2026-08-20 02:00:00,266400,10800,266300,10800,2026-08-20-02
2026-08-20-02,2026-08-20 02:00:00,10800,NE0015,2026-08-20 02:00:00,266400,10800,266300,10800,2026-08-20-02
2026-08-20-02,2026-08-20 02:00:00,10800,NE0018,2026-08-20 02:00:00,266400,10800,266300,10800,2026-08-20-02
2026-08-20-02,2026-08-20 02:00:00,10800,NE0021,2026-08-20 02:00:00,266400,10800,266300,10800,2026-08-20-02
2026-08-20-02,2026-08-20 02:00:00,10800,NE0024,2026-08-20 02:00:00,266400,10800,266300,10800,2026-08-20-02
2026-08-20-02,2026-08-20 02:00:00,10800,NE0027,2026-08-20 02:00:00,266400,10800,266300,10800,2026-08-20-02
2026-08-20-02,2026-08-20 02:00:00,10800,NE0030,2026-08-20 02:00:00,266400,10800,266300,10800,2026-08-20-02
2026-08-20-03,2026-08-20 03:00:00,10800,NE0001,2026-08-20 03:00:00,270000,10800,269900,10800,2026-08-20-03
2026-08-20-03,2026-08-20 03:00:00,10800,NE0004,2026-08-20 03:00:00,270000,10800,269900,10800,2026-08-20-03
2026-08-20-03,2026-08-20 03:00:00,10800,NE0007,2026-08-20 03:00:00,270000,10800,269900,10800,2026-08-20-03
2026-08-20-03,2026-08-20 03:00:00,10800,NE0010,2026-08-20 03:00:00,270000,10800,269900,10800,2026-08-20-03
2026-08-20-03,2026-08-20 03:00:00,10800,NE0013,2026-08-20 03:00:00,270000,10800,269900,10800,2026-08-20-03
2026-08-20-03,2026-08-20 03:00:00,10800,NE0016,2026-08-20 03:00:00,270000,10800,269900,10800,2026-08-20-03
2026-08-20-03,2026-08-20 03:00:00,10800,NE0019,2026-08-20 03:00:00,270000,10800,269900,10800,2026-08-20-03
2026-08-20-03,2026-08-20 03:00:00,10800,NE0022,2026-08-20 03:00:00,270000,10800,269900,10800,2026-08-20-03
2026-08-20-03,2026-08-20 03:00:00,10800,NE0025,2026-08-20 03:00:00,270000,10800,269900,10800,2026-08-20-03
2026-08-20-03,2026-08-20 03:00:00,10800,NE0028,2026-08-20 03:00:00,270000,10800,269900,10800,2026-08-20-03
2026-08-20-04,2026-08-20 04:00:00,10800,NE0002,2026-08-20 04:00:00,273600,10800,273500,10800,2026-08-20-04
2026-08-20-04,2026-08-20 04:00:00,10800,NE0005,2026-08-20 04:00:00,273600,10800,273500,10800,2026-08-20-04
2026-08-20-04,2026-08-20 04:00:00,10800,NE0008,2026-08-20 04:00:00,273600,10800,273500,10800,2026-08-20-04
2026-08-20-04,2026-08-20 04:00:00,10800,NE0011,2026-08-20 04:00:00,273600,10800,273500,10800,2026-08-20-04
2026-08-20-04,2026-08-20 04:00:00,10800,NE0014,2026-08-20 04:00:00,273600,10800,273500,10800,2026-08-20-04
2026-08-20-04,2026-08-20 04:00:00,10800,NE0017,2026-08-20 04:00:00,273600,10800,273500,10800,2026-08-20-04
2026-08-20-04,2026-08-20 04:00:00,10800,NE0020,2026-08-20 04:00:00,273600,10800,273500,10800,2026-08-20-04
2026-08-20-04,2026-08-20 04:00:00,10800,NE0023,2026-08-20 04:00:00,273600,10800,273500,10800,2026-08-20-04
2026-08-20-04,2026-08-20 04:00:00,10800,NE0026,2026-08-20 04:00:00,273600,10800,273500,10800,2026-08-20-04
2026-08-20-04,2026-08-20 04:00:00,10800,NE0029,2026-08-20 04:00:00,273600,10800,273500,10800,2026-08-20-04
2026-08-20-05,2026-08-20 05:00:00,10800,NE0003,2026-08-20 05:00:00,277200,10800,277100,10800,2026-08-20-05
2026-08-20-05,2026-08-20 05:00:00,10800,NE0006,2026-08-20 05:00:00,277200,10800,277100,10800,2026-08-20-05
2026-08-20-05,2026-08-20 05:00:00,10800,NE0009,2026-08-20 05:00:00,277200,10800,277100,10800,2026-08-20-05
2026-08-20-05,2026-08-20 05:00:00,10800,NE0012,2026-08-20 05:00:00,277200,10800,277100,10800,2026-08-20-05
2026-08-20-05,2026-08-20 05:00:00,10800,NE0015,2026-08-20 05:00:00,277200,10800,277100,10800,2026-08-20-05
2026-08-20-05,2026-08-20 05:00:00,10800,NE0018,2026-08-20 05:00:00,277200,10800,277100,10800,2026-08-20-05
2026-08-20-05,2026-08-20 05:00:00,10800,NE0021,2026-08-20 05:00:00,277200,10800,277100,10800,2026-08-20-05
2026-08-20-05,2026-08-20 05:00:00,10800,NE0024,2026-08-20 05:00:00,277200,10800,277100,10800,2026-08-20-05
2026-08-20-05,2026-08-20 05:00:00,10800,NE0027,2026-08-20 05:00:00,277200,10800,277100,10800,2026-08-20-05
2026-08-20-05,2026-08-20 05:00:00,10800,NE0030,2026-08-20 05:00:00,277200,10800,277100,10800,2026-08-20-05
2026-08-20-06,2026-08-20 06:00:00,10800,NE0001,2026-08-20 06:00:00,280800,10800,280700,10800,2026-08-20-06
2026-08-20-06,2026-08-20 06:00:00,10800,NE0004,2026-08-20 06:00:00,280800,10800,280700,10800,2026-08-20-06
2026-08-20-06,2026-08-20 06:00:00,10800,NE0007,2026-08-20 06:00:00,280800,10800,280700,10800,2026-08-20-06
2026-08-20-06,2026-08-20 06:00:00,10800,NE0010,2026-08-20 06:00:00,280800,10800,280700,10800,2026-08-20-06
2026-08-20-06,2026-08-20 06:00:00,10800,NE0013,2026-08-20 06:00:00,280800,10800,280700,10800,2026-08-20-06
2026-08-20-06,2026-08-20 06:00:00,10800,NE0016,2026-08-20 06:00:00,280800,10800,280700,10800,2026-08-20-06
2026-08-20-06,2026-08-20 06:00:00,10800,NE0019,2026-08-20 06:00:00,280800,10800,280700,10800,2026-08-20-06
2026-08-20-06,2026-08-20 06:00:00,10800,NE0022,2026-08-20 06:00:00,280800,10800,280700,10800,2026-08-20-06
2026-08-20-06,2026-08-20 06:00:00,10800,NE0025,2026-08-20 06:00:00,280800,10800,280700,10800,2026-08-20-06
2026-08-20-06,2026-08-20 06:00:00,10800,NE0028,2026-08-20 06:00:00,280800,10800,280700,10800,2026-08-20-06
2026-08-20-07,2026-08-20 07:00:00,10800,NE0002,2026-08-20 07:00:00,284400,10800,284300,10800,2026-08-20-07
2026-08-20-07,2026-08-20 07:00:00,10800,NE0005,2026-08-20 07:00:00,284400,10800,284300,10800,2026-08-20-07
2026-08-20-07,2026-08-20 07:00:00,10800,NE0008,2026-08-20 07:00:00,284400,10800,284300,10800,2026-08-20-07
2026-08-20-07,2026-08-20 07:00:00,10800,NE0011,2026-08-20 07:00:00,284400,10800,284300,10800,2026-08-20-07
2026-08-20-07,2026-08-20 07:00:00,10800,NE0014,2026-08-20 07:00:00,284400,10800,284300,10800,2026-08-20-07
2026-08-20-07,2026-08-20 07:00:00,10800,NE0017,2026-08-20 07:00:00,284400,10800,284300,10800,2026-08-20-07
2026-08-20-07,2026-08-20 07:00:00,10800,NE0020,2026-08-20 07:00:00,284400,10800,284300,10800,2026-08-20-07
2026-08-20-07,2026-08-20 07:00:00,10800,NE0023,2026-08-20 07:00:00,284400,10800,284300,10800,2026-08-20-07
2026-08-20-07,2026-08-20 07:00:00,10800,NE0026,2026-08-20 07:00:00,284400,10800,284300,10800,2026-08-20-07
2026-08-20-07,2026-08-20 07:00:00,10800,NE0029,2026-08-20 07:00:00,284400,10800,284300,10800,2026-08-20-07
2026-08-20-08,2026-08-20 08:00:00,10800,NE0003,2026-08-20 08:00:00,288000,10800,287900,10800,2026-08-20-08
2026-08-20-08,2026-08-20 08:00:00,10800,NE0006,2026-08-20 08:00:00,288000,10800,287900,10800,2026-08-20-08
2026-08-20-08,2026-08-20 08:00:00,10800,NE0009,2026-08-20 08:00:00,288000,10800,287900,10800,2026-08-20-08
2026-08-20-08,2026-08-20 08:00:00,10800,NE0012,2026-08-20 08:00:00,288000,10800,287900,10800,2026-08-20-08
2026-08-20-08,2026-08-20 08:00:00,10800,NE0015,2026-08-20 08:00:00,288000,10800,287900,10800,2026-08-20-08
2026-08-20-08,2026-08-20 08:00:00,10800,NE0018,2026-08-20 08:00:00,288000,10800,287900,10800,2026-08-20-08
2026-08-20-08,2026-08-20 08:00:00,10800,NE0021,2026-08-20 08:00:00,288000,10800,287900,10800,2026-08-20-08
2026-08-20-08,2026-08-20 08:00:00,10800,NE0024,2026-08-20 08:00:00,288000,10800,287900,10800,2026-08-20-08
2026-08-20-08,2026-08-20 08:00:00,10800,NE0027,2026-08-20 08:00:00,288000,10800,287900,10800,2026-08-20-08
2026-08-20-08,2026-08-20 08:00:00,10800,NE0030,2026-08-20 08:00:00,288000,10800,287900,10800,2026-08-20-08
2026-08-20-09,2026-08-20 09:00:00,10800,NE0001,2026-08-20 09:00:00,291600,10800,291500,10800,2026-08-20-09
2026-08-20-09,2026-08-20 09:00:00,10800,NE0004,2026-08-20 09:00:00,291600,10800,291500,10800,2026-08-20-09
2026-08-20-09,2026-08-20 09:00:00,10800,NE0007,2026-08-20 09:00:00,291600,10800,291500,10800,2026-08-20-09
2026-08-20-09,2026-08-20 09:00:00,10800,NE0010,2026-08-20 09:00:00,291600,10800,291500,10800,2026-08-20-09
2026-08-20-09,2026-08-20 09:00:00,10800,NE0013,2026-08-20 09:00:00,291600,10800,291500,10800,2026-08-20-09
2026-08-20-09,2026-08-20 09:00:00,10800,NE0016,2026-08-20 09:00:00,291600,10800,291500,10800,2026-08-20-09
2026-08-20-09,2026-08-20 09:00:00,10800,NE0019,2026-08-20 09:00:00,291600,10800,291500,10800,2026-08-20-09
2026-08-20-09,2026-08-20 09:00:00,10800,NE0022,2026-08-20 09:00:00,291600,10800,291500,10800,2026-08-20-09
2026-08-20-09,2026-08-20 09:00:00,10800,NE0025,2026-08-20 09:00:00,291600,10800,291500,10800,2026-08-20-09
2026-08-20-09,2026-08-20 09:00:00,10800,NE0028,2026-08-20 09:00:00,291600,10800,291500,10800,2026-08-20-09
2026-08-20-10,2026-08-20 10:00:00,10800,NE0002,2026-08-20 10:00:00,295200,10800,295100,10800,2026-08-20-10
2026-08-20-10,2026-08-20 10:00:00,10800,NE0005,2026-08-20 10:00:00,295200,10800,295100,10800,2026-08-20-10
2026-08-20-10,2026-08-20 10:00:00,10800,NE0008,2026-08-20 10:00:00,295200,10800,295100,10800,2026-08-20-10
2026-08-20-10,2026-08-20 10:00:00,10800,NE0011,2026-08-20 10:00:00,295200,10800,295100,10800,2026-08-20-10
2026-08-20-10,2026-08-20 10:00:00,10800,NE0014,2026-08-20 10:00:00,295200,10800,295100,10800,2026-08-20-10
2026-08-20-10,2026-08-20 10:00:00,10800,NE0017,2026-08-20 10:00:00,295200,10800,295100,10800,2026-08-20-10
2026-08-20-10,2026-08-20 10:00:00,10800,NE0020,2026-08-20 10:00:00,295200,10800,295100,10800,2026-08-20-10
2026-08-20-10,2026-08-20 10:00:00,10800,NE0023,2026-08-20 10:00:00,295200,10800,295100,10800,2026-08-20-10
2026-08-20-10,2026-08-20 10:00:00,10800,NE0026,2026-08-20 10:00:00,295200,10800,295100,10800,2026-08-20-10
2026-08-20-10,2026-08-20 10:00:00,10800,NE0029,2026-08-20 10:00:00,295200,10800,295100,10800,2026-08-20-10
2026-08-20-11,2026-08-20 11:00:00,10800,NE0003,2026-08-20 11:00:00,298800,10800,298700,10800,2026-08-20-11
2026-08-20-11,2026-08-20 11:00:00,10800,NE0006,2026-08-20 11:00:00,298800,10800,298700,10800,2026-08-20-11
2026-08-20-11,2026-08-20 11:00:00,10800,NE0009,2026-08-20 11:00:00,298800,10800,298700,10800,2026-08-20-11
2026-08-20-11,2026-08-20 11:00:00,10800,NE0012,2026-08-20 11:00:00,298800,10800,298700,10800,2026-08-20-11
2026-08-20-11,2026-08-20 11:00:00,10800,NE0015,2026-08-20 11:00:00,298800,10800,298700,10800,2026-08-20-11
2026-08-20-11,2026-08-20 11:00:00,10800,NE0018,2026-08-20 11:00:00,298800,10800,298700,10800,2026-08-20-11
2026-08-20-11,2026-08-20 11:00:00,10800,NE0021,2026-08-20 11:00:00,298800,10800,298700,10800,2026-08-20-11
2026-08-20-11,2026-08-20 11:00:00,10800,NE0024,2026-08-20 11:00:00,298800,10800,298700,10800,2026-08-20-11
2026-08-20-11,2026-08-20 11:00:00,10800,NE0027,2026-08-20 11:00:00,298800,10800,298700,10800,2026-08-20-11
2026-08-20-11,2026-08-20 11:00:00,10800,NE0030,2026-08-20 11:00:00,298800,10800,298700,10800,2026-08-20-11
2026-08-20-12,2026-08-20 12:00:00,10800,NE0001,2026-08-20 12:00:00,302400,10800,302300,10800,2026-08-20-12
2026-08-20-12,2026-08-20 12:00:00,10800,NE0004,2026-08-20 12:00:00,302400,10800,302300,10800,2026-08-20-12
2026-08-20-12,2026-08-20 12:00:00,10800,NE0007,2026-08-20 12:00:00,302400,10800,302300,10800,2026-08-20-12
2026-08-20-12,2026-08-20 12:00:00,10800,NE0010,2026-08-20 12:00:00,302400,10800,302300,10800,2026-08-20-12
2026-08-20-12,2026-08-20 12:00:00,10800,NE0013,2026-08-20 12:00:00,302400,10800,302300,10800,2026-08-20-12
2026-08-20-12,2026-08-20 12:00:00,10800,NE0016,2026-08-20 12:00:00,302400,10800,302300,10800,2026-08-20-12
2026-08-20-12,2026-08-20 12:00:00,10800,NE0019,2026-08-20 12:00:00,302400,10800,302300,10800,2026-08-20-12
2026-08-20-12,2026-08-20 12:00:00,10800,NE0022,2026-08-20 12:00:00,302400,10800,302300,10800,2026-08-20-12
2026-08-20-12,2026-08-20 12:00:00,10800,NE0025,2026-08-20 12:00:00,302400,10800,302300,10800,2026-08-20-12
2026-08-20-12,2026-08-20 12:00:00,10800,NE0028,2026-08-20 12:00:00,302400,10800,302300,10800,2026-08-20-12
2026-08-20-13,2026-08-20 13:00:00,10800,NE0002,2026-08-20 13:00:00,306000,10800,305900,10800,2026-08-20-13
2026-08-20-13,2026-08-20 13:00:00,10800,NE0005,2026-08-20 13:00:00,306000,10800,305900,10800,2026-08-20-13
2026-08-20-13,2026-08-20 13:00:00,10800,NE0008,2026-08-20 13:00:00,306000,10800,305900,10800,2026-08-20-13
2026-08-20-13,2026-08-20 13:00:00,10800,NE0011,2026-08-20 13:00:00,306000,10800,305900,10800,2026-08-20-13
2026-08-20-13,2026-08-20 13:00:00,10800,NE0014,2026-08-20 13:00:00,306000,10800,305900,10800,2026-08-20-13
2026-08-20-13,2026-08-20 13:00:00,10800,NE0017,2026-08-20 13:00:00,306000,10800,305900,10800,2026-08-20-13
2026-08-20-13,2026-08-20 13:00:00,10800,NE0020,2026-08-20 13:00:00,306000,10800,305900,10800,2026-08-20-13
2026-08-20-13,2026-08-20 13:00:00,10800,NE0023,2026-08-20 13:00:00,306000,10800,305900,10800,2026-08-20-13
2026-08-20-13,2026-08-20 13:00:00,10800,NE0026,2026-08-20 13:00:00,306000,10800,305900,10800,2026-08-20-13
2026-08-20-13,2026-08-20 13:00:00,10800,NE0029,2026-08-20 13:00:00,306000,10800,305900,10800,2026-08-20-13
2026-08-20-14,2026-08-20 14:00:00,10800,NE0003,2026-08-20 14:00:00,309600,10800,309500,10800,2026-08-20-14
2026-08-20-14,2026-08-20 14:00:00,10800,NE0006,2026-08-20 14:00:00,309600,10800,309500,10800,2026-08-20-14
2026-08-20-14,2026-08-20 14:00:00,10800,NE0009,2026-08-20 14:00:00,309600,10800,309500,10800,2026-08-20-14
2026-08-20-14,2026-08-20 14:00:00,10800,NE0012,2026-08-20 14:00:00,309600,10800,309500,10800,2026-08-20-14
2026-08-20-14,2026-08-20 14:00:00,10800,NE0015,2026-08-20 14:00:00,309600,10800,309500,10800,2026-08-20-14
2026-08-20-14,2026-08-20 14:00:00,10800,NE0018,2026-08-20 14:00:00,309600,10800,309500,10800,2026-08-20-14
2026-08-20-14,2026-08-20 14:00:00,10800,NE0021,2026-08-20 14:00:00,309600,10800,309500,10800,2026-08-20-14
2026-08-20-14,2026-08-20 14:00:00,10800,NE0024,2026-08-20 14:00:00,309600,10800,309500,10800,2026-08-20-14
2026-08-20-14,2026-08-20 14:00:00,10800,NE0027,2026-08-20 14:00:00,309600,10800,309500,10800,2026-08-20-14
2026-08-20-14,2026-08-20 14:00:00,10800,NE0030,2026-08-20 14:00:00,309600,10800,309500,10800,2026-08-20-14
2026-08-20-15,2026-08-20 15:00:00,10800,NE0001,2026-08-20 15:00:00,313200,10800,313100,10800,2026-08-20-15
2026-08-20-15,2026-08-20 15:00:00,10800,NE0004,2026-08-20 15:00:00,313200,10800,313100,10800,2026-08-20-15
2026-08-20-15,2026-08-20 15:00:00,10800,NE0007,2026-08-20 15:00:00,313200,10800,313100,10800,2026-08-20-15
2026-08-20-15,2026-08-20 15:00:00,10800,NE0010,2026-08-20 15:00:00,313200,10800,313100,10800,2026-08-20-15
2026-08-20-15,2026-08-20 15:00:00,10800,NE0013,2026-08-20 15:00:00,313200,10800,313100,10800,2026-08-20-15
2026-08-20-15,2026-08-20 15:00:00,10800,NE0016,2026-08-20 15:00:00,313200,10800,313100,10800,2026-08-20-15
2026-08-20-15,2026-08-20 15:00:00,10800,NE0019,2026-08-20 15:00:00,313200,10800,313100,10800,2026-08-20-15
2026-08-20-15,2026-08-20 15:00:00,10800,NE0022,2026-08-20 15:00:00,313200,10800,313100,10800,2026-08-20-15
2026-08-20-15,2026-08-20 15:00:00,10800,NE0025,2026-08-20 15:00:00,313200,10800,313100,10800,2026-08-20-15
2026-08-20-15,2026-08-20 15:00:00,10800,NE0028,2026-08-20 15:00:00,313200,10800,313100,10800,2026-08-20-15
2026-08-20-16,2026-08-20 16:00:00,10800,NE0002,2026-08-20 16:00:00,316800,10800,316700,10800,2026-08-20-16
2026-08-20-16,2026-08-20 16:00:00,10800,NE0005,2026-08-20 16:00:00,316800,10800,316700,10800,2026-08-20-16
2026-08-20-16,2026-08-20 16:00:00,10800,NE0008,2026-08-20 16:00:00,316800,10800,316700,10800,2026-08-20-16
2026-08-20-16,2026-08-20 16:00:00,10800,NE0011,2026-08-20 16:00:00,316800,10800,316700,10800,2026-08-20-16
2026-08-20-16,2026-08-20 16:00:00,10800,NE0014,2026-08-20 16:00:00,316800,10800,316700,10800,2026-08-20-16
2026-08-20-16,2026-08-20 16:00:00,10800,NE0017,2026-08-20 16:00:00,316800,10800,316700,10800,2026-08-20-16
2026-08-20-16,2026-08-20 16:00:00,10800,NE0020,2026-08-20 16:00:00,316800,10800,316700,10800,2026-08-20-16
2026-08-20-16,2026-08-20 16:00:00,10800,NE0023,2026-08-20 16:00:00,316800,10800,316700,10800,2026-08-20-16
2026-08-20-16,2026-08-20 16:00:00,10800,NE0026,2026-08-20 16:00:00,316800,10800,316700,10800,2026-08-20-16
2026-08-20-16,2026-08-20 16:00:00,10800,NE0029,2026-08-20 16:00:00,316800,10800,316700,10800,2026-08-20-16
2026-08-20-17,2026-08-20 17:00:00,10800,NE0003,2026-08-20 17:00:00,320400,10800,320300,10800,2026-08-20-17
2026-08-20-17,2026-08-20 17:00:00,10800,NE0006,2026-08-20 17:00:00,320400,10800,320300,10800,2026-08-20-17
2026-08-20-17,2026-08-20 17:00:00,10800,NE0009,2026-08-20 17:00:00,320400,10800,320300,10800,2026-08-20-17
2026-08-20-17,2026-08-20 17:00:00,10800,NE0012,2026-08-20 17:00:00,320400,10800,320300,10800,2026-08-20-17
2026-08-20-17,2026-08-20 17:00:00,10800,NE0015,2026-08-20 17:00:00,320400,10800,320300,10800,2026-08-20-17
2026-08-20-17,2026-08-20 17:00:00,10800,NE0018,2026-08-20 17:00:00,320400,10800,320300,10800,2026-08-20-17
2026-08-20-17,2026-08-20 17:00:00,10800,NE0021,2026-08-20 17:00:00,320400,10800,320300,10800,2026-08-20-17
2026-08-20-17,2026-08-20 17:00:00,10800,NE0024,2026-08-20 17:00:00,320400,10800,320300,10800,2026-08-20-17
2026-08-20-17,2026-08-20 17:00:00,10800,NE0027,2026-08-20 17:00:00,320400,10800,320300,10800,2026-08-20-17
2026-08-20-17,2026-08-20 17:00:00,10800,NE0030,2026-08-20 17:00:00,320400,10800,320300,10800,2026-08-20-17
2026-08-20-18,2026-08-20 18:00:00,10800,NE0001,2026-08-20 18:00:00,324000,10800,323900,10800,2026-08-20-18
2026-08-20-18,2026-08-20 18:00:00,10800,NE0004,2026-08-20 18:00:00,324000,10800,323900,10800,2026-08-20-18
2026-08-20-18,2026-08-20 18:00:00,10800,NE0007,2026-08-20 18:00:00,324000,10800,323900,10800,2026-08-20-18
2026-08-20-18,2026-08-20 18:00:00,10800,NE0010,2026-08-20 18:00:00,324000,10800,323900,10800,2026-08-20-18
2026-08-20-18,2026-08-20 18:00:00,10800,NE0013,2026-08-20 18:00:00,324000,10800,323900,10800,2026-08-20-18
2026-08-20-18,2026-08-20 18:00:00,10800,NE0016,2026-08-20 18:00:00,324000,10800,323900,10800,2026-08-20-18
2026-08-20-18,2026-08-20 18:00:00,10800,NE0019,2026-08-20 18:00:00,324000,10800,323900,10800,2026-08-20-18
2026-08-20-18,2026-08-20 18:00:00,10800,NE0022,2026-08-20 18:00:00,324000,10800,323900,10800,2026-08-20-18
2026-08-20-18,2026-08-20 18:00:00,10800,NE0025,2026-08-20 18:00:00,324000,10800,323900,10800,2026-08-20-18
2026-08-20-18,2026-08-20 18:00:00,10800,NE0028,2026-08-20 18:00:00,324000,10800,323900,10800,2026-08-20-18
2026-08-20-19,2026-08-20 19:00:00,10800,NE0002,2026-08-20 19:00:00,327600,10800,327500,10800,2026-08-20-19
2026-08-20-19,2026-08-20 19:00:00,10800,NE0005,2026-08-20 19:00:00,327600,10800,327500,10800,2026-08-20-19
2026-08-20-19,2026-08-20 19:00:00,10800,NE0008,2026-08-20 19:00:00,327600,10800,327500,10800,2026-08-20-19
2026-08-20-19,2026-08-20 19:00:00,10800,NE0011,2026-08-20 19:00:00,327600,10800,327500,10800,2026-08-20-19
2026-08-20-19,2026-08-20 19:00:00,10800,NE0014,2026-08-20 19:00:00,327600,10800,327500,10800,2026-08-20-19
2026-08-20-19,2026-08-20 19:00:00,10800,NE0017,2026-08-20 19:00:00,327600,10800,327500,10800,2026-08-20-19
2026-08-20-19,2026-08-20 19:00:00,10800,NE0020,2026-08-20 19:00:00,327600,10800,327500,10800,2026-08-20-19
2026-08-20-19,2026-08-20 19:00:00,10800,NE0023,2026-08-20 19:00:00,327600,10800,327500,10800,2026-08-20-19
2026-08-20-19,2026-08-20 19:00:00,10800,NE0026,2026-08-20 19:00:00,327600,10800,327500,10800,2026-08-20-19
2026-08-20-19,2026-08-20 19:00:00,10800,NE0029,2026-08-20 19:00:00,327600,10800,327500,10800,2026-08-20-19
2026-08-20-20,2026-08-20 20:00:00,10800,NE0003,2026-08-20 20:00:00,331200,10800,331100,10800,2026-08-20-20
2026-08-20-20,2026-08-20 20:00:00,10800,NE0006,2026-08-20 20:00:00,331200,10800,331100,10800,2026-08-20-20
2026-08-20-20,2026-08-20 20:00:00,10800,NE0009,2026-08-20 20:00:00,331200,10800,331100,10800,2026-08-20-20
2026-08-20-20,2026-08-20 20:00:00,10800,NE0012,2026-08-20 20:00:00,331200,10800,331100,10800,2026-08-20-20
2026-08-20-20,2026-08-20 20:00:00,10800,NE0015,2026-08-20 20:00:00,331200,10800,331100,10800,2026-08-20-20
2026-08-20-20,2026-08-20 20:00:00,10800,NE0018,2026-08-20 20:00:00,331200,10800,331100,10800,2026-08-20-20
2026-08-20-20,2026-08-20 20:00:00,10800,NE0021,2026-08-20 20:00:00,331200,10800,331100,10800,2026-08-20-20
2026-08-20-20,2026-08-20 20:00:00,10800,NE0024,2026-08-20 20:00:00,331200,10800,331100,10800,2026-08-20-20
2026-08-20-20,2026-08-20 20:00:00,10800,NE0027,2026-08-20 20:00:00,331200,10800,331100,10800,2026-08-20-20
2026-08-20-20,2026-08-20 20:00:00,10800,NE0030,2026-08-20 20:00:00,331200,10800,331100,10800,2026-08-20-20
2026-08-20-21,2026-08-20 21:00:00,10800,NE0001,2026-08-20 21:00:00,334800,10800,334700,10800,2026-08-20-21
2026-08-20-21,2026-08-20 21:00:00,10800,NE0004,2026-08-20 21:00:00,334800,10800,334700,10800,2026-08-20-21
2026-08-20-21,2026-08-20 21:00:00,10800,NE0007,2026-08-20 21:00:00,334800,10800,334700,10800,2026-08-20-21
2026-08-20-21,2026-08-20 21:00:00,10800,NE0010,2026-08-20 21:00:00,334800,10800,334700,10800,2026-08-20-21
2026-08-20-21,2026-08-20 21:00:00,10800,NE0013,2026-08-20 21:00:00,334800,10800,334700,10800,2026-08-20-21
2026-08-20-21,2026-08-20 21:00:00,10800,NE0016,2026-08-20 21:00:00,334800,10800,334700,10800,2026-08-20-21
2026-08-20-21,2026-08-20 21:00:00,10800,NE0019,2026-08-20 21:00:00,334800,10800,334700,10800,2026-08-20-21
2026-08-20-21,2026-08-20 21:00:00,10800,NE0022,2026-08-20 21:00:00,334800,10800,334700,10800,2026-08-20-21
2026-08-20-21,2026-08-20 21:00:00,10800,NE0025,2026-08-20 21:00:00,334800,10800,334700,10800,2026-08-20-21
2026-08-20-21,2026-08-20 21:00:00,10800,NE0028,2026-08-20 21:00:00,334800,10800,334700,10800,2026-08-20-21
2026-08-20-22,2026-08-20 22:00:00,10800,NE0002,2026-08-20 22:00:00,338400,10800,338300,10800,2026-08-20-22
2026-08-20-22,2026-08-20 22:00:00,10800,NE0005,2026-08-20 22:00:00,338400,10800,338300,10800,2026-08-20-22
2026-08-20-22,2026-08-20 22:00:00,10800,NE0008,2026-08-20 22:00:00,338400,10800,338300,10800,2026-08-20-22
2026-08-20-22,2026-08-20 22:00:00,10800,NE0011,2026-08-20 22:00:00,338400,10800,338300,10800,2026-08-20-22
2026-08-20-22,2026-08-20 22:00:00,10800,NE0014,2026-08-20 22:00:00,338400,10800,338300,10800,2026-08-20-22
2026-08-20-22,2026-08-20 22:00:00,10800,NE0017,2026-08-20 22:00:00,338400,10800,338300,10800,2026-08-20-22
2026-08-20-22,2026-08-20 22:00:00,10800,NE0020,2026-08-20 22:00:00,338400,10800,338300,10800,2026-08-20-22
2026-08-20-22,2026-08-20 22:00:00,10800,NE0023,2026-08-20 22:00:00,338400,10800,338300,10800,2026-08-20-22
2026-08-20-22,2026-08-20 22:00:00,10800,NE0026,2026-08-20 22:00:00,338400,10800,338300,10800,2026-08-20-22
2026-08-20-22,2026-08-20 22:00:00,10800,NE0029,2026-08-20 22:00:00,338400,10800,338300,10800,2026-08-20-22
2026-08-20-23,2026-08-20 23:00:00,10800,NE0003,2026-08-20 23:00:00,342000,10800,341900,10800,2026-08-20-23
2026-08-20-23,2026-08-20 23:00:00,10800,NE0006,2026-08-20 23:00:00,342000,10800,341900,10800,2026-08-20-23
2026-08-20-23,2026-08-20 23:00:00,10800,NE0009,2026-08-20 23:00:00,342000,10800,341900,10800,2026-08-20-23
2026-08-20-23,2026-08-20 23:00:00,10800,NE0012,2026-08-20 23:00:00,342000,10800,341900,10800,2026-08-20-23
2026-08-20-23,2026-08-20 23:00:00,10800,NE0015,2026-08-20 23:00:00,342000,10800,341900,10800,2026-08-20-23
2026-08-20-23,2026-08-20 23:00:00,10800,NE0018,2026-08-20 23:00:00,342000,10800,341900,10800,2026-08-20-23
2026-08-20-23,2026-08-20 23:00:00,10800,NE0021,2026-08-20 23:00:00,342000,10800,341900,10800,2026-08-20-23
2026-08-20-23,2026-08-20 23:00:00,10800,NE0024,2026-08-20 23:00:00,342000,10800,341900,10800,2026-08-20-23
2026-08-20-23,2026-08-20 23:00:00,10800,NE0027,2026-08-20 23:00:00,342000,10800,341900,10800,2026-08-20-23
2026-08-20-23,2026-08-20 23:00:00,10800,NE0030,2026-08-20 23:00:00,342000,10800,341900,10800,2026-08-20-23
