object_id,utc_time,en_dc_add_succ,ra_cb_succ,en_dc_cssr,rasr_cbra,en_dc_add_att,ul_user_throughput_mbps_ts,tu_prb_dl,ul_user_throughput_mbps,ul_cell_throughput_mbps_ms,en_dc_cdr,dl_cell_throughput_mbps_ts,ra_cb_att,nr_ps_traffic_total_gb,ra_cf_att,prb_dl_available,avg_rrc_connected_nr_en_dc_user,dl_user_throughput_mbps_ms,ra_cf_succ,en_dc_total_release,ul_user_throughput_mbps_ms,rasr_cfra,dl_cell_throughput_mbps,ul_cell_throughput_mbps,en_dc_reconf_succ,ul_cellr_throughput_mbps_ts,en_dc_reconf_att,dl_cell_throughput_mbps_ms,nr_dl_ps_traffic_gb,prb_ul_used,en_dc_arnormal_release,dl_user_throughput_mbps,tu_prb_ul,dl_user_throughput_mbps_ts,prb_dl_used,prb_ul_available,nr_ul_ps_traffic_gb,interval_str,local_time,tz,area_code,province_code,district_code,village_code,intra_freq_ho_succ,intra_freq_hosr,cell_downtime_auto_s,intra_freq_ho_att,cell_downtime_man_s,nr_rasr,nr_ra_attempt,pscell_change_sr,pscell_change_attempt,pscell_change_success,nr_ra_success,cell_availability_ratio_ms,cell_availability_ratio_ts,cell_availability_ratio,ul_packet_loss_rate_ms,dl_packet_loss_rate_ms,ul_packet_loss_rate_ts,dl_packet_loss_rate,dl_packet_loss_rate_ts,max_rrc_connected_nr_en_dc_user,ul_packet_loss_rate,latency_dl_ts,avg_latency_dl_ms,latency_dl_ms,nps_total_release,nps_drb_sr,inter_rat_ho_exe_succ,ng_sr,nps_cssr,vonr_drb_attempt,inter_rat_ho_pre_succ,nps_abnormal_release,inter_rat_ho_exe_att,ng_attempt,vonr_drb_sr,nhosr,nps_drb_attempt,nho_exe_sr,inter_rat_ho_exe_sr,epsfb_sr,nrrc_sr,vonr_drb_success,nho_pre_attempt,nrrc_attempt,vonr_total_release,epsfb_attempt,nps_cdr,ng_success,nho_exe_attempt,nps_drb_success,vonr_abnormal_release,nho_pre_sr,vonr_cdr,inter_rat_ho_sr,epsfb_success,inter_rat_ho_pre_att,nsa_ps_traffic_gb,nsa_dl_ps_traffic_gb,inter_rat_ho_pre_sr,nho_exe_success,nsa_ul_ps_traffic_gb,nho_pre_success,nrrc_success,vonr_cssr,sample_qpsk_ul,sample_dl_cqi,total_modulation_sample_ul,ty_le_qpsk_ul,ty_le_256qam_ul,sample_16qam_ul,sample_qpsk_dl,avg_dl_cqi,sample_16qam_dl,sample_256qam_ul,total_modulation_sample_dl,sample_64qam_ul,ty_le_16qam_ul,sample_256qam_dl,sample_64qam_dl,avg_ul_sinr_pusch,ty_le_64qam_ul,nr_ul_bps_hz_ms,max_rrc_connected_sa_user,nr_ul_bps_hz,nr_ul_bps_hz_ts,avg_rrc_connected_sa_user,avg_rtwp,pscell_change_success_intra,pscell_change_attempt_intra,pscell_change_sr_intra,ty_le_64qam_dl,en_dc_ssr_in_enodeb,no_times_celldowauto,nr_dl_bps_hz_ms,ty_le_qpsk_dl,en_dc_att_in_enodeb,ty_le_256qam_dl,en_dc_succ_in_enodeb,pscell_change_success_in_enodeb,ty_le_16qam_dl,no_times_celldowman,nr_dl_bps_hz_ts,pscell_change_sr_in_enodeb,pscell_change_attempt_in_enodeb,nr_dl_bps_hz,nr_rlc_dl_delay_ms,nr_nsa_total_release,nr_nsa_arnormal_release,nr_nsa_cdr,vonr_traffic_erl,vonr_ng_sr,vonr_ng_success,vonr_nrrc_attempt,vonr_nrrc_sr,vonr_nrrc_success,vonr_ng_attempt,ty_le_pdsch_sched_empslotforc_30khz_ts,ty_le_initial_dl_bler_ms,ty_le_reported_rank2,nr_dl_64qam_samples,nr_dl_16qam_samples,ty_le_pdsch_slot_utilization_ms,en_dc_inter_sgnodeb_pscell_change_sr_,ul_cell_throughput_mbps_over_sche_time,prach_msg2_msg1,reported_rank_total_sample,ty_le_pdcch_cce_utilization_ts,en_dc_drop_at_5g_leg,nr_dl_samples_total,ty_le_residual_dl_bler_ts,en_dc_intra_sgnodeb_pscell_change_succ,ul_symbol_utilization,ty_le_dl_bler_total_ms,dl_drb_traffic_volume,ty_le_pusch_slot_utilization,ty_le_inscell_data_ts,ty_le_reported_rank1,ty_le_dl_unrestricted_traffic,ty_le_dl_unrestricted_traffic_ms,ty_le_reported_rank4,reported_rank2_samples,pream_dis_fail_msg1_max_schramsg3,ty_le_pdsch_sched_empslotforc_30khz,no_racb_pream,en_dc_inter_sgnodeb_pscell_change_att,rach_fail_msg3_dtx,ty_le_ul_unrestricted_traffic,nr_dl_qpsk_samples,ty_le_pdsch_sched_empslotforc_15khz,ty_le_pusch_slot_utilization_ts,ty_le_ul_unrestricted_traffic_ms,ty_le_nr_dl_64qam_samples,ty_le_nr_dl_16qam_samples,ty_le_pdsch_sched_empslotforc_15khz_ms,ty_le_initial_dl_bler_ts,ty_le_inscell_data,ty_le_pdcch_cce_utilization,en_dc_intra_sgnodeb_pscell_change_sr_,reported_rank4_samples,ty_le_pdsch_sched_empslotforc_30khz_ms,rach_fail_msg3_crx,nr_dl_256qam_samples,average_ta_m,ty_le_pdsch_slot_utilization_ts,en_dc_inter_sgnodeb_pscell_change_succ,reported_rank1_samples,rach_fail_msg3_crnti,ty_le_residual_dl_bler,average_dl_mcs,rach_fail_msg2_disc,ty_le_dl_bler_total_ts,ty_le_reported_rank3,ty_le_dl_unrestricted_traffic_ts,ty_le_residual_dl_bler_ms,ty_le_dl_bler_total,ty_le_initial_dl_bler,ty_le_pdcch_cce_utilization_ms,pucch_snr_distribution_db,dl_active_ues,dl_cell_throughput_mbps_over_sche_time,ty_le_inscell_data_ms,dl_symbol_utilization,ty_le_nr_dl_qpsk_samples,reported_rank3_samples,ty_le_pdsch_slot_utilization,ty_le_ul_unrestricted_traffic_ts,pusch_snr_distribution_db,ty_le_pdsch_sched_empslotforc_15khz_ts,average_ul_mcs,ty_le_pdsch_rbsymbol_utilization_ts,ty_le_nr_dl_256qam_samples,en_dc_intra_sgnodeb_pscell_change_att,ty_le_pusch_slot_utilization_ms,nsa_admission_att,nr_avg_active_ues_drb_ul,nr_avg_active_ues_drb_dl_exdrx,sa_5qi1_qos_att,sgnb_reconf_sr,nr_avg_rank_dl,nsa_sgnb_add_fail_ue_ts,sgnb_reconf_succ,nr_nsa_scell_adm_in_pcellcu_sr,dl_pdcp_sdu_throughput_ts,nr_avg_mcs_dl_pdsch_256qam,avg_cqi_256qam,nr_drx_str,nsa_sgnb_add_fail_dss_ms,dl_delay_am_rlc,cell_avail_ratio,nsa_admission_sr,dl_pdcp_sdu_throughput,nr_nsa_scell_adm_in_pcellcu_succ,sample_cqi_64qam,nr_sa_if_iho_succ,nr_mac_pdu_ct_pusch,nr_avg_mcs_dl_pdsch_64qam,nr_sa_irat_ho_succ,nr_sa_if_iho_att,nsa_admission_succ,sample_cqi_256qam,sa_5qi1_qos_sr,nsa_sgnb_add_fail_ue_ms,nr_sa_if_ihosr,max_ue_buffer_dl,avg_ul_rssi_pusch,dl_pdcp_sdu_throughput_ms,cell_avail_no_maint,nsa_sgnb_add_fail_ue,sa_5qi1_qos_succ,sgnb_reconf_att,nr_sa_irat_ho_att,avg_cqi_64qam,nr_nsa_scell_adm_in_pcellcu_att,nsa_call_acc,nr_sa_irat_hosr,vendor,country,date,date_hour_origin,nr_mac_pdu_ct_pdsch,sa_qos_flow_sr,nr_nsa_cr_ia_succ,sa_qos_flow_succ,nsa_sgnb_add_fail_dss,avg_cfra_time,avg_cbra_time,nr_nsa_r2g_cfra_rate_ts,dl_delay_cu_up,dl_scheduling_delay_drx,dl_scheduling_delay_no_drx,sa_qos_flow_att,nr_nsa_cf_rach_ia_succ,nsa_sgnb_add_fail_dss_ts,date_hour
gdb00005_30n411,1775718000000,536.0,0.0,99.62825278810409,0.0,538.0,149.4668,4.852318565672153,12.735753237900479,321.158,0.0,20114.862688,0.0,2.8778610125,0.0,933120000,7.696950000000001,31.88,0.0,538.0,11.736,0.0,63.87647823691461,7.125412065089456,0.0,2288.383088,0.0,314.9025,2.6452078875000002,36619832,0.0,180.0871235884567,15.697801783264746,5741.1775,45277955,233280000,0.232653125,HOUR,2026-04-09 14:00:00,GMT+07:00,KV1,DBN,DBN021,,0.0,0.0,0.0,0.0,0.0,79.64601769911505,1017.0,100.0,197.0,197.0,810.0,0.0,0.0,0.0,824191.0,2378284.0,67.0,0.0,0.0,15.0,0.008129183647965096,0.0,0.0,0.0,0.0,null,0.0,100.0,0.0,0.0,0.0,0.0,0.0,2.0,null,null,0.0,null,null,null,100.0,0.0,0.0,2.0,0.0,0.0,0.0,2.0,0.0,0.0,0.0,null,null,null,0.0,0.0,2.8789051875,2.6462520375,null,0.0,0.23265315,0.0,2.0,0.0,6025.0,246033.0,818246.0,0.7363311278026413,45.122738149651816,12883.0,25919.0,10.462791576739706,191587.0,369215.0,657396.0,430123.0,1.574465380826793,185649.0,254241.0,25.35,52.56646534171875,635317380,1.0,116703.26420347574,2288383088,0.000825,-116.89000000000001,178.0,178.0,100.0,38.67394994797656,0.0,0.0,3582122400,3.9426768644774226,0.0,28.240056221820637,0.0,0.0,29.143316965725376,0.0,20114862688,0.0,0.0,181937.26464824317,0.0,0.0,0.0,0.0,0.0,0.0,0.0,0.0,0.0,0.0,0.0,0.0,0.0,0.0,0.0,0.0,0.0,0.0,0.0,0.0,0.0,0.0,0.0,0.0,0.0,0.0,0.0,0.0,0.0,0.0,0.0,0.0,0.0,0.0,0.0,0.0,0.0,0.0,0.0,0.0,0.0,0.0,0.0,0.0,0.0,0.0,0.0,0.0,0.0,0.0,0.0,0.0,0.0,0.0,0.0,0.0,0.0,0.0,0.0,0.0,0.0,0.0,0.0,0.0,0.0,0.0,0.0,0.0,0.0,0.0,0.0,0.0,0.0,0.0,0.0,0.0,0.0,0.0,0.0,0.0,0.0,0.0,0.0,0.0,0.0,0.0,0.0,0.0,0.0,0.0,0.0,0.0,0.0,0.0,0.0,0.0,0.0,0.0,0.0,0.0,0.0,0.0,0.0,0.0,0.0,0.0,0.0,0.0,0.0,0.0,0.0,0.0,0.0,0.0,0.0,0.0,0.0,0.0,0.0,0.0,0.0,0.0,0.0,0.0,0.0,0.0,0.0,0.0,0.0,0.0,zte,VNM,2026-04-09-00,2026-04-09-14,0.0,,,,,,,,,,,,,,2026-04-09-00
gdb0001811_20n411,1775725200000,0.0,0.0,null,0.0,0.0,0.0,null,null,0.0,null,0.0,0.0,0.0,0.0,0.0,0.0,0.0,0.0,0.0,0.0,0.0,null,null,0.0,0.0,0.0,0.0,0.0,0.0,0.0,null,null,0.0,0.0,0.0,0.0,HOUR,2026-04-09 16:00:00,GMT+07:00,KV1,DBN,DBN006,,0.0,0.0,3600.0,0.0,3600.0,null,0.0,null,0.0,0.0,0.0,0.0,0.0,0.0,0.0,0.0,0.0,null,0.0,0.0,null,0.0,0.0,0.0,0.0,null,0.0,null,0.0,0.0,0.0,0.0,0.0,0.0,null,null,0.0,null,null,null,null,0.0,0.0,0.0,0.0,0.0,0.0,0.0,0.0,0.0,0.0,null,null,null,0.0,0.0,0.0,0.0,null,0.0,0.0,0.0,0.0,0.0,0.0,0.0,0.0,null,null,0.0,0.0,null,0.0,0.0,0.0,0.0,null,0.0,0.0,-20.0,null,0.0,0.0,null,0.0,0.0,-120.0,0.0,0.0,null,null,0.0,0.0,0.0,null,0.0,null,0.0,0.0,null,0.0,0.0,0.0,0.0,null,0.0,0.0,0.0,0.0,0.0,0.0,0.0,0.0,0.0,0.0,0.0,0.0,0.0,0.0,0.0,0.0,0.0,0.0,0.0,0.0,0.0,0.0,0.0,0.0,0.0,0.0,0.0,0.0,0.0,0.0,0.0,0.0,0.0,0.0,0.0,0.0,0.0,0.0,0.0,0.0,0.0,0.0,0.0,0.0,0.0,0.0,0.0,0.0,0.0,0.0,0.0,0.0,0.0,0.0,0.0,0.0,0.0,0.0,0.0,0.0,0.0,0.0,0.0,0.0,0.0,0.0,0.0,0.0,0.0,0.0,0.0,0.0,0.0,0.0,0.0,0.0,0.0,0.0,0.0,0.0,0.0,0.0,0.0,0.0,0.0,0.0,0.0,0.0,0.0,0.0,0.0,0.0,0.0,0.0,0.0,0.0,0.0,0.0,0.0,0.0,0.0,0.0,0.0,0.0,0.0,0.0,0.0,0.0,0.0,0.0,0.0,0.0,0.0,0.0,0.0,0.0,0.0,0.0,0.0,0.0,0.0,0.0,0.0,0.0,0.0,0.0,0.0,0.0,0.0,0.0,zte,VNM,2026-04-09-00,2026-04-09-16,0.0,,,,,,,,,,,,,,2026-04-09-00
gdb00064_30n411,1775710800000,393.0,0.0,100.0,0.0,393.0,440.8399,3.1022686457061455,3.7399248349932983,277.964,0.0,27254.680728,0.0,4.2081299875000004,0.0,1572480000,9.6639,19.5235,0.0,374.0,117.874,0.0,126.31006566068515,6.905053172353255,0.0,1919.3562,0.0,215.776,3.914507525,37953132,0.0,431.8550413604118,9.654337606837608,8431.3219,48782554,393120000,0.29362246249999996,HOUR,2026-04-09 12:00:00,GMT+07:00,KV1,DBN,DBN039,,0.0,0.0,0.0,0.0,0.0,96.15384615384616,546.0,100.0,86.0,86.0,525.0,0.0,0.0,0.0,701385.0,3233499.0,65.0,0.0,0.0,15.0,0.009267378116155892,0.0,0.0,0.0,0.0,null,0.0,100.0,0.0,0.0,0.0,0.0,0.0,5.0,null,null,0.0,null,null,null,100.0,0.0,0.0,5.0,0.0,0.0,0.0,5.0,0.0,0.0,0.0,null,null,null,0.0,0.0,4.214922325,3.92129985,null,0.0,0.293622475,0.0,5.0,0.0,40997.0,240254.0,647054.0,6.335947231606635,36.83541095488167,10501.0,7038.0,11.94082096447926,164408.0,238345.0,460499.0,357211.0,1.6228939161182838,114802.0,174251.0,25.25,55.20574789739342,872352540,1.0,71286.70810083272,1919356200,0.0,-115.95750000000001,85.0,85.0,100.0,37.83960442910843,0.0,0.0,4099050900,1.5283420810902955,0.0,24.92991298569595,0.0,0.0,35.70214050410533,0.0,27254680728,0.0,0.0,215428.32161152232,0.0,0.0,0.0,0.0,0.0,0.0,0.0,0.0,0.0,0.0,0.0,0.0,0.0,0.0,0.0,0.0,0.0,0.0,0.0,0.0,0.0,0.0,0.0,0.0,0.0,0.0,0.0,0.0,0.0,0.0,0.0,0.0,0.0,0.0,0.0,0.0,0.0,0.0,0.0,0.0,0.0,0.0,0.0,0.0,0.0,0.0,0.0,0.0,0.0,0.0,0.0,0.0,0.0,0.0,0.0,0.0,0.0,0.0,0.0,0.0,0.0,0.0,0.0,0.0,0.0,0.0,0.0,0.0,0.0,0.0,0.0,0.0,0.0,0.0,0.0,0.0,0.0,0.0,0.0,0.0,0.0,0.0,0.0,0.0,0.0,0.0,0.0,0.0,0.0,0.0,0.0,0.0,0.0,0.0,0.0,0.0,0.0,0.0,0.0,0.0,0.0,0.0,0.0,0.0,0.0,0.0,0.0,0.0,0.0,0.0,0.0,0.0,0.0,0.0,0.0,0.0,0.0,0.0,0.0,0.0,0.0,0.0,0.0,0.0,0.0,0.0,0.0,0.0,0.0,0.0,zte,VNM,2026-04-09-00,2026-04-09-12,0.0,,,,,,,,,,,,,,2026-04-09-00
gdb00016_20n411,1776697200000,373.0,0.0,100.0,0.0,373.0,15.744000000000002,4.456120863340192,3.614325068870524,112.3785,0.0,20355.504792,0.0,2.598310275,0.0,933120000,3.044175,24.2855,0.0,358.0,4.356,0.0,150.16306760305702,4.962648122194191,0.0,557.694952,0.0,135.556,2.5456201874999995,30143303,0.0,210.00004117683392,12.921511917009601,5099.956,41580955,233280000,0.052690087499999996,HOUR,2026-04-20 22:00:00,GMT+07:00,KV1,DBN,DBN037,,0.0,0.0,0.0,0.0,0.0,92.99363057324841,471.0,100.0,60.0,60.0,438.0,0.0,0.0,0.0,194660.0,2040188.0,139.0,0.0,0.0,9.0,0.0714065550190075,0.0,0.0,0.0,0.0,null,0.0,100.0,0.0,0.0,0.0,0.0,0.0,5.0,null,null,0.0,null,null,null,100.0,0.0,0.0,5.0,0.0,0.0,0.0,5.0,0.0,0.0,0.0,null,null,null,0.0,0.0,2.5985620625,2.5458719625,null,0.0,0.052690100000000004,0.0,5.0,0.0,5984.0,74289.0,220411.0,2.714928020833806,44.87389467857775,7147.0,7655.0,11.447549435313437,52004.0,98907.0,267068.0,108373.0,3.242578637182355,102668.0,104741.0,23.875,49.168598663406094,155297160,1.0,116353.16733931257,557694952,0.0060999999999999995,-115.955,56.0,56.0,100.0,39.21885062980215,0.0,0.0,2918192940,2.8663112016415293,0.0,38.44264382104932,0.0,0.0,19.472194347507003,0.0,20355504792,0.0,0.0,226002.31335656648,0.0,0.0,0.0,0.0,0.0,0.0,0.0,0.0,0.0,0.0,0.0,0.0,0.0,0.0,0.0,0.0,0.0,0.0,0.0,0.0,0.0,0.0,0.0,0.0,0.0,0.0,0.0,0.0,0.0,0.0,0.0,0.0,0.0,0.0,0.0,0.0,0.0,0.0,0.0,0.0,0.0,0.0,0.0,0.0,0.0,0.0,0.0,0.0,0.0,0.0,0.0,0.0,0.0,0.0,0.0,0.0,0.0,0.0,0.0,0.0,0.0,0.0,0.0,0.0,0.0,0.0,0.0,0.0,0.0,0.0,0.0,0.0,0.0,0.0,0.0,0.0,0.0,0.0,0.0,0.0,0.0,0.0,0.0,0.0,0.0,0.0,0.0,0.0,0.0,0.0,0.0,0.0,0.0,0.0,0.0,0.0,0.0,0.0,0.0,0.0,0.0,0.0,0.0,0.0,0.0,0.0,0.0,0.0,0.0,0.0,0.0,0.0,0.0,0.0,0.0,0.0,0.0,0.0,0.0,0.0,0.0,0.0,0.0,0.0,0.0,0.0,0.0,0.0,0.0,0.0,zte,VNM,2026-04-20-00,2026-04-20-22,0.0,0.0,0.0,0.0,0.0,0.0,0.0,0.0,0.0,0.0,0.0,0.0,0.0,0.0,2026-04-20-00
gdb00278_10n411,1775739600000,234.0,0.0,100.0,0.0,234.0,242.45100000000002,3.619404792524006,0.6431555743014714,232.715,0.0,6587.441728,0.0,0.9510743374999999,0.0,933120000,2.148075,18.8045,0.0,227.0,376.971,0.0,63.59485953979601,3.2914285026749455,0.0,765.964784,0.0,103.5845,0.8499368125,27966642,0.0,164.4423196575288,11.988443930041152,3092.2556000000004,33773390,233280000,0.10113752499999999,HOUR,2026-04-09 20:00:00,GMT+07:00,KV1,DBN,DBN009,,0.0,0.0,0.0,0.0,0.0,39.63636363636363,550.0,25.925925925925924,27.0,7.0,218.0,0.0,0.0,0.0,257828.0,743600.0,1228.0,0.0,0.0,6.0,0.47628651659245697,0.0,0.0,0.0,0.0,null,0.0,100.0,0.0,0.0,0.0,0.0,0.0,6.0,null,null,0.0,null,null,null,85.71428571428571,0.0,0.0,7.0,0.0,0.0,0.0,6.0,0.0,0.0,0.0,null,null,null,0.0,0.0,0.9516666374999999,0.8505290999999999,null,0.0,0.10113753750000001,0.0,6.0,0.0,244311.0,60511.0,455390.0,53.64874063989108,12.293199235819847,48003.0,16524.0,8.979921006098065,103733.0,55982.0,222112.0,107094.0,10.541074683238543,21306.0,80549.0,18.075,23.51698544105053,604578600,1.0,41048.85452710367,765964784,0.001925,-116.0,2.0,2.0,100.0,36.26503745857946,0.0,0.0,1492881480,7.43948998703357,0.0,9.592457859098111,0.0,0.0,46.703014695288864,0.0,6587441728,0.0,0.0,142967.2179918797,0.0,0.0,0.0,0.0,0.0,0.0,0.0,0.0,0.0,0.0,0.0,0.0,0.0,0.0,0.0,0.0,0.0,0.0,0.0,0.0,0.0,0.0,0.0,0.0,0.0,0.0,0.0,0.0,0.0,0.0,0.0,0.0,0.0,0.0,0.0,0.0,0.0,0.0,0.0,0.0,0.0,0.0,0.0,0.0,0.0,0.0,0.0,0.0,0.0,0.0,0.0,0.0,0.0,0.0,0.0,0.0,0.0,0.0,0.0,0.0,0.0,0.0,0.0,0.0,0.0,0.0,0.0,0.0,0.0,0.0,0.0,0.0,0.0,0.0,0.0,0.0,0.0,0.0,0.0,0.0,0.0,0.0,0.0,0.0,0.0,0.0,0.0,0.0,0.0,0.0,0.0,0.0,0.0,0.0,0.0,0.0,0.0,0.0,0.0,0.0,0.0,0.0,0.0,0.0,0.0,0.0,0.0,0.0,0.0,0.0,0.0,0.0,0.0,0.0,0.0,0.0,0.0,0.0,0.0,0.0,0.0,0.0,0.0,0.0,0.0,0.0,0.0,0.0,0.0,0.0,zte,VNM,2026-04-09-00,2026-04-09-20,0.0,,,,,,,,,,,,,,2026-04-09-00
gdb00314_30n411,1775678400000,82.0,0.0,100.0,0.0,82.0,1.2395999999999998,3.2381781550068585,6.4731070496083545,24.8325,0.0,7687.02628,0.0,1.044729025,0.0,933120000,0.89055,16.718,0.0,23.0,0.1915,0.0,272.78788764882273,6.050363354474983,0.0,150.245648,0.0,28.1795,1.0297574125000002,17101280,0.0,383.4432288551262,7.33079561042524,6410.4039,30216088,233280000,0.014971612499999998,HOUR,2026-04-09 03:00:00,GMT+07:00,KV1,DBN,DBN003,,0.0,0.0,0.0,0.0,0.0,97.70114942528735,87.0,100.0,60.0,60.0,85.0,0.0,0.0,0.0,49631.0,741122.0,7.0,0.0,0.0,3.0,0.014104088170699764,0.0,0.0,0.0,0.0,null,0.0,100.0,0.0,0.0,0.0,0.0,0.0,4.0,null,null,0.0,null,null,null,100.0,0.0,0.0,4.0,0.0,0.0,0.0,4.0,0.0,0.0,0.0,null,null,null,0.0,0.0,1.0450447375,1.0300731250000001,null,0.0,0.0149716125,0.0,4.0,0.0,299.0,14558.0,47123.0,0.6345096874137894,86.67529656431043,103.0,535.0,12.818931171864268,9412.0,40844.0,51558.0,5877.0,0.21857691573117163,20095.0,21516.0,30.974999999999998,12.471616832544617,28852200,1.0,168720.5480067378,150245648,0.001925,-117.0,58.0,58.0,100.0,41.7316420342139,0.0,0.0,838424880,1.0376663175452887,0.0,38.97552271228519,0.0,0.0,18.255168935955624,0.0,7687026280,0.0,0.0,297056.60866361693,0.0,0.0,0.0,0.0,0.0,0.0,0.0,0.0,0.0,0.0,0.0,0.0,0.0,0.0,0.0,0.0,0.0,0.0,0.0,0.0,0.0,0.0,0.0,0.0,0.0,0.0,0.0,0.0,0.0,0.0,0.0,0.0,0.0,0.0,0.0,0.0,0.0,0.0,0.0,0.0,0.0,0.0,0.0,0.0,0.0,0.0,0.0,0.0,0.0,0.0,0.0,0.0,0.0,0.0,0.0,0.0,0.0,0.0,0.0,0.0,0.0,0.0,0.0,0.0,0.0,0.0,0.0,0.0,0.0,0.0,0.0,0.0,0.0,0.0,0.0,0.0,0.0,0.0,0.0,0.0,0.0,0.0,0.0,0.0,0.0,0.0,0.0,0.0,0.0,0.0,0.0,0.0,0.0,0.0,0.0,0.0,0.0,0.0,0.0,0.0,0.0,0.0,0.0,0.0,0.0,0.0,0.0,0.0,0.0,0.0,0.0,0.0,0.0,0.0,0.0,0.0,0.0,0.0,0.0,0.0,0.0,0.0,0.0,0.0,0.0,0.0,0.0,0.0,0.0,0.0,zte,VNM,2026-04-09-00,2026-04-09-03,0.0,,,,,,,,,,,,,,2026-04-09-00
gdb00343_10n411,1775725200000,1250.0,0.0,99.36406995230524,0.0,1258.0,978.5650999999999,6.379309627914951,0.655263825749586,547.5035,0.0,31486.789848,0.0,4.4934594,0.0,933120000,11.579999999999998,93.233,0.0,1091.0,1493.391,0.0,74.3293151468797,6.545599478359499,0.0,3583.738624,0.0,423.612,4.148854625,46867236,0.0,193.34679458989842,20.090550411522635,18026.3017,59526614,233280000,0.344604775,HOUR,2026-04-09 16:00:00,GMT+07:00,KV1,DBN,DBN033,,0.0,0.0,0.0,0.0,0.0,86.875,1600.0,100.0,204.0,204.0,1390.0,0.0,0.0,0.0,1208780.0,3652584.0,8733.0,0.000054755756472677976,2.0,19.0,0.7224639719386489,0.0,0.0,0.0,0.0,null,0.0,100.0,0.0,0.0,0.0,0.0,0.0,8.0,null,null,0.0,null,null,null,100.0,0.0,0.0,8.0,0.0,0.0,0.0,8.0,0.0,0.0,0.0,null,null,null,0.0,0.0,4.4985250625,4.1539202875,null,0.0,0.34460477500000003,0.0,8.0,0.0,588276.0,309651.0,1659927.0,35.43987175339638,15.579058597155177,108292.0,28976.0,11.069465301258514,456283.0,258601.0,1016759.0,704758.0,6.523901352288383,124668.0,406832.0,22.45,42.45716829716006,2475184860,1.0,46910.89271514048,3583738624,0.002775,-116.2675,37.0,37.0,100.0,40.01262836129309,0.0,0.0,6126685740,2.8498395391631646,0.0,12.261312661112417,0.0,0.0,44.87621943843133,0.0,31486789848,0.0,0.0,166512.86427418422,0.0,0.0,0.0,0.0,0.0,0.0,0.0,0.0,0.0,0.0,0.0,0.0,0.0,0.0,0.0,0.0,0.0,0.0,0.0,0.0,0.0,0.0,0.0,0.0,0.0,0.0,0.0,0.0,0.0,0.0,0.0,0.0,0.0,0.0,0.0,0.0,0.0,0.0,0.0,0.0,0.0,0.0,0.0,0.0,0.0,0.0,0.0,0.0,0.0,0.0,0.0,0.0,0.0,0.0,0.0,0.0,0.0,0.0,0.0,0.0,0.0,0.0,0.0,0.0,0.0,0.0,0.0,0.0,0.0,0.0,0.0,0.0,0.0,0.0,0.0,0.0,0.0,0.0,0.0,0.0,0.0,0.0,0.0,0.0,0.0,0.0,0.0,0.0,0.0,0.0,0.0,0.0,0.0,0.0,0.0,0.0,0.0,0.0,0.0,0.0,0.0,0.0,0.0,0.0,0.0,0.0,0.0,0.0,0.0,0.0,0.0,0.0,0.0,0.0,0.0,0.0,0.0,0.0,0.0,0.0,0.0,0.0,0.0,0.0,0.0,0.0,0.0,0.0,0.0,0.0,zte,VNM,2026-04-09-00,2026-04-09-16,0.0,,,,,,,,,,,,,,2026-04-09-00
gdb00347_30n411,1775725200000,0.0,0.0,null,0.0,0.0,0.0,null,null,0.0,null,0.0,0.0,0.0,0.0,0.0,0.0,0.0,0.0,0.0,0.0,0.0,null,null,0.0,0.0,0.0,0.0,0.0,0.0,0.0,null,null,0.0,0.0,0.0,0.0,HOUR,2026-04-09 16:00:00,GMT+07:00,KV1,DBN,DBN010,,0.0,0.0,0.0,0.0,0.0,null,0.0,null,0.0,0.0,0.0,0.0,0.0,0.0,0.0,0.0,0.0,null,0.0,0.0,null,0.0,0.0,0.0,0.0,null,0.0,null,0.0,0.0,0.0,0.0,0.0,0.0,null,null,0.0,null,null,null,null,0.0,0.0,0.0,0.0,0.0,0.0,0.0,0.0,0.0,0.0,null,null,null,0.0,0.0,0.0,0.0,null,0.0,0.0,0.0,0.0,0.0,0.0,0.0,0.0,null,null,0.0,0.0,null,0.0,0.0,0.0,0.0,null,0.0,0.0,-20.0,null,0.0,0.0,null,0.0,0.0,-120.0,0.0,0.0,null,null,0.0,0.0,0.0,null,0.0,null,0.0,0.0,null,0.0,0.0,0.0,0.0,null,0.0,0.0,0.0,0.0,0.0,0.0,0.0,0.0,0.0,0.0,0.0,0.0,0.0,0.0,0.0,0.0,0.0,0.0,0.0,0.0,0.0,0.0,0.0,0.0,0.0,0.0,0.0,0.0,0.0,0.0,0.0,0.0,0.0,0.0,0.0,0.0,0.0,0.0,0.0,0.0,0.0,0.0,0.0,0.0,0.0,0.0,0.0,0.0,0.0,0.0,0.0,0.0,0.0,0.0,0.0,0.0,0.0,0.0,0.0,0.0,0.0,0.0,0.0,0.0,0.0,0.0,0.0,0.0,0.0,0.0,0.0,0.0,0.0,0.0,0.0,0.0,0.0,0.0,0.0,0.0,0.0,0.0,0.0,0.0,0.0,0.0,0.0,0.0,0.0,0.0,0.0,0.0,0.0,0.0,0.0,0.0,0.0,0.0,0.0,0.0,0.0,0.0,0.0,0.0,0.0,0.0,0.0,0.0,0.0,0.0,0.0,0.0,0.0,0.0,0.0,0.0,0.0,0.0,0.0,0.0,0.0,0.0,0.0,0.0,0.0,0.0,0.0,0.0,0.0,0.0,zte,VNM,2026-04-09-00,2026-04-09-16,0.0,,,,,,,,,,,,,,2026-04-09-00
gdb00469_30n411,1775714400000,234.0,0.0,100.0,0.0,234.0,11.3424,3.614535256410256,1.7061371841155237,346.513,0.0,26257.065032,0.0,3.7292864249999997,0.0,1572480000,4.232225,38.619,0.0,174.0,6.648,0.0,104.54567728166784,4.084460738846739,0.0,1415.318744,0.0,251.154,3.5553103374999995,36022023,0.0,327.2708355990575,9.163111263736264,12638.8724,56837844,393120000,0.17397608750000002,HOUR,2026-04-09 13:00:00,GMT+07:00,KV1,DBN,DBN015,,0.0,0.0,0.0,0.0,0.0,90.97744360902256,266.0,100.0,60.0,60.0,242.0,0.0,0.0,0.0,577119.0,2904774.0,15.0,0.0,0.0,8.0,0.0025991173397514203,0.0,0.0,0.0,0.0,null,0.0,100.0,0.0,0.0,0.0,0.0,0.0,3.0,null,null,0.0,null,null,null,75.0,0.0,0.0,4.0,0.0,0.0,0.0,3.0,0.0,0.0,0.0,null,null,null,0.0,0.0,3.7294505375,3.5554744374999996,null,0.0,0.17397610000000002,0.0,3.0,0.0,29979.0,133697.0,738876.0,4.057379046010427,14.388611891575852,62096.0,9360.0,11.300014211238846,158642.0,106314.0,504063.0,540487.0,8.404116522934837,65797.0,270264.0,20.425,73.14989253947888,529243380,1.0,86645.06546232094,1415318744,0.004725,-115.6525,1.0,1.0,100.0,53.617107385386355,0.0,0.0,5533512300,1.8569107432999448,0.0,13.053328651378896,0.0,0.0,31.47265321993481,0.0,26257065032,0.0,0.0,153741.21550914415,0.0,0.0,0.0,0.0,0.0,0.0,0.0,0.0,0.0,0.0,0.0,0.0,0.0,0.0,0.0,0.0,0.0,0.0,0.0,0.0,0.0,0.0,0.0,0.0,0.0,0.0,0.0,0.0,0.0,0.0,0.0,0.0,0.0,0.0,0.0,0.0,0.0,0.0,0.0,0.0,0.0,0.0,0.0,0.0,0.0,0.0,0.0,0.0,0.0,0.0,0.0,0.0,0.0,0.0,0.0,0.0,0.0,0.0,0.0,0.0,0.0,0.0,0.0,0.0,0.0,0.0,0.0,0.0,0.0,0.0,0.0,0.0,0.0,0.0,0.0,0.0,0.0,0.0,0.0,0.0,0.0,0.0,0.0,0.0,0.0,0.0,0.0,0.0,0.0,0.0,0.0,0.0,0.0,0.0,0.0,0.0,0.0,0.0,0.0,0.0,0.0,0.0,0.0,0.0,0.0,0.0,0.0,0.0,0.0,0.0,0.0,0.0,0.0,0.0,0.0,0.0,0.0,0.0,0.0,0.0,0.0,0.0,0.0,0.0,0.0,0.0,0.0,0.0,0.0,0.0,zte,VNM,2026-04-09-00,2026-04-09-13,0.0,,,,,,,,,,,,,,2026-04-09-00
gsl00011_30n411,1775743200000,3210.0,0.0,99.93773349937733,0.0,3212.0,510.2519,20.833060542627695,1.7292073126303678,660.808,0.0,150746.412728,0.0,22.12596165,0.0,934416000,48.2614,570.3205,0.0,3231.0,295.0785,0.0,115.1980729773278,14.401773198871686,0.0,9516.806944,0.0,1308.5845,20.756569737499998,52748139,0.0,131.3343570851828,22.580152309035803,74902.6762,194667451,233604000,1.3693919125000003,HOUR,2026-04-09 21:00:00,GMT+07:00,KV1,SLA,SLA067,,0.0,0.0,0.0,0.0,0.0,94.10580793559517,3478.0,100.0,25.0,25.0,3273.0,0.0,0.0,0.0,4056132.0,17337462,2402.0,0.07716238974308928,13378.0,63.0,0.05921898005291741,0.0,0.0,0.0,0.0,null,0.0,100.0,0.0,0.0,0.0,0.0,0.0,25.0,null,null,0.0,null,null,null,100.0,0.0,0.0,25.0,0.0,0.0,0.0,25.0,0.0,0.0,0.0,null,null,null,0.0,0.0,22.1326249,20.763233,null,0.0,1.3693919,0.0,25.0,0.0,432818.0,1429968.0,4406293.0,9.822723999516146,27.3420991295858,392861.0,145835.0,11.090964273326396,1166698.0,1204773.0,3556714.0,2375841.0,8.915907317103061,678856.0,1565325.0,25.25,53.91926955379499,3527771220,2.0,87404.91538609468,9516806944,0.015825,-116.9875,25.0,25.0,100.0,44.01042647792316,0.0,0.0,30393388080,4.100273454655055,0.0,19.086606345070198,0.0,0.0,32.80269372235159,0.0,150746412728,0.0,0.0,160698.89146716017,0.0,0.0,0.0,0.0,0.0,0.0,0.0,0.0,0.0,0.0,0.0,0.0,0.0,0.0,0.0,0.0,0.0,0.0,0.0,0.0,0.0,0.0,0.0,0.0,0.0,0.0,0.0,0.0,0.0,0.0,0.0,0.0,0.0,0.0,0.0,0.0,0.0,0.0,0.0,0.0,0.0,0.0,0.0,0.0,0.0,0.0,0.0,0.0,0.0,0.0,0.0,0.0,0.0,0.0,0.0,0.0,0.0,0.0,0.0,0.0,0.0,0.0,0.0,0.0,0.0,0.0,0.0,0.0,0.0,0.0,0.0,0.0,0.0,0.0,0.0,0.0,0.0,0.0,0.0,0.0,0.0,0.0,0.0,0.0,0.0,0.0,0.0,0.0,0.0,0.0,0.0,0.0,0.0,0.0,0.0,0.0,0.0,0.0,0.0,0.0,0.0,0.0,0.0,0.0,0.0,0.0,0.0,0.0,0.0,0.0,0.0,0.0,0.0,0.0,0.0,0.0,0.0,0.0,0.0,0.0,0.0,0.0,0.0,0.0,0.0,0.0,0.0,0.0,0.0,0.0,zte,VNM,2026-04-09-00,2026-04-09-21,0.0,,,,,,,,,,,,,,2026-04-09-00
gsl00047_10n411,1775739600000,370.0,0.0,99.73045822102425,0.0,371.0,101.6959,3.1130806115181113,3.261993199897357,396.659,0.0,26804.905024,0.0,4.2668156125,0.0,1572480000,7.22305,8.446,0.0,375.0,31.176,0.0,75.73964746255034,6.25112058468357,0.0,2479.56324,0.0,353.9085,3.740216875,38025913,0.0,346.60784986976074,9.672851292226293,2927.4498999999996,48952570,393120000,0.5265987375000001,HOUR,2026-04-09 20:00:00,GMT+07:00,KV1,SLA,SLA056,,0.0,0.0,0.0,0.0,0.0,92.49448123620309,453.0,100.0,21.0,21.0,419.0,0.0,0.0,0.0,1020290.0,3377306.0,53.0,0.0,0.0,14.0,0.005194601534857736,0.0,0.0,0.0,0.0,null,0.0,100.0,0.0,0.0,0.0,0.0,0.0,1.0,null,null,0.0,null,null,null,100.0,0.0,0.0,1.0,0.0,0.0,0.0,1.0,0.0,0.0,0.0,null,null,null,0.0,0.0,4.2671243,3.740525575,null,0.0,0.526598725,0.0,1.0,0.0,68843.0,223671.0,1124466.0,6.122283821831874,29.11230753086354,116967.0,11319.0,11.352844132677012,277519.0,327358.0,767082.0,611298.0,10.402004151303819,201962.0,276282.0,23.1,54.36340449600077,883029780,1.0,90979.77304457387,2479563240,0.00055,-115.0375,20.0,20.0,100.0,36.01727064381643,0.0,0.0,4125283740,1.4755919184650401,0.0,26.3286063289192,0.0,0.0,36.17853110879932,0.0,26804905024,0.0,0.0,210525.86379854684,0.0,0.0,0.0,0.0,0.0,0.0,0.0,0.0,0.0,0.0,0.0,0.0,0.0,0.0,0.0,0.0,0.0,0.0,0.0,0.0,0.0,0.0,0.0,0.0,0.0,0.0,0.0,0.0,0.0,0.0,0.0,0.0,0.0,0.0,0.0,0.0,0.0,0.0,0.0,0.0,0.0,0.0,0.0,0.0,0.0,0.0,0.0,0.0,0.0,0.0,0.0,0.0,0.0,0.0,0.0,0.0,0.0,0.0,0.0,0.0,0.0,0.0,0.0,0.0,0.0,0.0,0.0,0.0,0.0,0.0,0.0,0.0,0.0,0.0,0.0,0.0,0.0,0.0,0.0,0.0,0.0,0.0,0.0,0.0,0.0,0.0,0.0,0.0,0.0,0.0,0.0,0.0,0.0,0.0,0.0,0.0,0.0,0.0,0.0,0.0,0.0,0.0,0.0,0.0,0.0,0.0,0.0,0.0,0.0,0.0,0.0,0.0,0.0,0.0,0.0,0.0,0.0,0.0,0.0,0.0,0.0,0.0,0.0,0.0,0.0,0.0,0.0,0.0,0.0,0.0,zte,VNM,2026-04-09-00,2026-04-09-20,0.0,,,,,,,,,,,,,,2026-04-09-00
gsl00125_12_30n411,1775746800000,539.0,0.0,100.0,0.0,539.0,40.3679,3.1249527497965,3.927793724154707,212.2965,0.0,22756.877608,0.0,3.3268447625,0.0,1572480000,7.64305,29.7745,0.0,503.0,10.2775,0.0,129.7549519082468,6.335412444387919,0.0,1344.985888,0.0,175.3835,3.1744826125,35152321,0.0,306.49590757191555,8.941880596255597,9125.7624,49139257,393120000,0.15236214999999997,HOUR,2026-04-09 22:00:00,GMT+07:00,KV1,SLA,SLA046,,0.0,0.0,0.0,0.0,0.0,91.20879120879121,1092.0,100.0,110.0,110.0,996.0,0.0,0.0,0.0,425895.0,2647683.0,28.0,0.0,0.0,16.0,0.006574390401390014,0.0,0.0,0.0,0.0,null,0.0,null,0.0,0.0,0.0,0.0,0.0,0.0,null,null,0.0,null,null,null,null,0.0,0.0,0.0,0.0,0.0,0.0,0.0,0.0,0.0,0.0,null,null,null,0.0,0.0,3.3292586499999994,3.1768964749999995,null,0.0,0.15236217500000002,0.0,0.0,0.0,6374.0,161660.0,495381.0,1.2866864090467742,53.5103284138875,8728.0,10117.0,10.984182852901151,152010.0,265080.0,383819.0,215199.0,1.7618762124506189,36304.0,185388.0,27.325,43.44110896461512,365162400,0.0,119337.43115720568,1344985888,0.0,-115.7775,83.0,83.0,100.0,48.300891826616194,0.0,0.0,4186047060,2.6358778486734633,0.0,9.458625028985017,0.0,0.0,39.60460529572533,0.0,22756877608,0.0,0.0,176138.20961181456,0.0,0.0,0.0,0.0,0.0,0.0,0.0,0.0,0.0,0.0,0.0,0.0,0.0,0.0,0.0,0.0,0.0,0.0,0.0,0.0,0.0,0.0,0.0,0.0,0.0,0.0,0.0,0.0,0.0,0.0,0.0,0.0,0.0,0.0,0.0,0.0,0.0,0.0,0.0,0.0,0.0,0.0,0.0,0.0,0.0,0.0,0.0,0.0,0.0,0.0,0.0,0.0,0.0,0.0,0.0,0.0,0.0,0.0,0.0,0.0,0.0,0.0,0.0,0.0,0.0,0.0,0.0,0.0,0.0,0.0,0.0,0.0,0.0,0.0,0.0,0.0,0.0,0.0,0.0,0.0,0.0,0.0,0.0,0.0,0.0,0.0,0.0,0.0,0.0,0.0,0.0,0.0,0.0,0.0,0.0,0.0,0.0,0.0,0.0,0.0,0.0,0.0,0.0,0.0,0.0,0.0,0.0,0.0,0.0,0.0,0.0,0.0,0.0,0.0,0.0,0.0,0.0,0.0,0.0,0.0,0.0,0.0,0.0,0.0,0.0,0.0,0.0,0.0,0.0,0.0,zte,VNM,2026-04-09-00,2026-04-09-22,0.0,,,,,,,,,,,,,,2026-04-09-00
gsl00375_10n411,1775721600000,758.0,0.0,99.86824769433466,0.0,759.0,107.8831,5.615804612482854,0.9771311861459315,305.517,0.0,20737.336408,0.0,3.6778808874999998,0.0,933120000,7.8347,76.004,0.0,556.0,110.408,0.0,78.63346904973619,4.460218580308133,0.0,1362.6726,0.0,263.7215,3.3401968625,36498860,0.0,157.09458449555288,15.645944787379973,11939.8168,52402196,233280000,0.337684025,HOUR,2026-04-09 15:00:00,GMT+07:00,KV1,SLA,SLA014,,0.0,0.0,0.0,0.0,0.0,91.65763813651138,923.0,100.0,215.0,215.0,846.0,0.0,0.0,0.0,770633.0,2804636.0,154.0,0.0,0.0,15.0,0.019983571946698364,0.0,0.0,0.0,0.0,null,0.0,100.0,0.0,0.0,0.0,0.0,0.0,1.0,null,null,0.0,null,null,null,100.0,0.0,0.0,1.0,0.0,0.0,0.0,1.0,0.0,0.0,0.0,null,null,null,0.0,0.0,3.6804387875,3.3427547625000003,null,0.0,0.337684025,0.0,1.0,0.0,143602.0,221929.0,702346.0,20.446047959267936,24.808570134947733,118316.0,42241.0,9.870634301961438,231624.0,174242.0,547468.0,266186.0,16.845828124599556,52096.0,221507.0,21.700000000000003,37.89955378118478,607901220,1.0,72627.90530343071,1362672600,0.00055,-116.9525,12.0,12.0,100.0,40.46026434421738,0.0,0.0,4840635600,7.715702104963213,0.0,9.51580731659202,0.0,0.0,42.308226234227384,0.0,20737336408,0.0,0.0,138801.9580774062,0.0,0.0,0.0,0.0,0.0,0.0,0.0,0.0,0.0,0.0,0.0,0.0,0.0,0.0,0.0,0.0,0.0,0.0,0.0,0.0,0.0,0.0,0.0,0.0,0.0,0.0,0.0,0.0,0.0,0.0,0.0,0.0,0.0,0.0,0.0,0.0,0.0,0.0,0.0,0.0,0.0,0.0,0.0,0.0,0.0,0.0,0.0,0.0,0.0,0.0,0.0,0.0,0.0,0.0,0.0,0.0,0.0,0.0,0.0,0.0,0.0,0.0,0.0,0.0,0.0,0.0,0.0,0.0,0.0,0.0,0.0,0.0,0.0,0.0,0.0,0.0,0.0,0.0,0.0,0.0,0.0,0.0,0.0,0.0,0.0,0.0,0.0,0.0,0.0,0.0,0.0,0.0,0.0,0.0,0.0,0.0,0.0,0.0,0.0,0.0,0.0,0.0,0.0,0.0,0.0,0.0,0.0,0.0,0.0,0.0,0.0,0.0,0.0,0.0,0.0,0.0,0.0,0.0,0.0,0.0,0.0,0.0,0.0,0.0,0.0,0.0,0.0,0.0,0.0,0.0,zte,VNM,2026-04-09-00,2026-04-09-15,0.0,,,,,,,,,,,,,,2026-04-09-00
gsl00463_10n411,1775746800000,47.0,0.0,95.91836734693877,0.0,49.0,7.388999999999999,3.705473894032922,2.5745644599303135,213.5735,0.0,10525.173608,0.0,1.856002625,0.0,933120000,3.137775,16.315,0.0,41.0,2.87,0.0,75.24269287904892,4.283909455058797,0.0,914.929536,0.0,139.883,1.6454215749999999,34170771,0.0,204.33610787618753,14.647964248971194,3333.7436,34576518,233280000,0.21058105,HOUR,2026-04-09 22:00:00,GMT+07:00,KV1,SLA,SLA059,,0.0,0.0,0.0,0.0,0.0,98.38709677419355,62.0,100.0,17.0,17.0,61.0,0.0,0.0,0.0,441095.0,1435083.0,2.0,0.0,0.0,6.0,0.00045341706435121686,0.0,0.0,0.0,0.0,null,0.0,null,0.0,0.0,0.0,0.0,0.0,0.0,null,null,0.0,null,null,null,null,0.0,0.0,0.0,0.0,0.0,0.0,0.0,0.0,0.0,0.0,null,null,null,0.0,0.0,1.8562709875,1.645689925,null,0.0,0.21058106249999997,0.0,0.0,0.0,18071.0,95336.0,433760.0,4.166128734784212,25.363795647362597,24094.0,4023.0,12.235010908785767,104765.0,110018.0,282130.0,281577.0,5.554684618222058,45223.0,128119.0,21.725,64.91539099963113,292717800,0.0,101270.63323924955,914929536,0.0,-115.99000000000001,16.0,16.0,100.0,45.41133520008507,0.0,0.0,1678279320,1.4259383971927835,0.0,16.029135504909085,0.0,0.0,37.133590897813065,0.0,10525173608,0.0,0.0,203193.60480423484,0.0,0.0,0.0,0.0,0.0,0.0,0.0,0.0,0.0,0.0,0.0,0.0,0.0,0.0,0.0,0.0,0.0,0.0,0.0,0.0,0.0,0.0,0.0,0.0,0.0,0.0,0.0,0.0,0.0,0.0,0.0,0.0,0.0,0.0,0.0,0.0,0.0,0.0,0.0,0.0,0.0,0.0,0.0,0.0,0.0,0.0,0.0,0.0,0.0,0.0,0.0,0.0,0.0,0.0,0.0,0.0,0.0,0.0,0.0,0.0,0.0,0.0,0.0,0.0,0.0,0.0,0.0,0.0,0.0,0.0,0.0,0.0,0.0,0.0,0.0,0.0,0.0,0.0,0.0,0.0,0.0,0.0,0.0,0.0,0.0,0.0,0.0,0.0,0.0,0.0,0.0,0.0,0.0,0.0,0.0,0.0,0.0,0.0,0.0,0.0,0.0,0.0,0.0,0.0,0.0,0.0,0.0,0.0,0.0,0.0,0.0,0.0,0.0,0.0,0.0,0.0,0.0,0.0,0.0,0.0,0.0,0.0,0.0,0.0,0.0,0.0,0.0,0.0,0.0,0.0,zte,VNM,2026-04-09-00,2026-04-09-22,0.0,,,,,,,,,,,,,,2026-04-09-00
gsl00526_30n411,1775739600000,153.0,0.0,99.35064935064936,0.0,154.0,33.2866,4.328464399005487,0.7088589803654329,135.0845,0.0,14464.993288,0.0,2.5072290500000003,0.0,933120000,2.8922,39.918,0.0,141.0,46.958,0.0,119.11128274635419,3.4528853273321514,0.0,466.431288,0.0,121.441,2.4271593875,33624147,0.0,193.05194899544068,14.413643261316873,7706.247700000001,40389767,233280000,0.0800696625,HOUR,2026-04-09 20:00:00,GMT+07:00,KV1,SLA,SLA049,,0.0,0.0,0.0,0.0,0.0,96.78899082568807,218.0,100.0,65.0,65.0,211.0,0.0,0.0,0.0,316151.0,1905513.0,46.0,0.0,0.0,6.0,0.014550009330984244,0.0,0.0,0.0,0.0,null,0.0,100.0,0.0,0.0,0.0,0.0,0.0,2.0,null,null,0.0,null,null,null,100.0,0.0,0.0,2.0,0.0,0.0,0.0,2.0,0.0,0.0,0.0,null,null,null,0.0,0.0,2.5096232875000006,2.429553625,null,0.0,0.08006966250000001,0.0,2.0,0.0,42175.0,72880.0,258560.0,16.31149443069307,11.549737004950494,42714.0,8572.0,11.181462678375413,75026.0,29863.0,246326.0,143808.0,16.519956683168317,52104.0,110624.0,19.4,55.61881188118812,218904120,1.0,69036.4974912304,466431288,0.0011,-115.83749999999999,43.0,43.0,100.0,44.909591354546414,0.0,0.0,2726577360,3.4799412161119814,0.0,21.152456500734797,0.0,0.0,30.458010928606804,0.0,14464993288,0.0,0.0,171887.9461873035,0.0,0.0,0.0,0.0,0.0,0.0,0.0,0.0,0.0,0.0,0.0,0.0,0.0,0.0,0.0,0.0,0.0,0.0,0.0,0.0,0.0,0.0,0.0,0.0,0.0,0.0,0.0,0.0,0.0,0.0,0.0,0.0,0.0,0.0,0.0,0.0,0.0,0.0,0.0,0.0,0.0,0.0,0.0,0.0,0.0,0.0,0.0,0.0,0.0,0.0,0.0,0.0,0.0,0.0,0.0,0.0,0.0,0.0,0.0,0.0,0.0,0.0,0.0,0.0,0.0,0.0,0.0,0.0,0.0,0.0,0.0,0.0,0.0,0.0,0.0,0.0,0.0,0.0,0.0,0.0,0.0,0.0,0.0,0.0,0.0,0.0,0.0,0.0,0.0,0.0,0.0,0.0,0.0,0.0,0.0,0.0,0.0,0.0,0.0,0.0,0.0,0.0,0.0,0.0,0.0,0.0,0.0,0.0,0.0,0.0,0.0,0.0,0.0,0.0,0.0,0.0,0.0,0.0,0.0,0.0,0.0,0.0,0.0,0.0,0.0,0.0,0.0,0.0,0.0,0.0,zte,VNM,2026-04-09-00,2026-04-09-20,0.0,,,,,,,,,,,,,,2026-04-09-00
gsl00627_30n411,1775732400000,8.0,0.0,100.0,0.0,8.0,0.26030000000000003,2.925511616941015,6.197619047619048,14.7485,0.0,2146.259112,0.0,0.31507811249999995,0.0,933120000,0.349175,4.42,0.0,8.0,0.042,0.0,156.49561500601553,3.4781142489066683,0.0,51.296968,0.0,13.7145,0.3057138875,23162491,0.0,172.15110859728506,9.929051354595336,760.9079,27298534,233280000,0.009364224999999999,HOUR,2026-04-09 18:00:00,GMT+07:00,KV1,SLA,SLA018,,0.0,0.0,0.0,0.0,0.0,41.17647058823529,17.0,null,0.0,0.0,7.0,0.0,0.0,0.0,23625.0,248014.0,0.0,0.0,0.0,1.0,0.0,0.0,0.0,0.0,0.0,null,0.0,null,0.0,0.0,0.0,0.0,0.0,0.0,null,null,0.0,null,null,null,null,0.0,0.0,0.0,0.0,0.0,0.0,0.0,0.0,0.0,0.0,null,null,null,0.0,0.0,0.31507812500000004,0.30571390000000004,null,0.0,0.009364224999999999,0.0,0.0,0.0,484.0,4929.0,26035.0,1.8590359131937777,12.77895141156136,1577.0,398.0,12.133495638060458,6136.0,3327.0,26648.0,20647.0,6.057230651046668,2296.0,17818.0,10.649999999999999,79.30478202419819,16561800,0.0,100352.7251385719,51296968,0.0,-117.0,0.0,0.0,null,66.86430501350947,0.0,0.0,374282100,1.4935454818372862,0.0,8.616031221855298,0.0,0.0,23.02611828279796,0.0,2146259112,0.0,0.0,185792.46837826332,0.0,0.0,0.0,0.0,0.0,0.0,0.0,0.0,0.0,0.0,0.0,0.0,0.0,0.0,0.0,0.0,0.0,0.0,0.0,0.0,0.0,0.0,0.0,0.0,0.0,0.0,0.0,0.0,0.0,0.0,0.0,0.0,0.0,0.0,0.0,0.0,0.0,0.0,0.0,0.0,0.0,0.0,0.0,0.0,0.0,0.0,0.0,0.0,0.0,0.0,0.0,0.0,0.0,0.0,0.0,0.0,0.0,0.0,0.0,0.0,0.0,0.0,0.0,0.0,0.0,0.0,0.0,0.0,0.0,0.0,0.0,0.0,0.0,0.0,0.0,0.0,0.0,0.0,0.0,0.0,0.0,0.0,0.0,0.0,0.0,0.0,0.0,0.0,0.0,0.0,0.0,0.0,0.0,0.0,0.0,0.0,0.0,0.0,0.0,0.0,0.0,0.0,0.0,0.0,0.0,0.0,0.0,0.0,0.0,0.0,0.0,0.0,0.0,0.0,0.0,0.0,0.0,0.0,0.0,0.0,0.0,0.0,0.0,0.0,0.0,0.0,0.0,0.0,0.0,0.0,zte,VNM,2026-04-09-00,2026-04-09-18,0.0,,,,,,,,,,,,,,2026-04-09-00
gdb00048_30n411,1776693600000,1393.0,0.0,99.92826398852223,0.0,1394.0,51.992200000000004,6.233851916152263,1.2121371785606043,464.193,0.0779423226812159,23419.64964,0.0,3.9373121250000005,0.0,933120000,12.555275,68.9175,0.0,1283.0,42.893,0.0,49.99866491747001,6.780914214561616,0.0,3147.652912,0.0,468.4055,3.4311411000000005,38679347,1.0,111.09815649145715,16.58065286351166,7656.607199999999,58169319,233280000,0.506171025,HOUR,2026-04-20 21:00:00,GMT+07:00,KV1,DBN,DBN016,,0.0,0.0,0.0,0.0,0.0,68.48859315589354,2104.0,100.0,191.0,191.0,1441.0,0.0,0.0,0.0,1112899.0,3216433.0,1381.0,0.10458790840661067,3364.0,21.0,0.12409032625602143,0.0,0.0,0.0,0.0,null,0.0,100.0,0.0,0.0,0.0,0.0,0.0,9.0,null,null,0.0,null,null,null,100.0,0.0,0.0,9.0,0.0,0.0,0.0,9.0,0.0,0.0,0.0,null,null,null,0.0,0.0,3.943203625,3.4370325875,null,0.0,0.5061710375,0.0,9.0,0.0,93740.0,325006.0,1441656.0,6.502244640885205,29.78005848829402,108445.0,45542.0,10.626413050835984,325290.0,429326.0,1021665.0,810145.0,7.522252187761852,139222.0,511611.0,22.0,56.19544468305892,998228340,1.0,102164.95591459566,3147652912,0.0036,-116.915,80.0,80.0,100.0,50.07619914551247,0.0,0.0,5884824420,4.457625542619156,0.0,13.6269716590076,0.0,0.0,31.83920365286077,0.0,23419649640,0.0,0.0,128941.25536815931,0.0,0.0,0.0,0.0,0.0,0.0,0.0,0.0,0.0,0.0,0.0,0.0,0.0,0.0,0.0,0.0,0.0,0.0,0.0,0.0,0.0,0.0,0.0,0.0,0.0,0.0,0.0,0.0,0.0,0.0,0.0,0.0,0.0,0.0,0.0,0.0,0.0,0.0,0.0,0.0,0.0,0.0,0.0,0.0,0.0,0.0,0.0,0.0,0.0,0.0,0.0,0.0,0.0,0.0,0.0,0.0,0.0,0.0,0.0,0.0,0.0,0.0,0.0,0.0,0.0,0.0,0.0,0.0,0.0,0.0,0.0,0.0,0.0,0.0,0.0,0.0,0.0,0.0,0.0,0.0,0.0,0.0,0.0,0.0,0.0,0.0,0.0,0.0,0.0,0.0,0.0,0.0,0.0,0.0,0.0,0.0,0.0,0.0,0.0,0.0,0.0,0.0,0.0,0.0,0.0,0.0,0.0,0.0,0.0,0.0,0.0,0.0,0.0,0.0,0.0,0.0,0.0,0.0,0.0,0.0,0.0,0.0,0.0,0.0,0.0,0.0,0.0,0.0,0.0,0.0,zte,VNM,2026-04-20-00,2026-04-20-21,0.0,0.0,0.0,0.0,0.0,0.0,0.0,0.0,0.0,0.0,0.0,0.0,0.0,0.0,2026-04-20-00
gdb00059_10n411,1776661200000,424.0,0.0,99.76470588235294,0.0,425.0,289.8333,3.0567269105222734,13.554379647383435,127.81,0.0,17074.5722,0.0,2.49690865,0.0,1249920000,3.9264,21.643,0.0,397.0,21.383,0.0,166.73735596265772,6.964340755809405,0.0,890.112392,0.0,102.404,2.3559800125,34920885,0.0,456.27449059742185,11.175398425499232,9875.1488,38206641,312480000,0.1409286375,HOUR,2026-04-20 12:00:00,GMT+07:00,KV1,DBN,DBN018,,0.0,0.0,0.0,0.0,0.0,51.41800246609125,811.0,100.0,33.0,33.0,417.0,0.0,0.0,0.0,328588.0,1869967.0,27.0,0.0,0.0,9.0,0.008216976882905036,0.0,0.0,0.0,0.0,null,0.0,100.0,0.0,0.0,0.0,0.0,0.0,3.0,null,null,0.0,null,null,null,100.0,0.0,0.0,3.0,0.0,0.0,0.0,3.0,0.0,0.0,0.0,null,null,null,0.0,0.0,2.4973238500000003,2.3563952125000003,null,0.0,0.14092863749999998,0.0,3.0,0.0,7156.0,106375.0,254761.0,2.8089071718198624,41.71949395708134,8578.0,2877.0,13.083985898942421,59131.0,106285.0,216078.0,132742.0,3.3670773784056434,83178.0,70892.0,24.1,52.10452149269316,351525060,1.0,82041.4951377862,890112392,0.0,-116.2075,1.0,1.0,100.0,32.80852284823073,0.0,0.0,2182607640,1.331463638130675,0.0,38.49443256601783,0.0,0.0,27.365580947620767,0.0,17074572200,0.0,0.0,253465.68441408002,0.0,0.0,0.0,0.0,0.0,0.0,0.0,0.0,0.0,0.0,0.0,0.0,0.0,0.0,0.0,0.0,0.0,0.0,0.0,0.0,0.0,0.0,0.0,0.0,0.0,0.0,0.0,0.0,0.0,0.0,0.0,0.0,0.0,0.0,0.0,0.0,0.0,0.0,0.0,0.0,0.0,0.0,0.0,0.0,0.0,0.0,0.0,0.0,0.0,0.0,0.0,0.0,0.0,0.0,0.0,0.0,0.0,0.0,0.0,0.0,0.0,0.0,0.0,0.0,0.0,0.0,0.0,0.0,0.0,0.0,0.0,0.0,0.0,0.0,0.0,0.0,0.0,0.0,0.0,0.0,0.0,0.0,0.0,0.0,0.0,0.0,0.0,0.0,0.0,0.0,0.0,0.0,0.0,0.0,0.0,0.0,0.0,0.0,0.0,0.0,0.0,0.0,0.0,0.0,0.0,0.0,0.0,0.0,0.0,0.0,0.0,0.0,0.0,0.0,0.0,0.0,0.0,0.0,0.0,0.0,0.0,0.0,0.0,0.0,0.0,0.0,0.0,0.0,0.0,0.0,zte,VNM,2026-04-20-00,2026-04-20-12,0.0,0.0,0.0,0.0,0.0,0.0,0.0,0.0,0.0,0.0,0.0,0.0,0.0,0.0,2026-04-20-00
gsl00653_10n411,1775732400000,90.0,0.0,100.0,0.0,90.0,64.52409999999999,2.930797968106996,1.4503708865311995,143.7125,0.0,2001.034976,0.0,0.734183975,0.0,933120000,1.274175,3.6715,0.0,91.0,44.488,0.0,33.342525156420535,4.802468873619205,0.0,690.174808,0.0,60.0145,0.28045667500000004,15925694,0.0,193.33008307231378,6.826857853223594,709.8114,27347862,233280000,0.45372729999999994,HOUR,2026-04-09 18:00:00,GMT+07:00,KV1,SLA,SLA012,,0.0,0.0,0.0,0.0,0.0,88.32116788321169,137.0,null,0.0,0.0,121.0,0.0,0.0,0.0,454668.0,290495.0,70.0,0.0,0.0,3.0,0.015395849279034373,0.0,0.0,0.0,0.0,null,0.0,null,0.0,0.0,0.0,0.0,0.0,0.0,null,null,0.0,null,null,null,null,0.0,0.0,0.0,0.0,0.0,0.0,0.0,0.0,0.0,0.0,null,null,null,0.0,0.0,0.7342161624999999,0.2804888625,null,0.0,0.45372729999999994,0.0,0.0,0.0,29443.0,38543.0,259259.0,11.356597070882785,35.1266494123637,7758.0,4873.0,12.192512259035363,68253.0,91069.0,123851.0,130989.0,2.9923744209458496,26435.0,24290.0,22.2,50.52437909580767,277024500,0.0,80720.888510583,690174808,0.0,-115.0,0.0,0.0,null,19.612276041372294,0.0,0.0,366002640,3.9345665355951907,0.0,21.344195848236993,0.0,0.0,55.10896157479552,0.0,2001034976,0.0,0.0,177139.52342638842,0.0,0.0,0.0,0.0,0.0,0.0,0.0,0.0,0.0,0.0,0.0,0.0,0.0,0.0,0.0,0.0,0.0,0.0,0.0,0.0,0.0,0.0,0.0,0.0,0.0,0.0,0.0,0.0,0.0,0.0,0.0,0.0,0.0,0.0,0.0,0.0,0.0,0.0,0.0,0.0,0.0,0.0,0.0,0.0,0.0,0.0,0.0,0.0,0.0,0.0,0.0,0.0,0.0,0.0,0.0,0.0,0.0,0.0,0.0,0.0,0.0,0.0,0.0,0.0,0.0,0.0,0.0,0.0,0.0,0.0,0.0,0.0,0.0,0.0,0.0,0.0,0.0,0.0,0.0,0.0,0.0,0.0,0.0,0.0,0.0,0.0,0.0,0.0,0.0,0.0,0.0,0.0,0.0,0.0,0.0,0.0,0.0,0.0,0.0,0.0,0.0,0.0,0.0,0.0,0.0,0.0,0.0,0.0,0.0,0.0,0.0,0.0,0.0,0.0,0.0,0.0,0.0,0.0,0.0,0.0,0.0,0.0,0.0,0.0,0.0,0.0,0.0,0.0,0.0,0.0,zte,VNM,2026-04-09-00,2026-04-09-18,0.0,,,,,,,,,,,,,,2026-04-09-00
gsl00689_10n411,1775718000000,234.0,0.0,100.0,0.0,234.0,5.2153,3.546713605967078,1.0848257930317213,67.629,0.0,6996.184104,0.0,1.0494390375,0.0,933120000,2.37915,21.435,0.0,228.0,4.8075,0.0,127.80402626891845,3.611588874595218,0.0,244.248144,0.0,54.7415,1.0144010625,24014613,0.0,163.6029391182645,10.294329989711933,3506.8289999999997,33095094,233280000,0.035037975000000006,HOUR,2026-04-09 14:00:00,GMT+07:00,KV1,SLA,SLA044,,0.0,0.0,0.0,0.0,0.0,97.14285714285714,245.0,100.0,2.0,2.0,238.0,0.0,0.0,0.0,98910.0,813019.0,44.0,0.0,0.0,7.0,0.04448488524921646,0.0,0.0,0.0,0.0,null,0.0,null,0.0,0.0,0.0,0.0,0.0,0.0,null,null,0.0,null,null,null,null,0.0,0.0,0.0,0.0,0.0,0.0,0.0,0.0,0.0,0.0,null,null,null,0.0,0.0,1.049556525,1.01451855,null,0.0,0.035037975000000006,0.0,0.0,0.0,7293.0,48976.0,132965.0,5.484902041890724,14.49328770729139,28275.0,10513.0,11.962879777850375,43773.0,19271.0,122982.0,78126.0,21.264994547437297,17287.0,51409.0,24.375,58.756815703380596,93226320,0.0,84886.3267969818,244248144,0.0,-116.9975,1.0,1.0,100.0,41.80205233286172,0.0,0.0,1406409480,8.548405457709258,0.0,14.056528597680963,0.0,0.0,35.593013611748056,0.0,6996184104,0.0,0.0,161173.80335746883,0.0,0.0,0.0,0.0,0.0,0.0,0.0,0.0,0.0,0.0,0.0,0.0,0.0,0.0,0.0,0.0,0.0,0.0,0.0,0.0,0.0,0.0,0.0,0.0,0.0,0.0,0.0,0.0,0.0,0.0,0.0,0.0,0.0,0.0,0.0,0.0,0.0,0.0,0.0,0.0,0.0,0.0,0.0,0.0,0.0,0.0,0.0,0.0,0.0,0.0,0.0,0.0,0.0,0.0,0.0,0.0,0.0,0.0,0.0,0.0,0.0,0.0,0.0,0.0,0.0,0.0,0.0,0.0,0.0,0.0,0.0,0.0,0.0,0.0,0.0,0.0,0.0,0.0,0.0,0.0,0.0,0.0,0.0,0.0,0.0,0.0,0.0,0.0,0.0,0.0,0.0,0.0,0.0,0.0,0.0,0.0,0.0,0.0,0.0,0.0,0.0,0.0,0.0,0.0,0.0,0.0,0.0,0.0,0.0,0.0,0.0,0.0,0.0,0.0,0.0,0.0,0.0,0.0,0.0,0.0,0.0,0.0,0.0,0.0,0.0,0.0,0.0,0.0,0.0,0.0,zte,VNM,2026-04-09-00,2026-04-09-14,0.0,,,,,,,,,,,,,,2026-04-09-00
gsl00761_20n411,1775739600000,831.0,0.0,99.8798076923077,0.0,832.0,1289.3937,8.616307977537723,7.254279083505634,458.8075,0.0,53593.22744,0.0,6.882907449999999,0.0,933120000,12.242774999999998,118.138,0.0,758.0,177.7425,0.0,107.0039062159955,8.2025540558949,0.0,3763.39332,0.0,500.853,6.3841289375,43129298,0.0,196.0560471651797,18.48821073388203,23161.6693,80400493,233280000,0.49877851250000005,HOUR,2026-04-09 20:00:00,GMT+07:00,KV1,SLA,SLA034,,0.0,0.0,0.0,0.0,0.0,70.94017094017094,1287.0,100.0,173.0,173.0,913.0,0.0,0.0,0.0,1332170.0,5294176.0,261.0,0.0,0.0,21.0,0.019592094102104086,0.0,0.0,0.0,0.0,null,0.0,100.0,0.0,0.0,0.0,0.0,0.0,3.0,null,null,0.0,null,null,null,100.0,0.0,0.0,3.0,0.0,0.0,0.0,3.0,0.0,0.0,0.0,null,null,null,0.0,0.0,6.8844240375000005,6.385645525,null,0.0,0.4987785125,0.0,3.0,0.0,173940.0,404168.0,1344598.0,12.936208442969571,16.87299847240588,169356.0,15219.0,12.140505928227865,296974.0,226874.0,1085121.0,774428.0,12.595288703389414,192687.0,580241.0,20.6,57.59550438123513,1836052920,1.0,66410.90909732602,3763393320,0.00055,-114.2875,99.0,99.0,100.0,53.47246989045461,0.0,0.0,9881586000,1.4025164013967106,0.0,17.757190211967146,0.0,0.0,27.367823496181533,0.0,53593227440,0.0,0.0,175722.86159893766,0.0,0.0,0.0,0.0,0.0,0.0,0.0,0.0,0.0,0.0,0.0,0.0,0.0,0.0,0.0,0.0,0.0,0.0,0.0,0.0,0.0,0.0,0.0,0.0,0.0,0.0,0.0,0.0,0.0,0.0,0.0,0.0,0.0,0.0,0.0,0.0,0.0,0.0,0.0,0.0,0.0,0.0,0.0,0.0,0.0,0.0,0.0,0.0,0.0,0.0,0.0,0.0,0.0,0.0,0.0,0.0,0.0,0.0,0.0,0.0,0.0,0.0,0.0,0.0,0.0,0.0,0.0,0.0,0.0,0.0,0.0,0.0,0.0,0.0,0.0,0.0,0.0,0.0,0.0,0.0,0.0,0.0,0.0,0.0,0.0,0.0,0.0,0.0,0.0,0.0,0.0,0.0,0.0,0.0,0.0,0.0,0.0,0.0,0.0,0.0,0.0,0.0,0.0,0.0,0.0,0.0,0.0,0.0,0.0,0.0,0.0,0.0,0.0,0.0,0.0,0.0,0.0,0.0,0.0,0.0,0.0,0.0,0.0,0.0,0.0,0.0,0.0,0.0,0.0,0.0,zte,VNM,2026-04-09-00,2026-04-09-20,0.0,,,,,,,,,,,,,,2026-04-09-00
gsl00762_20n411,1775710800000,424.0,0.0,100.0,0.0,424.0,33.5308,2.545399051180301,0.5155213898604759,172.628,0.0,13412.679936,0.0,2.028836475,0.0,1572480000,5.4786,10.3895,0.0,426.0,65.0425,0.0,108.13537953497371,4.4573424473434216,0.0,769.462112,0.0,124.036,1.886510125,34576408,0.0,310.2754415515665,8.79538258038258,3223.6067,40025891,393120000,0.14232635,HOUR,2026-04-09 12:00:00,GMT+07:00,KV1,SLA,SLA051,,0.0,0.0,0.0,0.0,0.0,84.34925864909391,607.0,100.0,24.0,24.0,512.0,0.0,0.0,0.0,343577.0,1564967.0,93.0,0.0,0.0,11.0,0.027068168125340172,0.0,0.0,0.0,0.0,null,0.0,100.0,0.0,0.0,0.0,0.0,0.0,5.0,null,null,0.0,null,null,null,100.0,0.0,0.0,5.0,0.0,0.0,0.0,5.0,0.0,0.0,0.0,null,null,null,0.0,0.0,2.02925645,1.8869301,null,0.0,0.14232635,0.0,5.0,0.0,39077.0,131986.0,352026.0,11.100600523824946,30.555129450665575,16951.0,7779.0,11.559976058066765,102493.0,107562.0,261308.0,188436.0,4.81526932669746,28154.0,122882.0,25.025,53.52900069881203,262427040,2.0,95000.01382784334,769462112,0.0025,-116.38,24.0,24.0,100.0,47.02573208627367,0.0,0.0,2512455120,2.9769467448375098,0.0,10.77425872916252,0.0,0.0,39.2230624397263,0.0,13412679936,0.0,0.0,172966.60404680183,0.0,0.0,0.0,0.0,0.0,0.0,0.0,0.0,0.0,0.0,0.0,0.0,0.0,0.0,0.0,0.0,0.0,0.0,0.0,0.0,0.0,0.0,0.0,0.0,0.0,0.0,0.0,0.0,0.0,0.0,0.0,0.0,0.0,0.0,0.0,0.0,0.0,0.0,0.0,0.0,0.0,0.0,0.0,0.0,0.0,0.0,0.0,0.0,0.0,0.0,0.0,0.0,0.0,0.0,0.0,0.0,0.0,0.0,0.0,0.0,0.0,0.0,0.0,0.0,0.0,0.0,0.0,0.0,0.0,0.0,0.0,0.0,0.0,0.0,0.0,0.0,0.0,0.0,0.0,0.0,0.0,0.0,0.0,0.0,0.0,0.0,0.0,0.0,0.0,0.0,0.0,0.0,0.0,0.0,0.0,0.0,0.0,0.0,0.0,0.0,0.0,0.0,0.0,0.0,0.0,0.0,0.0,0.0,0.0,0.0,0.0,0.0,0.0,0.0,0.0,0.0,0.0,0.0,0.0,0.0,0.0,0.0,0.0,0.0,0.0,0.0,0.0,0.0,0.0,0.0,zte,VNM,2026-04-09-00,2026-04-09-12,0.0,,,,,,,,,,,,,,2026-04-09-00
gsl00762_30n411,1775743200000,493.0,0.0,100.0,0.0,493.0,85.1204,3.7578912927350423,2.3010799778327455,283.1625,0.0,34929.942856,0.0,5.061299774999999,0.0,1572480000,6.846925,23.7055,0.0,496.0,36.9915,0.0,132.19196763505423,5.100158050589326,0.0,1444.173504,0.0,264.2365,4.8523218625,35988051,0.0,369.8136002193583,9.154469627594628,8766.6163,59092089,393120000,0.2089779125,HOUR,2026-04-09 21:00:00,GMT+07:00,KV1,SLA,SLA051,,0.0,0.0,0.0,0.0,0.0,89.84375,640.0,100.0,63.0,63.0,575.0,0.0,0.0,0.0,732980.0,3832599.0,36.0,0.0,0.0,15.0,0.004911457338535839,0.0,0.0,0.0,0.0,null,0.0,100.0,0.0,0.0,0.0,0.0,0.0,4.0,null,null,0.0,null,null,null,100.0,0.0,0.0,4.0,0.0,0.0,0.0,4.0,0.0,0.0,0.0,null,null,null,0.0,0.0,5.061745575000001,4.8527676625,null,0.0,0.2089779125,0.0,4.0,0.0,47410.0,164249.0,632798.0,7.492122288629231,32.84665880739193,36983.0,13457.0,11.301182960018021,136516.0,207853.0,538097.0,340552.0,5.844361075730328,111282.0,276842.0,23.4,53.81685782824851,515346120,1.0,90795.71905887252,1444173504,0.0033250000000000003,-116.4425,45.0,45.0,100.0,51.448344815154144,0.0,0.0,5937670260,2.500850218455037,0.0,20.680657948288133,0.0,0.0,25.370147018102685,0.0,34929942856,0.0,0.0,190601.71733659052,0.0,0.0,0.0,0.0,0.0,0.0,0.0,0.0,0.0,0.0,0.0,0.0,0.0,0.0,0.0,0.0,0.0,0.0,0.0,0.0,0.0,0.0,0.0,0.0,0.0,0.0,0.0,0.0,0.0,0.0,0.0,0.0,0.0,0.0,0.0,0.0,0.0,0.0,0.0,0.0,0.0,0.0,0.0,0.0,0.0,0.0,0.0,0.0,0.0,0.0,0.0,0.0,0.0,0.0,0.0,0.0,0.0,0.0,0.0,0.0,0.0,0.0,0.0,0.0,0.0,0.0,0.0,0.0,0.0,0.0,0.0,0.0,0.0,0.0,0.0,0.0,0.0,0.0,0.0,0.0,0.0,0.0,0.0,0.0,0.0,0.0,0.0,0.0,0.0,0.0,0.0,0.0,0.0,0.0,0.0,0.0,0.0,0.0,0.0,0.0,0.0,0.0,0.0,0.0,0.0,0.0,0.0,0.0,0.0,0.0,0.0,0.0,0.0,0.0,0.0,0.0,0.0,0.0,0.0,0.0,0.0,0.0,0.0,0.0,0.0,0.0,0.0,0.0,0.0,0.0,zte,VNM,2026-04-09-00,2026-04-09-21,0.0,,,,,,,,,,,,,,2026-04-09-00
gsl00766_10n411,1775743200000,176.0,0.0,100.0,0.0,176.0,22.4244,4.207642854080933,0.6004418084693344,272.6795,0.0,17823.787584,0.0,2.5796696500000005,0.0,933120000,4.881374999999999,23.5525,0.0,179.0,37.3465,0.0,101.22033508055586,4.795304934914433,0.0,1307.581352,0.0,176.089,2.4810509375,35359168,0.0,251.5673283090967,15.157393689986282,5925.0395,39262357,233280000,0.0986187125,HOUR,2026-04-09 21:00:00,GMT+07:00,KV1,SLA,SLA029,,0.0,0.0,0.0,0.0,0.0,95.75471698113208,212.0,100.0,5.0,5.0,203.0,0.0,0.0,0.0,363277.0,2096389.0,265.0,0.0,0.0,7.0,0.07294708996165461,0.0,0.0,0.0,0.0,null,0.0,100.0,0.0,0.0,0.0,0.0,0.0,4.0,null,null,0.0,null,null,null,100.0,0.0,0.0,4.0,0.0,0.0,0.0,4.0,0.0,0.0,0.0,null,null,null,0.0,0.0,2.57979025,2.48117155,null,0.0,0.0986187,0.0,4.0,0.0,25087.0,155134.0,588654.0,4.2617564817363,28.08016254030381,29283.0,4413.0,11.603587865973932,114371.0,165295.0,377498.0,368989.0,4.9745691017134,75399.0,183315.0,24.025,62.68351187624649,402939180,1.0,105141.51491746222,1307581352,0.0011,-116.0,4.0,4.0,100.0,48.56052217495192,0.0,0.0,2520324900,1.1690128159619388,0.0,19.973350852189945,0.0,0.0,30.297114156896193,0.0,17823787584,0.0,0.0,229133.44137559406,0.0,0.0,0.0,0.0,0.0,0.0,0.0,0.0,0.0,0.0,0.0,0.0,0.0,0.0,0.0,0.0,0.0,0.0,0.0,0.0,0.0,0.0,0.0,0.0,0.0,0.0,0.0,0.0,0.0,0.0,0.0,0.0,0.0,0.0,0.0,0.0,0.0,0.0,0.0,0.0,0.0,0.0,0.0,0.0,0.0,0.0,0.0,0.0,0.0,0.0,0.0,0.0,0.0,0.0,0.0,0.0,0.0,0.0,0.0,0.0,0.0,0.0,0.0,0.0,0.0,0.0,0.0,0.0,0.0,0.0,0.0,0.0,0.0,0.0,0.0,0.0,0.0,0.0,0.0,0.0,0.0,0.0,0.0,0.0,0.0,0.0,0.0,0.0,0.0,0.0,0.0,0.0,0.0,0.0,0.0,0.0,0.0,0.0,0.0,0.0,0.0,0.0,0.0,0.0,0.0,0.0,0.0,0.0,0.0,0.0,0.0,0.0,0.0,0.0,0.0,0.0,0.0,0.0,0.0,0.0,0.0,0.0,0.0,0.0,0.0,0.0,0.0,0.0,0.0,0.0,zte,VNM,2026-04-09-00,2026-04-09-21,0.0,,,,,,,,,,,,,,2026-04-09-00
gsl00853_30n411,1775743200000,244.0,0.0,100.0,0.0,244.0,22.9193,2.417809956247456,3.472358154685251,153.606,0.0,11935.15352,0.0,1.800673775,0.0,1572480000,3.371375,8.185,0.0,228.0,6.6005,0.0,104.84746159961699,4.82190466518235,0.0,740.673488,0.0,113.8335,1.6833779,33369448,0.0,333.31782529016493,8.488361823361823,2728.2064,38019578,393120000,0.11729587500000001,HOUR,2026-04-09 21:00:00,GMT+07:00,KV1,SLA,SLA057,,0.0,0.0,0.0,0.0,0.0,97.5,280.0,100.0,44.0,44.0,273.0,0.0,0.0,0.0,280196.0,1411476.0,28.0,0.0,0.0,7.0,0.0099930048965724,0.0,0.0,0.0,0.0,null,0.0,null,0.0,0.0,0.0,0.0,0.0,0.0,null,null,0.0,null,null,null,null,0.0,0.0,0.0,0.0,0.0,0.0,0.0,0.0,0.0,0.0,null,null,null,0.0,0.0,1.80122535,1.683929475,null,0.0,0.117295875,0.0,0.0,0.0,7391.0,89423.0,311570.0,2.3721796065089706,34.45004332894695,11978.0,5434.0,10.941156078413831,77041.0,107336.0,231881.0,184865.0,3.844400937189075,37258.0,112148.0,24.799999999999997,59.33337612735501,226116360,0.0,106130.40565132041,740673488,0.0,-113.6525,44.0,44.0,100.0,48.36446280635326,0.0,0.0,2124523440,2.3434434041598924,0.0,16.067724393115434,0.0,0.0,33.224369396371415,0.0,11935153520,0.0,0.0,182016.8075189606,0.0,0.0,0.0,0.0,0.0,0.0,0.0,0.0,0.0,0.0,0.0,0.0,0.0,0.0,0.0,0.0,0.0,0.0,0.0,0.0,0.0,0.0,0.0,0.0,0.0,0.0,0.0,0.0,0.0,0.0,0.0,0.0,0.0,0.0,0.0,0.0,0.0,0.0,0.0,0.0,0.0,0.0,0.0,0.0,0.0,0.0,0.0,0.0,0.0,0.0,0.0,0.0,0.0,0.0,0.0,0.0,0.0,0.0,0.0,0.0,0.0,0.0,0.0,0.0,0.0,0.0,0.0,0.0,0.0,0.0,0.0,0.0,0.0,0.0,0.0,0.0,0.0,0.0,0.0,0.0,0.0,0.0,0.0,0.0,0.0,0.0,0.0,0.0,0.0,0.0,0.0,0.0,0.0,0.0,0.0,0.0,0.0,0.0,0.0,0.0,0.0,0.0,0.0,0.0,0.0,0.0,0.0,0.0,0.0,0.0,0.0,0.0,0.0,0.0,0.0,0.0,0.0,0.0,0.0,0.0,0.0,0.0,0.0,0.0,0.0,0.0,0.0,0.0,0.0,0.0,zte,VNM,2026-04-09-00,2026-04-09-21,0.0,,,,,,,,,,,,,,2026-04-09-00
gbl00024_30n411,1775728800000,343.0,0.0,99.42028985507247,0.0,345.0,16.5832,2.868279723748474,3.7045012844856475,292.267,0.0,22624.304216,0.0,3.0273598625,0.0,1572480000,4.175275,10.1685,0.0,216.0,4.4765,0.0,70.8241182431322,5.665947452158472,0.0,1655.969464,0.0,319.4435,2.875363575,35076453,0.0,265.7463047647146,8.922581654456655,2702.2412999999997,45103125,393120000,0.1519962875,HOUR,2026-04-09 17:00:00,GMT+07:00,KV3,CMU,CMU040,,0.0,0.0,0.0,0.0,0.0,73.26315789473684,475.0,100.0,145.0,145.0,348.0,0.0,0.0,0.0,655212.0,2337374.0,30.0,0.0,0.0,9.0,0.0045786707203164774,0.0,0.0,0.0,0.0,null,0.0,100.0,0.0,0.0,0.0,0.0,0.0,3.0,null,null,0.0,null,null,null,100.0,0.0,0.0,3.0,0.0,0.0,0.0,3.0,0.0,0.0,0.0,null,null,null,0.0,0.0,3.0279763125,2.875980025,null,0.0,0.1519962875,0.0,3.0,0.0,8106.0,116816.0,704210.0,1.1510770934806378,34.77087800514051,16327.0,8450.0,11.809854814408984,98615.0,244860.0,635671.0,434917.0,2.3184845429630365,304991.0,223615.0,26.225,61.75956035841581,453126600,1.0,118407.1088159468,1655969464,0.0011,-116.40499999999999,22.0,22.0,100.0,35.17778851009406,0.0,0.0,3337178220,1.3293039953057477,0.0,47.97937927009412,0.0,0.0,15.513528224506073,0.0,22624304216,0.0,0.0,219654.8725522966,0.0,0.0,0.0,0.0,0.0,0.0,0.0,0.0,0.0,0.0,0.0,0.0,0.0,0.0,0.0,0.0,0.0,0.0,0.0,0.0,0.0,0.0,0.0,0.0,0.0,0.0,0.0,0.0,0.0,0.0,0.0,0.0,0.0,0.0,0.0,0.0,0.0,0.0,0.0,0.0,0.0,0.0,0.0,0.0,0.0,0.0,0.0,0.0,0.0,0.0,0.0,0.0,0.0,0.0,0.0,0.0,0.0,0.0,0.0,0.0,0.0,0.0,0.0,0.0,0.0,0.0,0.0,0.0,0.0,0.0,0.0,0.0,0.0,0.0,0.0,0.0,0.0,0.0,0.0,0.0,0.0,0.0,0.0,0.0,0.0,0.0,0.0,0.0,0.0,0.0,0.0,0.0,0.0,0.0,0.0,0.0,0.0,0.0,0.0,0.0,0.0,0.0,0.0,0.0,0.0,0.0,0.0,0.0,0.0,0.0,0.0,0.0,0.0,0.0,0.0,0.0,0.0,0.0,0.0,0.0,0.0,0.0,0.0,0.0,0.0,0.0,0.0,0.0,0.0,0.0,zte,VNM,2026-04-09-00,2026-04-09-17,0.0,,,,,,,,,,,,,,2026-04-09-00
gcm00042_11_10n411,1775689200000,50.0,0.0,100.0,0.0,50.0,0.9056000000000001,1.8234206476393975,11.319999999999999,103.2695,0.0,3348.39804,0.0,0.528574875,0.0,1572480000,1.2128,0.8305,0.0,39.0,0.08,0.0,54.42602711225253,6.39632263156111,0.0,660.54504,0.0,61.522,0.4594699125,11941399,0.0,580.1182420228778,3.037596408221408,481.78819999999996,28672925,393120000,0.0691049625,HOUR,2026-04-09 06:00:00,GMT+07:00,KV3,CMU,CMU003,,0.0,0.0,0.0,0.0,0.0,96.72131147540983,61.0,100.0,17.0,17.0,59.0,0.0,0.0,0.0,156434.0,436901.0,1.0,0.0,0.0,4.0,0.0006392472224708184,0.0,0.0,0.0,0.0,null,0.0,null,0.0,0.0,0.0,0.0,0.0,0.0,null,null,0.0,null,null,null,null,0.0,0.0,0.0,0.0,0.0,0.0,0.0,0.0,0.0,0.0,null,null,null,0.0,0.0,0.5297637625,0.46065881249999996,null,0.0,0.06910495,0.0,0.0,0.0,63.0,50062.0,201284.0,0.03129906003457801,95.75127680292522,55.0,727.0,12.757880228516639,43100.0,192732.0,121375.0,8434.0,0.027324576220663338,12505.0,65043.0,31.4,4.190099560819538,116907480,0.0,183064.9270346089,660545040,0.0,-116.9675,9.0,9.0,100.0,53.588465499485075,0.0,0.0,440241840,0.5989701338825952,0.0,10.302780638516992,0.0,0.0,35.509783728115345,0.0,3348398040,0.0,0.0,246428.4096577463,0.0,0.0,0.0,0.0,0.0,0.0,0.0,0.0,0.0,0.0,0.0,0.0,0.0,0.0,0.0,0.0,0.0,0.0,0.0,0.0,0.0,0.0,0.0,0.0,0.0,0.0,0.0,0.0,0.0,0.0,0.0,0.0,0.0,0.0,0.0,0.0,0.0,0.0,0.0,0.0,0.0,0.0,0.0,0.0,0.0,0.0,0.0,0.0,0.0,0.0,0.0,0.0,0.0,0.0,0.0,0.0,0.0,0.0,0.0,0.0,0.0,0.0,0.0,0.0,0.0,0.0,0.0,0.0,0.0,0.0,0.0,0.0,0.0,0.0,0.0,0.0,0.0,0.0,0.0,0.0,0.0,0.0,0.0,0.0,0.0,0.0,0.0,0.0,0.0,0.0,0.0,0.0,0.0,0.0,0.0,0.0,0.0,0.0,0.0,0.0,0.0,0.0,0.0,0.0,0.0,0.0,0.0,0.0,0.0,0.0,0.0,0.0,0.0,0.0,0.0,0.0,0.0,0.0,0.0,0.0,0.0,0.0,0.0,0.0,0.0,0.0,0.0,0.0,0.0,0.0,zte,VNM,2026-04-09-00,2026-04-09-06,0.0,,,,,,,,,,,,,,2026-04-09-00
gdb00021_10n411,1775743200000,274.0,0.0,99.63636363636364,0.0,275.0,60.3607,3.805487611454047,9.624603364426374,161.4555,0.0,13623.95756,0.0,2.0049130625,0.0,933120000,2.4836,30.83,0.0,274.0,6.2715,0.0,109.62308947537817,4.8685662117425546,0.0,786.056792,0.0,124.28,1.8636106375,28985458,0.0,303.31882906260137,12.425179183813444,9351.3195,35509766,233280000,0.141302425,HOUR,2026-04-09 21:00:00,GMT+07:00,KV1,DBN,DBN022,,0.0,0.0,0.0,0.0,0.0,51.88284518828452,478.0,null,0.0,0.0,248.0,0.0,0.0,0.0,336970.0,1504192.0,23.0,0.0,0.0,8.0,0.006825533430275692,0.0,0.0,0.0,0.0,null,0.0,null,0.0,0.0,0.0,0.0,0.0,0.0,null,null,0.0,null,null,null,null,0.0,0.0,0.0,0.0,0.0,0.0,0.0,0.0,0.0,0.0,null,null,null,0.0,0.0,2.00505345,1.863751025,null,0.0,0.14130242499999998,0.0,0.0,0.0,6873.0,66160.0,304804.0,2.2548916680883453,42.33769898032834,4504.0,5173.0,11.602584643288996,68786.0,129047.0,247687.0,164380.0,1.4776708967073922,77210.0,96518.0,22.7,53.92973845487592,218973600,0.0,116307.35422352282,786056792,0.0,-115.9975,0.0,0.0,null,38.967729432711444,0.0,0.0,1848126240,2.088523014934171,0.0,31.17240711058715,0.0,0.0,27.77134044176723,0.0,13623957560,0.0,0.0,238845.27766025334,0.0,0.0,0.0,0.0,0.0,0.0,0.0,0.0,0.0,0.0,0.0,0.0,0.0,0.0,0.0,0.0,0.0,0.0,0.0,0.0,0.0,0.0,0.0,0.0,0.0,0.0,0.0,0.0,0.0,0.0,0.0,0.0,0.0,0.0,0.0,0.0,0.0,0.0,0.0,0.0,0.0,0.0,0.0,0.0,0.0,0.0,0.0,0.0,0.0,0.0,0.0,0.0,0.0,0.0,0.0,0.0,0.0,0.0,0.0,0.0,0.0,0.0,0.0,0.0,0.0,0.0,0.0,0.0,0.0,0.0,0.0,0.0,0.0,0.0,0.0,0.0,0.0,0.0,0.0,0.0,0.0,0.0,0.0,0.0,0.0,0.0,0.0,0.0,0.0,0.0,0.0,0.0,0.0,0.0,0.0,0.0,0.0,0.0,0.0,0.0,0.0,0.0,0.0,0.0,0.0,0.0,0.0,0.0,0.0,0.0,0.0,0.0,0.0,0.0,0.0,0.0,0.0,0.0,0.0,0.0,0.0,0.0,0.0,0.0,0.0,0.0,0.0,0.0,0.0,0.0,zte,VNM,2026-04-09-00,2026-04-09-21,0.0,,,,,,,,,,,,,,2026-04-09-00
gdb00052_11_10n411,1775703600000,669.0,0.0,99.85074626865672,0.0,670.0,362.7217,4.329590942215363,50.37801388888889,374.2835,0.0,23226.278208,0.0,3.6881037374999996,0.0,933120000,null,12.09,0.0,433.0,7.2,0.0,69.90276814174209,9.6574640132413,0.0,3614.629432,0.0,332.2655,3.1952885625,37121444,0.0,313.3875103391232,15.912827503429355,3788.8549999999996,40400279,233280000,0.492815175,HOUR,2026-04-09 10:00:00,GMT+07:00,KV1,DBN,DBN002,,0.0,0.0,0.0,0.0,0.0,97.43354720439963,1091.0,100.0,438.0,438.0,1063.0,0.0,0.0,0.0,1008577.0,2809679.0,38.0,0.0,0.0,null,0.003767684569447846,0.0,0.0,0.0,0.0,null,0.0,100.0,0.0,0.0,0.0,0.0,0.0,1.0,null,null,0.0,null,null,null,null,0.0,null,null,null,0.0,0.0,1.0,null,0.0,null,null,null,null,0.0,0.0,3.6909357375000003,3.1981205624999998,null,null,0.492815175,null,null,0.0,1930.0,291235.0,1042883.0,0.18506390457990013,77.1498816262227,2236.0,7927.0,12.566006832969938,202321.0,804583.0,689139.0,234134.0,0.2144056428189931,215011.0,263880.0,29.924999999999997,22.450648826378412,722024820,null,162202.17138352667,3614629432,null,-115.36250000000001,185.0,185.0,100.0,38.29125909286806,0.0,0.0,2514854340,1.1502759240153293,0.0,31.199946600032796,0.0,0.0,29.35851838308382,0.0,23226278208,0.0,0.0,299234.5926242392,0.0,0.0,0.0,0.0,null,0.0,0.0,0.0,0.0,0.0,0.0,0.0,0.0,0.0,0.0,0.0,0.0,0.0,0.0,0.0,0.0,0.0,0.0,0.0,0.0,0.0,0.0,0.0,0.0,0.0,0.0,0.0,0.0,0.0,0.0,0.0,0.0,0.0,0.0,0.0,0.0,0.0,0.0,0.0,0.0,0.0,0.0,0.0,0.0,0.0,0.0,0.0,0.0,0.0,0.0,0.0,0.0,0.0,0.0,0.0,0.0,0.0,0.0,0.0,0.0,0.0,0.0,0.0,0.0,0.0,0.0,0.0,0.0,0.0,0.0,0.0,0.0,0.0,0.0,0.0,0.0,0.0,0.0,0.0,0.0,0.0,0.0,0.0,0.0,0.0,0.0,0.0,0.0,0.0,0.0,0.0,0.0,0.0,0.0,0.0,0.0,0.0,0.0,0.0,0.0,0.0,0.0,0.0,0.0,0.0,0.0,0.0,0.0,0.0,0.0,0.0,0.0,0.0,0.0,0.0,0.0,0.0,0.0,0.0,0.0,0.0,0.0,0.0,0.0,0.0,zte,VNM,2026-04-09-00,2026-04-09-10,0.0,,,,,,,,,,,,,,2026-04-09-00
gdb00059_20n411,1775739600000,149.0,0.0,99.33333333333333,0.0,150.0,451.8085,2.697735029450786,42.99048479946715,200.8765,0.0,8889.586592,0.0,1.8498669749999999,0.0,1248184000,2.776675,6.318,0.0,104.0,10.5095,0.0,70.58588686676195,9.775110617717852,0.0,1963.590008,0.0,125.94,1.2834904624999999,34486763,0.0,390.3408198797088,11.051820244451138,2466.1733000000004,33672697,312046000,0.5663765125,HOUR,2026-04-09 20:00:00,GMT+07:00,KV1,DBN,DBN018,,0.0,0.0,0.0,0.0,0.0,48.561151079136685,278.0,97.82608695652173,46.0,45.0,135.0,0.0,0.0,0.0,729662.0,1143476.0,67.0,0.0,0.0,6.0,0.00918233373808695,0.0,0.0,0.0,0.0,null,0.0,100.0,0.0,0.0,0.0,0.0,0.0,5.0,null,null,0.0,null,null,null,100.0,0.0,0.0,5.0,0.0,0.0,0.0,5.0,0.0,0.0,0.0,null,null,null,0.0,0.0,1.8505168375000003,1.2841403125000002,null,0.0,0.5663765249999999,0.0,5.0,0.0,3747.0,93731.0,415572.0,0.9016488117582513,50.256995177730936,7811.0,1309.0,12.040946965251624,86914.0,208854.0,244501.0,195160.0,1.8795780273935685,68029.0,88249.0,24.825000000000003,46.961777983117244,511986420,1.0,124261.72604187432,1963590008,0.002225,-116.54750000000001,0.0,0.0,null,36.09351290996765,0.0,0.0,1373566140,0.5353761334309471,0.0,27.823608083402522,0.0,0.0,35.54750287319888,0.0,8889586592,0.0,0.0,209689.65177082774,0.0,0.0,0.0,0.0,0.0,0.0,0.0,0.0,0.0,0.0,0.0,0.0,0.0,0.0,0.0,0.0,0.0,0.0,0.0,0.0,0.0,0.0,0.0,0.0,0.0,0.0,0.0,0.0,0.0,0.0,0.0,0.0,0.0,0.0,0.0,0.0,0.0,0.0,0.0,0.0,0.0,0.0,0.0,0.0,0.0,0.0,0.0,0.0,0.0,0.0,0.0,0.0,0.0,0.0,0.0,0.0,0.0,0.0,0.0,0.0,0.0,0.0,0.0,0.0,0.0,0.0,0.0,0.0,0.0,0.0,0.0,0.0,0.0,0.0,0.0,0.0,0.0,0.0,0.0,0.0,0.0,0.0,0.0,0.0,0.0,0.0,0.0,0.0,0.0,0.0,0.0,0.0,0.0,0.0,0.0,0.0,0.0,0.0,0.0,0.0,0.0,0.0,0.0,0.0,0.0,0.0,0.0,0.0,0.0,0.0,0.0,0.0,0.0,0.0,0.0,0.0,0.0,0.0,0.0,0.0,0.0,0.0,0.0,0.0,0.0,0.0,0.0,0.0,0.0,0.0,zte,VNM,2026-04-09-00,2026-04-09-20,0.0,,,,,,,,,,,,,,2026-04-09-00
gdb00069_30n411,1775703600000,291.0,0.0,99.65753424657534,0.0,292.0,24.3934,2.160118856837607,2.6054365821094794,168.941,0.0,8828.942488,0.0,1.244352475,0.0,1572480000,null,3.01,0.0,283.0,9.3625,0.0,83.95443749970283,5.243780728183212,0.0,885.88956,0.0,105.1635,1.1882329375,33685430,0.0,294.52514950166113,8.568739824989825,886.5207,33967437,393120000,0.0561195375,HOUR,2026-04-09 10:00:00,GMT+07:00,KV1,DBN,DBN029,,0.0,0.0,0.0,0.0,0.0,85.93350383631714,391.0,100.0,26.0,26.0,336.0,0.0,0.0,0.0,198462.0,980665.0,1.0,0.0,0.0,null,0.0005038747971903941,0.0,0.0,0.0,0.0,null,0.0,null,0.0,0.0,0.0,0.0,0.0,0.0,null,null,0.0,null,null,null,null,0.0,null,null,null,0.0,0.0,0.0,null,0.0,null,null,null,null,0.0,0.0,1.2446780625,1.188558525,null,null,0.056119537500000004,null,null,0.0,6645.0,72679.0,339634.0,1.9565178986791665,59.03943656995472,9442.0,4662.0,11.667496801001665,38471.0,200518.0,221069.0,123029.0,2.780051467167598,102470.0,75466.0,24.825000000000003,36.223994064198514,234900000,null,122191.66344827587,885889560,null,-116.16,25.0,25.0,100.0,34.13685319967974,0.0,0.0,1425989340,2.1088438451343245,0.0,46.35204393198504,0.0,0.0,17.4022590232009,0.0,8828942488,0.0,0.0,200602.9979236731,0.0,0.0,0.0,0.0,null,0.0,0.0,0.0,0.0,0.0,0.0,0.0,0.0,0.0,0.0,0.0,0.0,0.0,0.0,0.0,0.0,0.0,0.0,0.0,0.0,0.0,0.0,0.0,0.0,0.0,0.0,0.0,0.0,0.0,0.0,0.0,0.0,0.0,0.0,0.0,0.0,0.0,0.0,0.0,0.0,0.0,0.0,0.0,0.0,0.0,0.0,0.0,0.0,0.0,0.0,0.0,0.0,0.0,0.0,0.0,0.0,0.0,0.0,0.0,0.0,0.0,0.0,0.0,0.0,0.0,0.0,0.0,0.0,0.0,0.0,0.0,0.0,0.0,0.0,0.0,0.0,0.0,0.0,0.0,0.0,0.0,0.0,0.0,0.0,0.0,0.0,0.0,0.0,0.0,0.0,0.0,0.0,0.0,0.0,0.0,0.0,0.0,0.0,0.0,0.0,0.0,0.0,0.0,0.0,0.0,0.0,0.0,0.0,0.0,0.0,0.0,0.0,0.0,0.0,0.0,0.0,0.0,0.0,0.0,0.0,0.0,0.0,0.0,0.0,0.0,zte,VNM,2026-04-09-00,2026-04-09-10,0.0,,,,,,,,,,,,,,2026-04-09-00
gdb00246_20n411,1775728800000,149.0,0.0,100.0,0.0,149.0,193.633,4.390477430555555,7.279025618856079,179.217,0.0,24588.235864,0.0,3.5994135500000004,0.0,933120000,3.39805,32.293,0.0,145.0,26.6015,0.0,125.45530360422875,6.172687501743695,0.0,1106.250536,0.0,195.992,3.425388025,29131152,0.0,312.4380237203109,12.487633744855966,10089.5611,40968423,233280000,0.174025525,HOUR,2026-04-09 17:00:00,GMT+07:00,KV1,DBN,DBN010,,0.0,0.0,0.0,0.0,0.0,96.91358024691358,162.0,100.0,5.0,5.0,157.0,0.0,0.0,0.0,552530.0,2643507.0,241.0,0.0,0.0,8.0,0.04361754112898847,0.0,0.0,0.0,0.0,null,0.0,100.0,0.0,0.0,0.0,0.0,0.0,3.0,null,null,0.0,null,null,null,100.0,0.0,0.0,3.0,0.0,0.0,0.0,3.0,0.0,0.0,0.0,null,null,null,0.0,0.0,3.5996422875,3.42561675,null,0.0,0.17402553750000002,0.0,3.0,0.0,8739.0,101052.0,364635.0,2.396643218561027,39.190149053162756,10491.0,3498.0,12.783497605193366,70081.0,142901.0,397019.0,202504.0,2.877123699041507,142151.0,181289.0,24.0,55.536084029234715,300646440,2.0,119218.16658264771,1106250536,0.002225,-116.0,5.0,5.0,100.0,45.66255015503036,0.0,0.0,2841121440,0.8810661454489584,0.0,35.804583659724095,0.0,0.0,17.651800039796584,0.0,24588235864,0.0,0.0,280402.95313585753,0.0,0.0,0.0,0.0,0.0,0.0,0.0,0.0,0.0,0.0,0.0,0.0,0.0,0.0,0.0,0.0,0.0,0.0,0.0,0.0,0.0,0.0,0.0,0.0,0.0,0.0,0.0,0.0,0.0,0.0,0.0,0.0,0.0,0.0,0.0,0.0,0.0,0.0,0.0,0.0,0.0,0.0,0.0,0.0,0.0,0.0,0.0,0.0,0.0,0.0,0.0,0.0,0.0,0.0,0.0,0.0,0.0,0.0,0.0,0.0,0.0,0.0,0.0,0.0,0.0,0.0,0.0,0.0,0.0,0.0,0.0,0.0,0.0,0.0,0.0,0.0,0.0,0.0,0.0,0.0,0.0,0.0,0.0,0.0,0.0,0.0,0.0,0.0,0.0,0.0,0.0,0.0,0.0,0.0,0.0,0.0,0.0,0.0,0.0,0.0,0.0,0.0,0.0,0.0,0.0,0.0,0.0,0.0,0.0,0.0,0.0,0.0,0.0,0.0,0.0,0.0,0.0,0.0,0.0,0.0,0.0,0.0,0.0,0.0,0.0,0.0,0.0,0.0,0.0,0.0,zte,VNM,2026-04-09-00,2026-04-09-17,0.0,,,,,,,,,,,,,,2026-04-09-00
gdb00289_20n411,1775714400000,351.0,0.0,100.0,0.0,351.0,16.8748,4.477897590877915,0.5578354076792119,186.6,0.3058103975535168,16167.394688,0.0,2.440951712500001,0.0,933120000,4.087475,42.1515,0.0,327.0,30.2505,0.0,119.25187951922759,3.8749287459807076,0.0,723.061704,0.0,135.5735,2.3651951500000004,34611792,1.0,206.3292765382015,14.83701646090535,8697.0885,41784158,233280000,0.0757565625,HOUR,2026-04-09 13:00:00,GMT+07:00,KV1,DBN,DBN019,,0.0,0.0,0.0,0.0,0.0,8.25491873396065,2338.0,100.0,23.0,23.0,193.0,0.0,0.0,0.0,322126.0,1963638.0,561.0,0.0,0.0,8.0,0.17415545469785115,0.0,0.0,0.0,0.0,null,0.0,100.0,0.0,0.0,0.0,0.0,0.0,2.0,null,null,0.0,null,null,null,100.0,0.0,0.0,2.0,0.0,0.0,0.0,2.0,0.0,0.0,0.0,null,null,null,0.0,0.0,2.4413742875,2.365617725,null,0.0,0.0757565625,0.0,2.0,0.0,29394.0,114070.0,382270.0,7.689329531482983,14.95592120752348,44267.0,6237.0,12.274217585692995,95877.0,57172.0,272989.0,251437.0,11.580035053757815,35586.0,135289.0,20.15,65.77471420723572,269561880,1.0,86908.42788898788,723061704,0.000825,-116.0,1.0,1.0,100.0,49.558407115305016,0.0,0.0,2974766400,2.2847074424244203,0.0,13.035690082750587,0.0,0.0,35.12119535951998,0.0,16167394688,0.0,0.0,176088.98227813788,0.0,0.0,0.0,0.0,0.0,0.0,0.0,0.0,0.0,0.0,0.0,0.0,0.0,0.0,0.0,0.0,0.0,0.0,0.0,0.0,0.0,0.0,0.0,0.0,0.0,0.0,0.0,0.0,0.0,0.0,0.0,0.0,0.0,0.0,0.0,0.0,0.0,0.0,0.0,0.0,0.0,0.0,0.0,0.0,0.0,0.0,0.0,0.0,0.0,0.0,0.0,0.0,0.0,0.0,0.0,0.0,0.0,0.0,0.0,0.0,0.0,0.0,0.0,0.0,0.0,0.0,0.0,0.0,0.0,0.0,0.0,0.0,0.0,0.0,0.0,0.0,0.0,0.0,0.0,0.0,0.0,0.0,0.0,0.0,0.0,0.0,0.0,0.0,0.0,0.0,0.0,0.0,0.0,0.0,0.0,0.0,0.0,0.0,0.0,0.0,0.0,0.0,0.0,0.0,0.0,0.0,0.0,0.0,0.0,0.0,0.0,0.0,0.0,0.0,0.0,0.0,0.0,0.0,0.0,0.0,0.0,0.0,0.0,0.0,0.0,0.0,0.0,0.0,0.0,0.0,zte,VNM,2026-04-09-00,2026-04-09-13,0.0,,,,,,,,,,,,,,2026-04-09-00
gdb00402_10n411,1775739600000,972.0,0.0,99.7946611909651,0.0,974.0,28.2985,5.066534850823045,1.6245766117457947,253.203,0.1148105625717566,21230.780544,0.0,3.0874441624999998,0.0,933120000,6.98195,45.087,0.0,871.0,17.419,0.0,93.01281910482287,4.419163817174362,0.0,1118.945536,0.0,228.2565,2.8909646625000005,35289582,1.0,224.47732384057488,15.127564300411523,10121.0091,47276850,233280000,0.1964795,HOUR,2026-04-09 20:00:00,GMT+07:00,KV1,DBN,DBN004,,0.0,0.0,0.0,0.0,0.0,96.52582159624413,1065.0,99.17355371900827,121.0,120.0,1028.0,0.0,0.0,0.0,617747.0,2405247.0,141.0,0.014302065442759103,344.0,13.0,0.02282487814590763,0.0,0.0,0.0,0.0,null,0.0,100.0,0.0,0.0,0.0,0.0,0.0,3.0,null,null,0.0,null,null,null,100.0,0.0,0.0,3.0,0.0,0.0,0.0,3.0,0.0,0.0,0.0,null,null,null,0.0,0.0,3.0883583624999997,2.8918788749999997,null,0.0,0.1964794875,0.0,3.0,0.0,21798.0,208686.0,528662.0,4.123239423298818,20.84375271912867,36243.0,16795.0,11.858950768139692,143134.0,110193.0,469270.0,360428.0,6.8556090659060045,112047.0,197294.0,22.1,68.1773987916665,391397760,1.0,92626.57856396522,1118945536,0.0011,-116.0,29.0,29.0,100.0,42.042747245722076,0.0,0.0,3868389900,3.5789630703006794,0.0,23.87687258934089,0.0,0.0,30.501417094636352,0.0,21230780544,0.0,0.0,177820.0510826481,0.0,0.0,0.0,0.0,0.0,0.0,0.0,0.0,0.0,0.0,0.0,0.0,0.0,0.0,0.0,0.0,0.0,0.0,0.0,0.0,0.0,0.0,0.0,0.0,0.0,0.0,0.0,0.0,0.0,0.0,0.0,0.0,0.0,0.0,0.0,0.0,0.0,0.0,0.0,0.0,0.0,0.0,0.0,0.0,0.0,0.0,0.0,0.0,0.0,0.0,0.0,0.0,0.0,0.0,0.0,0.0,0.0,0.0,0.0,0.0,0.0,0.0,0.0,0.0,0.0,0.0,0.0,0.0,0.0,0.0,0.0,0.0,0.0,0.0,0.0,0.0,0.0,0.0,0.0,0.0,0.0,0.0,0.0,0.0,0.0,0.0,0.0,0.0,0.0,0.0,0.0,0.0,0.0,0.0,0.0,0.0,0.0,0.0,0.0,0.0,0.0,0.0,0.0,0.0,0.0,0.0,0.0,0.0,0.0,0.0,0.0,0.0,0.0,0.0,0.0,0.0,0.0,0.0,0.0,0.0,0.0,0.0,0.0,0.0,0.0,0.0,0.0,0.0,0.0,0.0,zte,VNM,2026-04-09-00,2026-04-09-20,0.0,,,,,,,,,,,,,,2026-04-09-00
gdb00471_20n411,1775739600000,100.0,0.0,100.0,0.0,100.0,25.4568,3.286729242979243,0.49238506025028533,144.19,0.0,18203.857128,0.0,2.5987527249999998,0.0,1572480000,1.5264,48.5855,0.0,73.0,51.701,0.0,162.18978534899054,2.459658173243637,0.0,354.658112,0.0,112.238,2.5639301625,18030684,0.0,264.7666423109775,4.586559829059829,12863.819699999998,51683160,393120000,0.0348225625,HOUR,2026-04-09 20:00:00,GMT+07:00,KV1,DBN,DBN043,,0.0,0.0,0.0,0.0,0.0,82.48175182481752,137.0,100.0,35.0,35.0,113.0,0.0,0.0,0.0,261170.0,1911651.0,16.0,0.0,0.0,6.0,0.006126277903281388,0.0,0.0,0.0,0.0,null,0.0,null,0.0,0.0,0.0,0.0,0.0,0.0,null,null,0.0,null,null,null,null,0.0,0.0,0.0,0.0,0.0,0.0,0.0,0.0,0.0,0.0,null,null,null,0.0,0.0,2.5993817375,2.5645591624999997,null,0.0,0.034822575,0.0,0.0,0.0,44701.0,48625.0,241608.0,18.501456905400484,2.106718320585411,41713.0,6319.0,10.50321850899743,56857.0,5090.0,212418.0,150104.0,17.2647428893083,9414.0,139828.0,17.725,62.1270818847058,207014580,0.0,55507.79480749616,354658112,0.0,-116.575,21.0,21.0,100.0,65.82681317025863,0.0,0.0,4609870020,2.9747949797098174,0.0,4.4318278112024405,0.0,0.0,26.7665640388291,0.0,18203857128,0.0,0.0,127943.94817821782,0.0,0.0,0.0,0.0,0.0,0.0,0.0,0.0,0.0,0.0,0.0,0.0,0.0,0.0,0.0,0.0,0.0,0.0,0.0,0.0,0.0,0.0,0.0,0.0,0.0,0.0,0.0,0.0,0.0,0.0,0.0,0.0,0.0,0.0,0.0,0.0,0.0,0.0,0.0,0.0,0.0,0.0,0.0,0.0,0.0,0.0,0.0,0.0,0.0,0.0,0.0,0.0,0.0,0.0,0.0,0.0,0.0,0.0,0.0,0.0,0.0,0.0,0.0,0.0,0.0,0.0,0.0,0.0,0.0,0.0,0.0,0.0,0.0,0.0,0.0,0.0,0.0,0.0,0.0,0.0,0.0,0.0,0.0,0.0,0.0,0.0,0.0,0.0,0.0,0.0,0.0,0.0,0.0,0.0,0.0,0.0,0.0,0.0,0.0,0.0,0.0,0.0,0.0,0.0,0.0,0.0,0.0,0.0,0.0,0.0,0.0,0.0,0.0,0.0,0.0,0.0,0.0,0.0,0.0,0.0,0.0,0.0,0.0,0.0,0.0,0.0,0.0,0.0,0.0,0.0,zte,VNM,2026-04-09-00,2026-04-09-20,0.0,,,,,,,,,,,,,,2026-04-09-00
gdb0051611_20n411,1775746800000,740.0,0.0,99.86504723346829,0.0,741.0,304.05649999999997,5.51158822016461,2.6410529241620124,535.529,0.0,28458.250792,0.0,4.5379218,0.0,933120000,12.0225,44.9445,0.0,716.0,115.127,0.0,50.192688969628556,9.124014647199312,0.0,4886.17444,0.0,566.98,4.0504188375,42328369,0.0,212.90513633481294,18.144876971879288,9568.9149,51429732,233280000,0.4875029625,HOUR,2026-04-09 22:00:00,GMT+07:00,KV1,DBN,DBN002,,0.0,0.0,0.0,0.0,0.0,96.17486338797814,1098.0,100.0,263.0,263.0,1056.0,0.0,0.0,0.0,1485235.0,3868528.0,1676.0,0.0013441805255125464,52.0,19.0,0.11284409537884578,0.0,0.0,0.0,0.0,null,0.0,100.0,0.0,0.0,0.0,0.0,0.0,9.0,null,null,0.0,null,null,null,100.0,0.0,0.0,9.0,0.0,0.0,0.0,9.0,0.0,0.0,0.0,null,null,null,0.0,0.0,4.5394263,4.05192335,null,0.0,0.48750295,0.0,9.0,0.0,80172.0,368627.0,1808004.0,4.4342822250393255,37.91706213039352,48235.0,35809.0,10.774254191906724,480049.0,685542.0,1234530.0,994055.0,2.6678591419045534,216948.0,501724.0,24.8,54.98079650266261,1658038140,1.0,95481.5501747143,4886174440,0.005275,-116.6375,241.0,241.0,100.0,40.640891675374434,0.0,0.0,4613524380,2.9006180489741036,0.0,17.573327501154285,0.0,0.0,38.885162774497175,0.0,28458250792,0.0,0.0,199857.4733143168,0.0,0.0,0.0,0.0,0.0,0.0,0.0,0.0,0.0,0.0,0.0,0.0,0.0,0.0,0.0,0.0,0.0,0.0,0.0,0.0,0.0,0.0,0.0,0.0,0.0,0.0,0.0,0.0,0.0,0.0,0.0,0.0,0.0,0.0,0.0,0.0,0.0,0.0,0.0,0.0,0.0,0.0,0.0,0.0,0.0,0.0,0.0,0.0,0.0,0.0,0.0,0.0,0.0,0.0,0.0,0.0,0.0,0.0,0.0,0.0,0.0,0.0,0.0,0.0,0.0,0.0,0.0,0.0,0.0,0.0,0.0,0.0,0.0,0.0,0.0,0.0,0.0,0.0,0.0,0.0,0.0,0.0,0.0,0.0,0.0,0.0,0.0,0.0,0.0,0.0,0.0,0.0,0.0,0.0,0.0,0.0,0.0,0.0,0.0,0.0,0.0,0.0,0.0,0.0,0.0,0.0,0.0,0.0,0.0,0.0,0.0,0.0,0.0,0.0,0.0,0.0,0.0,0.0,0.0,0.0,0.0,0.0,0.0,0.0,0.0,0.0,0.0,0.0,0.0,0.0,zte,VNM,2026-04-09-00,2026-04-09-22,0.0,,,,,,,,,,,,,,2026-04-09-00
gsl00062_20n411,1775718000000,725.0,0.0,99.86225895316805,0.0,726.0,141.1542,4.343472413003663,2.334458492859565,309.11,0.0,36093.859288,0.0,5.4778402125,0.0,1572480000,10.11195,57.008,0.0,609.0,60.4655,0.0,115.68433408653122,5.459821138106176,0.0,1687.685312,0.0,312.003,5.229242400000001,36844829,0.0,250.97262664889135,9.372412749287749,14307.447499999998,68300235,393120000,0.2485978125,HOUR,2026-04-09 14:00:00,GMT+07:00,KV1,SLA,SLA012,,0.0,0.0,0.0,0.0,0.0,86.08893956670467,877.0,100.0,114.0,114.0,755.0,0.0,0.0,0.0,778620.0,4245276.0,55.0,0.0,0.0,20.0,0.007063779507333487,0.0,0.0,0.0,0.0,null,0.0,100.0,0.0,0.0,0.0,0.0,0.0,3.0,null,null,0.0,null,null,null,100.0,0.0,0.0,3.0,0.0,0.0,0.0,3.0,0.0,0.0,0.0,null,null,null,0.0,0.0,5.478783437500001,5.2301856,null,0.0,0.2485978375,0.0,3.0,0.0,91364.0,294588.0,770163.0,11.862943299015923,26.591383901849348,82168.0,20688.0,10.90535256018575,239458.0,204797.0,649588.0,391834.0,10.668910347549804,160329.0,229113.0,25.2,50.87676245158492,670917600,1.0,81501.81797108916,1687685312,0.000825,-116.8475,4.0,4.0,100.0,35.27050992321287,0.0,0.0,7558941960,3.184787896328134,0.0,24.681644365351577,0.0,0.0,36.86305781510742,0.0,36093859288,0.0,0.0,154709.62035686802,0.0,0.0,0.0,0.0,0.0,0.0,0.0,0.0,0.0,0.0,0.0,0.0,0.0,0.0,0.0,0.0,0.0,0.0,0.0,0.0,0.0,0.0,0.0,0.0,0.0,0.0,0.0,0.0,0.0,0.0,0.0,0.0,0.0,0.0,0.0,0.0,0.0,0.0,0.0,0.0,0.0,0.0,0.0,0.0,0.0,0.0,0.0,0.0,0.0,0.0,0.0,0.0,0.0,0.0,0.0,0.0,0.0,0.0,0.0,0.0,0.0,0.0,0.0,0.0,0.0,0.0,0.0,0.0,0.0,0.0,0.0,0.0,0.0,0.0,0.0,0.0,0.0,0.0,0.0,0.0,0.0,0.0,0.0,0.0,0.0,0.0,0.0,0.0,0.0,0.0,0.0,0.0,0.0,0.0,0.0,0.0,0.0,0.0,0.0,0.0,0.0,0.0,0.0,0.0,0.0,0.0,0.0,0.0,0.0,0.0,0.0,0.0,0.0,0.0,0.0,0.0,0.0,0.0,0.0,0.0,0.0,0.0,0.0,0.0,0.0,0.0,0.0,0.0,0.0,0.0,zte,VNM,2026-04-09-00,2026-04-09-14,0.0,,,,,,,,,,,,,,2026-04-09-00
gsl00124_20n411,1775743200000,641.0,0.0,99.84423676012462,0.0,642.0,305.0603,3.908082455738706,5.882608276447221,417.117,0.0,47901.721816,0.0,7.469016899999999,0.0,1572480000,12.457225000000001,28.477,0.0,634.0,51.858,0.0,117.07132250645826,8.394066892502584,0.0,3501.308,0.0,409.167,6.965134787499999,39110475,0.0,516.8950556589529,9.948737026862027,14719.6205,61453815,393120000,0.5038821124999999,HOUR,2026-04-09 21:00:00,GMT+07:00,KV1,SLA,SLA020,,0.0,0.0,0.0,0.0,0.0,92.35588972431079,798.0,100.0,87.0,87.0,737.0,0.0,0.0,0.0,1326937.0,5694538.0,1988.0,0.0,0.0,22.0,0.14981871784417797,0.0,0.0,0.0,0.0,null,0.0,100.0,0.0,0.0,0.0,0.0,0.0,3.0,null,null,0.0,null,null,null,100.0,0.0,0.0,3.0,0.0,0.0,0.0,3.0,0.0,0.0,0.0,null,null,null,0.0,0.0,7.4700389375,6.966156825,null,0.0,0.5038821124999999,0.0,3.0,0.0,34718.0,354723.0,1283240.0,2.705495464605218,48.68699541784857,17265.0,9760.0,12.324247370483448,262872.0,624771.0,884674.0,606486.0,1.3454225242355289,206463.0,405579.0,26.25,47.262086593310684,1080331020,1.0,105007.05533753904,3501308000,0.00055,-116.3375,77.0,77.0,100.0,45.84502313846682,0.0,0.0,6365915280,1.1032312467643448,0.0,23.337749272613415,0.0,0.0,29.71399634215541,0.0,47901721816,0.0,0.0,243800.88621575243,0.0,0.0,0.0,0.0,0.0,0.0,0.0,0.0,0.0,0.0,0.0,0.0,0.0,0.0,0.0,0.0,0.0,0.0,0.0,0.0,0.0,0.0,0.0,0.0,0.0,0.0,0.0,0.0,0.0,0.0,0.0,0.0,0.0,0.0,0.0,0.0,0.0,0.0,0.0,0.0,0.0,0.0,0.0,0.0,0.0,0.0,0.0,0.0,0.0,0.0,0.0,0.0,0.0,0.0,0.0,0.0,0.0,0.0,0.0,0.0,0.0,0.0,0.0,0.0,0.0,0.0,0.0,0.0,0.0,0.0,0.0,0.0,0.0,0.0,0.0,0.0,0.0,0.0,0.0,0.0,0.0,0.0,0.0,0.0,0.0,0.0,0.0,0.0,0.0,0.0,0.0,0.0,0.0,0.0,0.0,0.0,0.0,0.0,0.0,0.0,0.0,0.0,0.0,0.0,0.0,0.0,0.0,0.0,0.0,0.0,0.0,0.0,0.0,0.0,0.0,0.0,0.0,0.0,0.0,0.0,0.0,0.0,0.0,0.0,0.0,0.0,0.0,0.0,0.0,0.0,zte,VNM,2026-04-09-00,2026-04-09-21,0.0,,,,,,,,,,,,,,2026-04-09-00
gsl00424_10n411,1775739600000,111.0,0.0,100.0,0.0,111.0,17.3724,3.279176204561043,1.550553373795073,44.6915,1.0309278350515463,3116.56736,0.0,0.5726205875000001,0.0,933120000,1.3111000000000002,13.9885,0.0,97.0,11.204,0.0,89.87030465562236,3.3366489824687022,0.0,149.119848,0.0,34.6785,0.5417260125000001,17047451,1.0,117.01318225685384,7.307720764746229,1636.8389,30598649,233280000,0.030894575000000004,HOUR,2026-04-09 20:00:00,GMT+07:00,KV1,SLA,SLA049,,0.0,0.0,0.0,0.0,0.0,7.037643207855974,611.0,100.0,14.0,14.0,43.0,0.0,0.0,0.0,101071.0,460849.0,10.0,0.0,0.0,3.0,0.009894034886367009,0.0,0.0,0.0,0.0,null,0.0,null,0.0,0.0,0.0,0.0,0.0,0.0,null,null,0.0,null,null,null,null,0.0,0.0,0.0,0.0,0.0,0.0,0.0,0.0,0.0,0.0,null,null,null,0.0,0.0,0.5728185250000001,0.54192395,null,0.0,0.030894574999999997,0.0,0.0,0.0,17618.0,33457.0,79760.0,22.08876629889669,16.42803410230692,15036.0,7275.0,7.8898885136144905,27913.0,13103.0,70292.0,34003.0,18.851554663991976,3984.0,31120.0,13.6,42.63164493480441,80278740,0.0,60183.842885426464,149119848,0.0,-115.9875,0.0,0.0,null,44.2724634382291,0.0,0.0,914137560,10.349684174586013,0.0,5.6677858077732886,0.0,0.0,39.710066579411595,0.0,3116567360,0.0,0.0,110461.25537605085,0.0,0.0,0.0,0.0,0.0,0.0,0.0,0.0,0.0,0.0,0.0,0.0,0.0,0.0,0.0,0.0,0.0,0.0,0.0,0.0,0.0,0.0,0.0,0.0,0.0,0.0,0.0,0.0,0.0,0.0,0.0,0.0,0.0,0.0,0.0,0.0,0.0,0.0,0.0,0.0,0.0,0.0,0.0,0.0,0.0,0.0,0.0,0.0,0.0,0.0,0.0,0.0,0.0,0.0,0.0,0.0,0.0,0.0,0.0,0.0,0.0,0.0,0.0,0.0,0.0,0.0,0.0,0.0,0.0,0.0,0.0,0.0,0.0,0.0,0.0,0.0,0.0,0.0,0.0,0.0,0.0,0.0,0.0,0.0,0.0,0.0,0.0,0.0,0.0,0.0,0.0,0.0,0.0,0.0,0.0,0.0,0.0,0.0,0.0,0.0,0.0,0.0,0.0,0.0,0.0,0.0,0.0,0.0,0.0,0.0,0.0,0.0,0.0,0.0,0.0,0.0,0.0,0.0,0.0,0.0,0.0,0.0,0.0,0.0,0.0,0.0,0.0,0.0,0.0,0.0,zte,VNM,2026-04-09-00,2026-04-09-20,0.0,,,,,,,,,,,,,,2026-04-09-00
gsl00507_30n411,1775739600000,248.0,0.0,100.0,0.0,248.0,68.172,4.039573259602195,14.632324533161626,221.654,0.0,12532.960768,0.0,1.9055468875000001,0.0,933120000,3.61165,19.1885,0.0,138.0,4.659,0.0,64.9689268300269,7.069602605863192,0.0,1567.005696,0.0,192.907,1.7920733,33405016,0.0,232.00285066576336,14.319708504801099,4451.786700000001,37694066,233280000,0.11347358750000001,HOUR,2026-04-09 20:00:00,GMT+07:00,KV1,SLA,SLA016,,0.0,0.0,0.0,0.0,0.0,98.58356940509914,353.0,100.0,196.0,196.0,348.0,0.0,0.0,0.0,482528.0,1513378.0,1105.0,0.0,0.0,9.0,0.22900225479143177,0.0,0.0,0.0,0.0,null,0.0,100.0,0.0,0.0,0.0,0.0,0.0,1.0,null,null,0.0,null,null,null,100.0,0.0,0.0,1.0,0.0,0.0,0.0,1.0,0.0,0.0,0.0,null,null,null,0.0,0.0,1.907007425,1.7935338374999998,null,0.0,0.11347358750000001,0.0,1.0,0.0,1574.0,104969.0,511332.0,0.307823488457597,71.65735764630416,4191.0,5790.0,11.700368680277034,103207.0,366407.0,382798.0,139160.0,0.8196240407406538,83164.0,190637.0,30.549999999999997,27.215194824497583,352715220,1.0,143943.27681805167,1567005696,0.00055,-116.57499999999999,104.0,104.0,100.0,49.80093939884743,0.0,0.0,2220326460,1.5125470874978448,0.0,21.72529637040946,0.0,0.0,26.961217143245264,0.0,12532960768,0.0,0.0,182886.5872648295,0.0,0.0,0.0,0.0,0.0,0.0,0.0,0.0,0.0,0.0,0.0,0.0,0.0,0.0,0.0,0.0,0.0,0.0,0.0,0.0,0.0,0.0,0.0,0.0,0.0,0.0,0.0,0.0,0.0,0.0,0.0,0.0,0.0,0.0,0.0,0.0,0.0,0.0,0.0,0.0,0.0,0.0,0.0,0.0,0.0,0.0,0.0,0.0,0.0,0.0,0.0,0.0,0.0,0.0,0.0,0.0,0.0,0.0,0.0,0.0,0.0,0.0,0.0,0.0,0.0,0.0,0.0,0.0,0.0,0.0,0.0,0.0,0.0,0.0,0.0,0.0,0.0,0.0,0.0,0.0,0.0,0.0,0.0,0.0,0.0,0.0,0.0,0.0,0.0,0.0,0.0,0.0,0.0,0.0,0.0,0.0,0.0,0.0,0.0,0.0,0.0,0.0,0.0,0.0,0.0,0.0,0.0,0.0,0.0,0.0,0.0,0.0,0.0,0.0,0.0,0.0,0.0,0.0,0.0,0.0,0.0,0.0,0.0,0.0,0.0,0.0,0.0,0.0,0.0,0.0,zte,VNM,2026-04-09-00,2026-04-09-20,0.0,,,,,,,,,,,,,,2026-04-09-00
gsl00521_20n411,1775721600000,205.0,0.0,100.0,0.0,205.0,13.261199999999999,2.3478278897028897,0.9929392385159671,155.6505,0.0,13492.792256,0.0,2.0673132124999998,0.0,1572480000,3.554175,4.818,0.0,203.0,13.3555,0.0,76.4665606292876,4.4363416757414855,0.0,690.5188,0.0,176.4535,1.9722335874999999,32534616,0.0,428.1646118721461,8.276001221001222,2062.8971,36919124,393120000,0.095079625,HOUR,2026-04-09 15:00:00,GMT+07:00,KV1,SLA,SLA071,,0.0,0.0,0.0,0.0,0.0,91.73553719008265,242.0,100.0,6.0,6.0,222.0,0.0,0.0,0.0,409427.0,1595730.0,233.0,0.0,0.0,9.0,0.05690880181326586,0.0,0.0,0.0,0.0,null,0.0,null,0.0,0.0,0.0,0.0,0.0,0.0,null,null,0.0,null,null,null,null,0.0,0.0,0.0,0.0,0.0,0.0,0.0,0.0,0.0,0.0,null,null,null,0.0,0.0,2.067537075,1.97245745,null,0.0,0.09507962499999999,0.0,0.0,0.0,8008.0,93760.0,305673.0,2.6197930468180046,31.971093292505387,16131.0,3603.0,12.689131825938567,60962.0,97727.0,347171.0,183807.0,5.277207996780874,183700.0,98906.0,25.95,60.131905663895736,212818500,0.0,105126.24193855327,690518800,0.0,-116.9975,6.0,6.0,100.0,28.48913071656331,0.0,0.0,1980284760,1.0378170987784117,0.0,52.91340578562149,0.0,0.0,17.559646399036787,0.0,13492792256,0.0,0.0,220759.3967922068,0.0,0.0,0.0,0.0,0.0,0.0,0.0,0.0,0.0,0.0,0.0,0.0,0.0,0.0,0.0,0.0,0.0,0.0,0.0,0.0,0.0,0.0,0.0,0.0,0.0,0.0,0.0,0.0,0.0,0.0,0.0,0.0,0.0,0.0,0.0,0.0,0.0,0.0,0.0,0.0,0.0,0.0,0.0,0.0,0.0,0.0,0.0,0.0,0.0,0.0,0.0,0.0,0.0,0.0,0.0,0.0,0.0,0.0,0.0,0.0,0.0,0.0,0.0,0.0,0.0,0.0,0.0,0.0,0.0,0.0,0.0,0.0,0.0,0.0,0.0,0.0,0.0,0.0,0.0,0.0,0.0,0.0,0.0,0.0,0.0,0.0,0.0,0.0,0.0,0.0,0.0,0.0,0.0,0.0,0.0,0.0,0.0,0.0,0.0,0.0,0.0,0.0,0.0,0.0,0.0,0.0,0.0,0.0,0.0,0.0,0.0,0.0,0.0,0.0,0.0,0.0,0.0,0.0,0.0,0.0,0.0,0.0,0.0,0.0,0.0,0.0,0.0,0.0,0.0,0.0,zte,VNM,2026-04-09-00,2026-04-09-15,0.0,,,,,,,,,,,,,,2026-04-09-00
gsl00695_20n411,1775739600000,54.0,0.0,100.0,0.0,54.0,21.9129,4.96113383058985,2.6883695252116304,263.473,0.0,18839.095552,0.0,2.5261979,0.0,933120000,1.8286250000000002,25.187,0.0,35.0,8.151,0.0,84.81532670325366,3.108638866221586,0.0,819.042408,0.0,222.119,2.430259,26754636,0.0,170.9551713185373,11.46889403292181,4305.8479,46293332,233280000,0.09593890000000001,HOUR,2026-04-09 20:00:00,GMT+07:00,KV1,SLA,SLA067,,0.0,0.0,0.0,0.0,0.0,93.97590361445783,83.0,100.0,45.0,45.0,78.0,0.0,0.0,0.0,469372.0,1949884.0,5.0,0.0,0.0,4.0,0.0010652531467577955,0.0,0.0,0.0,0.0,null,0.0,100.0,0.0,0.0,0.0,0.0,0.0,1.0,null,null,0.0,null,null,null,100.0,0.0,0.0,1.0,0.0,0.0,0.0,1.0,0.0,0.0,0.0,null,null,null,0.0,0.0,2.5263096000000003,2.4303707000000006,null,0.0,0.0959389,0.0,1.0,0.0,8291.0,63655.0,444379.0,1.8657497316479852,4.17233937697326,33132.0,3534.0,9.891304689340979,72590.0,18541.0,439236.0,384415.0,7.455797866235803,15018.0,348094.0,18.05,86.50611302514295,348910200,1.0,76056.74474177024,819042408,0.0,-116.0,34.0,34.0,100.0,79.24987933593786,0.0,0.0,3787812180,0.8045788596563124,0.0,3.419118651476655,0.0,0.0,16.526423152929176,0.0,18839095552,0.0,0.0,161144.92136323403,0.0,0.0,0.0,0.0,0.0,0.0,0.0,0.0,0.0,0.0,0.0,0.0,0.0,0.0,0.0,0.0,0.0,0.0,0.0,0.0,0.0,0.0,0.0,0.0,0.0,0.0,0.0,0.0,0.0,0.0,0.0,0.0,0.0,0.0,0.0,0.0,0.0,0.0,0.0,0.0,0.0,0.0,0.0,0.0,0.0,0.0,0.0,0.0,0.0,0.0,0.0,0.0,0.0,0.0,0.0,0.0,0.0,0.0,0.0,0.0,0.0,0.0,0.0,0.0,0.0,0.0,0.0,0.0,0.0,0.0,0.0,0.0,0.0,0.0,0.0,0.0,0.0,0.0,0.0,0.0,0.0,0.0,0.0,0.0,0.0,0.0,0.0,0.0,0.0,0.0,0.0,0.0,0.0,0.0,0.0,0.0,0.0,0.0,0.0,0.0,0.0,0.0,0.0,0.0,0.0,0.0,0.0,0.0,0.0,0.0,0.0,0.0,0.0,0.0,0.0,0.0,0.0,0.0,0.0,0.0,0.0,0.0,0.0,0.0,0.0,0.0,0.0,0.0,0.0,0.0,zte,VNM,2026-04-09-00,2026-04-09-20,0.0,,,,,,,,,,,,,,2026-04-09-00
gsl00904_10n411,1775739600000,1319.0,0.0,99.69765684051399,0.0,1323.0,1178.2483,8.18942611882716,12.440393194068305,599.1575,0.09293680297397769,62869.98452,0.0,10.3221190125,0.0,933120000,20.692225,69.3405,0.0,1076.0,94.7115,0.0,71.41403054890107,14.43364982329354,0.0,8648.029544,0.0,880.359,8.8710903875,47113940,1.0,246.27649786199984,20.1963048696845,17076.9355,76417173,233280000,1.451028625,HOUR,2026-04-09 20:00:00,GMT+07:00,KV1,SLA,SLA005,,0.0,0.0,0.0,0.0,0.0,98.00133244503664,1501.0,100.0,338.0,338.0,1471.0,0.0,0.0,0.0,3135733.0,8157299.0,349.0,0.003567357283336065,291.0,32.0,0.01112977412298815,0.0,0.0,0.0,0.0,null,0.0,100.0,0.0,0.0,0.0,0.0,0.0,3.0,null,null,0.0,null,null,null,100.0,0.0,0.0,3.0,0.0,0.0,0.0,3.0,0.0,0.0,0.0,null,null,null,0.0,0.0,10.326511437499999,8.875482812499998,null,0.0,1.451028625,0.0,3.0,0.0,78925.0,609005.0,3011501.0,2.6207861129715715,43.9539950343699,218748.0,21769.0,11.912818449766423,795629.0,1323675.0,2069795.0,1390153.0,7.263753191514796,434697.0,817700.0,26.775,46.16146566114373,2534129640,1.0,110568.99094775593,8648029544,0.001375,-116.0175,94.0,94.0,100.0,39.50632792136419,0.0,0.0,9154814760,1.051746670563993,0.0,21.00193497423658,0.0,0.0,38.439990433835234,0.0,62869984520,0.0,0.0,222504.5019313968,0.0,0.0,0.0,0.0,0.0,0.0,0.0,0.0,0.0,0.0,0.0,0.0,0.0,0.0,0.0,0.0,0.0,0.0,0.0,0.0,0.0,0.0,0.0,0.0,0.0,0.0,0.0,0.0,0.0,0.0,0.0,0.0,0.0,0.0,0.0,0.0,0.0,0.0,0.0,0.0,0.0,0.0,0.0,0.0,0.0,0.0,0.0,0.0,0.0,0.0,0.0,0.0,0.0,0.0,0.0,0.0,0.0,0.0,0.0,0.0,0.0,0.0,0.0,0.0,0.0,0.0,0.0,0.0,0.0,0.0,0.0,0.0,0.0,0.0,0.0,0.0,0.0,0.0,0.0,0.0,0.0,0.0,0.0,0.0,0.0,0.0,0.0,0.0,0.0,0.0,0.0,0.0,0.0,0.0,0.0,0.0,0.0,0.0,0.0,0.0,0.0,0.0,0.0,0.0,0.0,0.0,0.0,0.0,0.0,0.0,0.0,0.0,0.0,0.0,0.0,0.0,0.0,0.0,0.0,0.0,0.0,0.0,0.0,0.0,0.0,0.0,0.0,0.0,0.0,0.0,zte,VNM,2026-04-09-00,2026-04-09-20,0.0,,,,,,,,,,,,,,2026-04-09-00
gbl00181_30n411,1775714400000,1415.0,0.0,100.0,0.0,1415.0,102.6214,4.199781237281237,9.961308483789555,340.2685,0.0,51217.626664,0.0,7.107997849999999,0.0,1572480000,12.289425000000001,49.9425,0.0,995.0,10.302,0.0,140.3205348536799,7.812979808592331,0.0,2658.51092,0.0,365.0045,6.8438354625,36955947,0.0,474.33158732542427,9.400678418803418,23689.3053,66040720,393120000,0.26416238750000004,HOUR,2026-04-09 13:00:00,GMT+07:00,KV3,CMU,CMU040,,0.0,0.0,0.0,0.0,0.0,85.08571428571429,1750.0,100.0,434.0,434.0,1489.0,0.0,0.0,0.0,902327.0,5533400.0,148.0,0.0,0.0,21.0,0.016402036068963913,0.0,0.0,0.0,0.0,null,0.0,100.0,0.0,0.0,0.0,0.0,0.0,5.0,null,null,0.0,null,null,null,100.0,0.0,0.0,5.0,0.0,0.0,0.0,5.0,0.0,0.0,0.0,null,null,null,0.0,0.0,7.114004925000001,6.849842537500001,null,0.0,0.26416238750000004,0.0,5.0,0.0,9429.0,275919.0,943133.0,0.9997529510684071,53.9021537789474,9273.0,18633.0,11.622577640539435,250388.0,508369.0,756662.0,416062.0,0.9832123359059645,182368.0,305273.0,29.075,44.11488093407823,689643180,1.0,124899.01489056993,2658510920,0.002475,-116.9375,16.0,16.0,100.0,40.34469816113403,0.0,0.0,7096361040,2.462526200602118,0.0,24.10164644187233,0.0,0.0,33.09112919639152,0.0,51217626664,0.0,0.0,233845.3602571495,0.0,0.0,0.0,0.0,0.0,0.0,0.0,0.0,0.0,0.0,0.0,0.0,0.0,0.0,0.0,0.0,0.0,0.0,0.0,0.0,0.0,0.0,0.0,0.0,0.0,0.0,0.0,0.0,0.0,0.0,0.0,0.0,0.0,0.0,0.0,0.0,0.0,0.0,0.0,0.0,0.0,0.0,0.0,0.0,0.0,0.0,0.0,0.0,0.0,0.0,0.0,0.0,0.0,0.0,0.0,0.0,0.0,0.0,0.0,0.0,0.0,0.0,0.0,0.0,0.0,0.0,0.0,0.0,0.0,0.0,0.0,0.0,0.0,0.0,0.0,0.0,0.0,0.0,0.0,0.0,0.0,0.0,0.0,0.0,0.0,0.0,0.0,0.0,0.0,0.0,0.0,0.0,0.0,0.0,0.0,0.0,0.0,0.0,0.0,0.0,0.0,0.0,0.0,0.0,0.0,0.0,0.0,0.0,0.0,0.0,0.0,0.0,0.0,0.0,0.0,0.0,0.0,0.0,0.0,0.0,0.0,0.0,0.0,0.0,0.0,0.0,0.0,0.0,0.0,0.0,zte,VNM,2026-04-09-00,2026-04-09-13,0.0,,,,,,,,,,,,,,2026-04-09-00
gdb00184_30n411,1775739600000,173.0,0.0,100.0,0.0,173.0,12.523800000000001,2.514879934879935,5.148530318602261,394.415,2.380952380952381,12544.841272,0.0,2.0202805125,0.0,1572480000,4.886675,2.202,0.0,168.0,2.4325,0.0,31.325608845694767,4.660745174498941,0.0,1838.267808,0.0,400.466,1.7018142625,36829301,4.0,361.4408265213442,9.36846281033781,795.8927,39545984,393120000,0.31846625,HOUR,2026-04-09 20:00:00,GMT+07:00,KV1,DBN,DBN021,,0.0,0.0,0.0,0.0,0.0,94.68085106382979,188.0,100.0,6.0,6.0,178.0,0.0,0.0,0.0,907138.0,1618756.0,20.0,0.0,0.0,8.0,0.0022047362143356357,0.0,0.0,0.0,0.0,null,0.0,null,0.0,0.0,0.0,0.0,0.0,0.0,null,null,0.0,null,null,null,null,0.0,0.0,0.0,0.0,0.0,0.0,0.0,0.0,0.0,0.0,null,null,null,0.0,0.0,2.0201573875,1.7016911375000001,null,0.0,0.31846625,0.0,0.0,0.0,24541.0,161204.0,970121.0,2.5296844414253483,17.48493229195121,149720.0,4883.0,11.518616163370636,151212.0,169625.0,764284.0,626235.0,15.433126383203744,293422.0,314767.0,23.674999999999997,64.5522568834197,667758600,0.0,89193.72506651357,1838267808,0.0,-115.9975,6.0,6.0,100.0,41.18455966630206,0.0,0.0,2452852440,0.6388986293053367,0.0,38.39174966373756,0.0,0.0,19.784792040655045,0.0,12544841272,0.0,0.0,165706.20008955777,0.0,0.0,0.0,0.0,0.0,0.0,0.0,0.0,0.0,0.0,0.0,0.0,0.0,0.0,0.0,0.0,0.0,0.0,0.0,0.0,0.0,0.0,0.0,0.0,0.0,0.0,0.0,0.0,0.0,0.0,0.0,0.0,0.0,0.0,0.0,0.0,0.0,0.0,0.0,0.0,0.0,0.0,0.0,0.0,0.0,0.0,0.0,0.0,0.0,0.0,0.0,0.0,0.0,0.0,0.0,0.0,0.0,0.0,0.0,0.0,0.0,0.0,0.0,0.0,0.0,0.0,0.0,0.0,0.0,0.0,0.0,0.0,0.0,0.0,0.0,0.0,0.0,0.0,0.0,0.0,0.0,0.0,0.0,0.0,0.0,0.0,0.0,0.0,0.0,0.0,0.0,0.0,0.0,0.0,0.0,0.0,0.0,0.0,0.0,0.0,0.0,0.0,0.0,0.0,0.0,0.0,0.0,0.0,0.0,0.0,0.0,0.0,0.0,0.0,0.0,0.0,0.0,0.0,0.0,0.0,0.0,0.0,0.0,0.0,0.0,0.0,0.0,0.0,0.0,0.0,zte,VNM,2026-04-09-00,2026-04-09-20,0.0,,,,,,,,,,,,,,2026-04-09-00
gdb00207_10n411,1775710800000,262.0,0.0,100.0,0.0,262.0,163.0433,2.2173239723239724,9.387569092584062,68.231,0.0,8452.77836,0.0,1.1880278874999999,0.0,1572480000,1.8627749999999998,8.414,0.0,253.0,17.368,0.0,132.08704503547207,6.5173280180563085,0.0,444.683808,0.0,63.994,1.1286714999999998,25000734,0.0,322.60041597337766,6.359568070818071,2714.3599,34866976,393120000,0.059356387499999996,HOUR,2026-04-09 12:00:00,GMT+07:00,KV1,DBN,DBN017,,0.0,0.0,0.0,0.0,0.0,25.119236883942765,629.0,100.0,14.0,14.0,158.0,0.0,0.0,0.0,150548.0,885722.0,5.0,0.0,0.0,5.0,0.0033211998830937643,0.0,0.0,0.0,0.0,null,0.0,null,0.0,0.0,0.0,0.0,0.0,0.0,null,null,0.0,null,null,null,null,0.0,0.0,0.0,0.0,0.0,0.0,0.0,0.0,0.0,0.0,null,null,null,0.0,0.0,1.1882484500000001,1.1288920625,null,0.0,0.0593563875,0.0,0.0,0.0,6165.0,36970.0,125308.0,4.919877422032113,23.60503718836786,1986.0,1011.0,11.946984041114417,30461.0,29579.0,126460.0,87578.0,1.5848948191655758,27889.0,67099.0,25.1,69.89019057043446,282160620,0.0,51062.24737952447,444683808,0.0,-116.7475,3.0,3.0,100.0,53.059465443618535,0.0,0.0,1604251620,0.7994622805630239,0.0,22.05361379092203,0.0,0.0,24.08745848489641,0.0,8452778360,0.0,0.0,170715.12688514538,0.0,0.0,0.0,0.0,0.0,0.0,0.0,0.0,0.0,0.0,0.0,0.0,0.0,0.0,0.0,0.0,0.0,0.0,0.0,0.0,0.0,0.0,0.0,0.0,0.0,0.0,0.0,0.0,0.0,0.0,0.0,0.0,0.0,0.0,0.0,0.0,0.0,0.0,0.0,0.0,0.0,0.0,0.0,0.0,0.0,0.0,0.0,0.0,0.0,0.0,0.0,0.0,0.0,0.0,0.0,0.0,0.0,0.0,0.0,0.0,0.0,0.0,0.0,0.0,0.0,0.0,0.0,0.0,0.0,0.0,0.0,0.0,0.0,0.0,0.0,0.0,0.0,0.0,0.0,0.0,0.0,0.0,0.0,0.0,0.0,0.0,0.0,0.0,0.0,0.0,0.0,0.0,0.0,0.0,0.0,0.0,0.0,0.0,0.0,0.0,0.0,0.0,0.0,0.0,0.0,0.0,0.0,0.0,0.0,0.0,0.0,0.0,0.0,0.0,0.0,0.0,0.0,0.0,0.0,0.0,0.0,0.0,0.0,0.0,0.0,0.0,0.0,0.0,0.0,0.0,zte,VNM,2026-04-09-00,2026-04-09-12,0.0,,,,,,,,,,,,,,2026-04-09-00
gdb0036711_10n411,1775739600000,0.0,0.0,null,0.0,0.0,0.0,null,null,0.0,null,0.0,0.0,0.0,0.0,0.0,0.0,0.0,0.0,0.0,0.0,0.0,null,null,0.0,0.0,0.0,0.0,0.0,0.0,0.0,null,null,0.0,0.0,0.0,0.0,HOUR,2026-04-09 20:00:00,GMT+07:00,KV1,DBN,DBN007,,0.0,0.0,3600.0,0.0,3600.0,null,0.0,null,0.0,0.0,0.0,0.0,0.0,0.0,0.0,0.0,0.0,null,0.0,0.0,null,0.0,0.0,0.0,0.0,null,0.0,null,0.0,0.0,0.0,0.0,0.0,0.0,null,null,0.0,null,null,null,null,0.0,0.0,0.0,0.0,0.0,0.0,0.0,0.0,0.0,0.0,null,null,null,0.0,0.0,0.0,0.0,null,0.0,0.0,0.0,0.0,0.0,0.0,0.0,0.0,null,null,0.0,0.0,null,0.0,0.0,0.0,0.0,null,0.0,0.0,-20.0,null,0.0,0.0,null,0.0,0.0,-120.0,0.0,0.0,null,null,0.0,0.0,0.0,null,0.0,null,0.0,0.0,null,0.0,0.0,0.0,0.0,null,0.0,0.0,0.0,0.0,0.0,0.0,0.0,0.0,0.0,0.0,0.0,0.0,0.0,0.0,0.0,0.0,0.0,0.0,0.0,0.0,0.0,0.0,0.0,0.0,0.0,0.0,0.0,0.0,0.0,0.0,0.0,0.0,0.0,0.0,0.0,0.0,0.0,0.0,0.0,0.0,0.0,0.0,0.0,0.0,0.0,0.0,0.0,0.0,0.0,0.0,0.0,0.0,0.0,0.0,0.0,0.0,0.0,0.0,0.0,0.0,0.0,0.0,0.0,0.0,0.0,0.0,0.0,0.0,0.0,0.0,0.0,0.0,0.0,0.0,0.0,0.0,0.0,0.0,0.0,0.0,0.0,0.0,0.0,0.0,0.0,0.0,0.0,0.0,0.0,0.0,0.0,0.0,0.0,0.0,0.0,0.0,0.0,0.0,0.0,0.0,0.0,0.0,0.0,0.0,0.0,0.0,0.0,0.0,0.0,0.0,0.0,0.0,0.0,0.0,0.0,0.0,0.0,0.0,0.0,0.0,0.0,0.0,0.0,0.0,0.0,0.0,0.0,0.0,0.0,0.0,zte,VNM,2026-04-09-00,2026-04-09-20,0.0,,,,,,,,,,,,,,2026-04-09-00
gdb00443_30n411,1775718000000,39.0,0.0,100.0,0.0,39.0,0.5126,2.710914994855967,0.4681278538812785,0.8485,0.0,9.97108,0.0,0.00196395,0.0,933120000,0.01025,1.0895,0.0,39.0,1.095,0.0,34.383034482758625,2.7557053624042425,0.0,2.338216,0.0,0.29,0.001642025,32832935,0.0,6.1890775585130795,14.074474879972565,6.743,25296090,233280000,0.00032192500000000003,HOUR,2026-04-09 14:00:00,GMT+07:00,KV1,DBN,DBN036,,0.0,0.0,0.0,0.0,0.0,1.1086474501108647,451.0,null,0.0,0.0,5.0,0.0,0.0,0.0,628.0,1661.0,0.0,0.0,0.0,1.0,0.0,0.0,0.0,0.0,0.0,null,0.0,null,0.0,0.0,0.0,0.0,0.0,0.0,null,null,0.0,null,null,null,null,0.0,0.0,0.0,0.0,0.0,0.0,0.0,0.0,0.0,0.0,null,null,null,0.0,0.0,0.0023733499999999998,0.002051425,null,0.0,0.00032192500000000003,0.0,0.0,0.0,750.0,169.0,1433.0,52.337752965806004,12.072575017445917,78.0,198.0,8.710059171597633,349.0,173.0,671.0,432.0,5.443126308443825,0.0,124.0,4.049999999999999,30.146545708304256,1698840.0,0.0,44594.0750158932,2338216.0,0.0,-116.0,0.0,0.0,null,18.479880774962744,0.0,0.0,6894000.0,29.508196721311474,0.0,0.0,0.0,0.0,52.011922503725785,0.0,9971080.0,0.0,0.0,46861.4725848564,0.0,0.0,0.0,0.0,0.0,0.0,0.0,0.0,0.0,0.0,0.0,0.0,0.0,0.0,0.0,0.0,0.0,0.0,0.0,0.0,0.0,0.0,0.0,0.0,0.0,0.0,0.0,0.0,0.0,0.0,0.0,0.0,0.0,0.0,0.0,0.0,0.0,0.0,0.0,0.0,0.0,0.0,0.0,0.0,0.0,0.0,0.0,0.0,0.0,0.0,0.0,0.0,0.0,0.0,0.0,0.0,0.0,0.0,0.0,0.0,0.0,0.0,0.0,0.0,0.0,0.0,0.0,0.0,0.0,0.0,0.0,0.0,0.0,0.0,0.0,0.0,0.0,0.0,0.0,0.0,0.0,0.0,0.0,0.0,0.0,0.0,0.0,0.0,0.0,0.0,0.0,0.0,0.0,0.0,0.0,0.0,0.0,0.0,0.0,0.0,0.0,0.0,0.0,0.0,0.0,0.0,0.0,0.0,0.0,0.0,0.0,0.0,0.0,0.0,0.0,0.0,0.0,0.0,0.0,0.0,0.0,0.0,0.0,0.0,0.0,0.0,0.0,0.0,0.0,0.0,zte,VNM,2026-04-09-00,2026-04-09-14,0.0,,,,,,,,,,,,,,2026-04-09-00
gsl00055_10n411,1775732400000,138.0,0.0,100.0,0.0,138.0,34.1867,1.9887189662189664,22.791133333333335,41.6155,0.0,5694.872232,0.0,0.8309666125,0.0,1572480000,1.162775,3.636,0.0,125.0,1.5,0.0,121.43232010235087,5.761124965457582,0.0,239.752096,0.0,46.8975,0.7796792375,18226794,0.0,320.6246699669967,4.636445360195361,1165.7913,31272208,393120000,0.051287374999999996,HOUR,2026-04-09 18:00:00,GMT+07:00,KV1,SLA,SLA048,,0.0,0.0,0.0,0.0,0.0,99.37106918238993,159.0,100.0,16.0,16.0,158.0,0.0,0.0,0.0,100280.0,619228.0,11.0,0.0,0.0,4.0,0.010969285999202234,0.0,0.0,0.0,0.0,null,0.0,100.0,0.0,0.0,0.0,0.0,0.0,1.0,null,null,0.0,null,null,null,100.0,0.0,0.0,1.0,0.0,0.0,0.0,1.0,0.0,0.0,0.0,null,null,null,0.0,0.0,0.8310083500000001,0.7797209875000001,null,0.0,0.05128736250000001,0.0,1.0,0.0,893.0,26692.0,77027.0,1.1593337401171018,42.5694886208732,751.0,2504.0,12.62509366102203,23489.0,32790.0,93987.0,42593.0,0.9749827982395783,37112.0,30882.0,25.125,55.29619484077012,70406100,1.0,110330.89335157038,239752096,0.00055,-115.955,3.0,3.0,100.0,32.85773564429123,0.0,0.0,943528680,2.664198240182153,0.0,39.48631193675721,0.0,0.0,24.991754178769405,0.0,5694872232,0.0,0.0,195557.2355434919,0.0,0.0,0.0,0.0,0.0,0.0,0.0,0.0,0.0,0.0,0.0,0.0,0.0,0.0,0.0,0.0,0.0,0.0,0.0,0.0,0.0,0.0,0.0,0.0,0.0,0.0,0.0,0.0,0.0,0.0,0.0,0.0,0.0,0.0,0.0,0.0,0.0,0.0,0.0,0.0,0.0,0.0,0.0,0.0,0.0,0.0,0.0,0.0,0.0,0.0,0.0,0.0,0.0,0.0,0.0,0.0,0.0,0.0,0.0,0.0,0.0,0.0,0.0,0.0,0.0,0.0,0.0,0.0,0.0,0.0,0.0,0.0,0.0,0.0,0.0,0.0,0.0,0.0,0.0,0.0,0.0,0.0,0.0,0.0,0.0,0.0,0.0,0.0,0.0,0.0,0.0,0.0,0.0,0.0,0.0,0.0,0.0,0.0,0.0,0.0,0.0,0.0,0.0,0.0,0.0,0.0,0.0,0.0,0.0,0.0,0.0,0.0,0.0,0.0,0.0,0.0,0.0,0.0,0.0,0.0,0.0,0.0,0.0,0.0,0.0,0.0,0.0,0.0,0.0,0.0,zte,VNM,2026-04-09-00,2026-04-09-18,0.0,,,,,,,,,,,,,,2026-04-09-00
gsl00101_30n411,1775732400000,310.0,0.0,100.0,0.0,310.0,93.0248,2.263863324175824,83.65539568345324,139.345,0.32786885245901637,11818.747528,0.0,1.68263635,0.0,1572480000,3.6991500000000004,8.73,0.0,305.0,1.112,0.0,110.21455441371207,6.930540457138756,0.0,965.73616,0.0,107.234,1.6003005874999998,33381341,1.0,400.02626575028637,8.491387108262108,3492.2293,35598798,393120000,0.0823357625,HOUR,2026-04-09 18:00:00,GMT+07:00,KV1,SLA,SLA004,,0.0,0.0,0.0,0.0,0.0,98.18731117824774,331.0,100.0,13.0,13.0,325.0,0.0,0.0,0.0,289047.0,1341820.0,3.0,0.0,0.0,9.0,0.0010378934913699157,0.0,0.0,0.0,0.0,null,0.0,100.0,0.0,0.0,0.0,0.0,0.0,4.0,null,null,0.0,null,null,null,100.0,0.0,0.0,4.0,0.0,0.0,0.0,4.0,0.0,0.0,0.0,null,null,null,0.0,0.0,1.6826958875,1.600360125,null,0.0,0.0823357625,0.0,4.0,0.0,262.0,85164.0,302990.0,0.08647150070959438,69.51615564870127,729.0,2773.0,12.560283687943262,58850.0,210627.0,227855.0,91372.0,0.2406020000660088,65868.0,100364.0,29.424999999999997,30.156770850523117,199868040,1.0,156552.55129334336,965736160,0.0011,-116.9175,13.0,13.0,100.0,44.047310789756644,0.0,0.0,1713393540,1.2170020407715432,0.0,28.90785806763073,0.0,0.0,25.827829101841083,0.0,11818747528,0.0,0.0,223490.64063075665,0.0,0.0,0.0,0.0,0.0,0.0,0.0,0.0,0.0,0.0,0.0,0.0,0.0,0.0,0.0,0.0,0.0,0.0,0.0,0.0,0.0,0.0,0.0,0.0,0.0,0.0,0.0,0.0,0.0,0.0,0.0,0.0,0.0,0.0,0.0,0.0,0.0,0.0,0.0,0.0,0.0,0.0,0.0,0.0,0.0,0.0,0.0,0.0,0.0,0.0,0.0,0.0,0.0,0.0,0.0,0.0,0.0,0.0,0.0,0.0,0.0,0.0,0.0,0.0,0.0,0.0,0.0,0.0,0.0,0.0,0.0,0.0,0.0,0.0,0.0,0.0,0.0,0.0,0.0,0.0,0.0,0.0,0.0,0.0,0.0,0.0,0.0,0.0,0.0,0.0,0.0,0.0,0.0,0.0,0.0,0.0,0.0,0.0,0.0,0.0,0.0,0.0,0.0,0.0,0.0,0.0,0.0,0.0,0.0,0.0,0.0,0.0,0.0,0.0,0.0,0.0,0.0,0.0,0.0,0.0,0.0,0.0,0.0,0.0,0.0,0.0,0.0,0.0,0.0,0.0,zte,VNM,2026-04-09-00,2026-04-09-18,0.0,,,,,,,,,,,,,,2026-04-09-00