cooling_hourly_id,station_id,province_code,area_code,status,date_hour,observed_at,metric_value,metric_unit,quality_flag,source_system,grid_kwh,generator_kwh,load_kw,cost_vnd
ENERGY-COOLING_HOURLY-00-00,ST0101,DBN,KV1,active,2026-08-18-00,2026-08-18 00:00:00,36.45,index,valid,synthetic_energy,6.5,0,6.5,14950
ENERGY-COOLING_HOURLY-00-01,ST0101,DBN,KV1,active,2026-08-18-01,2026-08-18 01:00:00,22.72,index,valid,synthetic_energy,7.76,0,7.76,17848
ENERGY-COOLING_HOURLY-00-02,ST0101,DBN,KV1,active,2026-08-18-02,2026-08-18 02:00:00,48.23,index,valid,synthetic_energy,4.37,0,4.37,10051
ENERGY-COOLING_HOURLY-00-03,ST0101,DBN,KV1,active,2026-08-18-03,2026-08-18 03:00:00,18.85,index,valid,synthetic_energy,5.77,0,5.77,13271
ENERGY-COOLING_HOURLY-00-04,ST0101,DBN,KV1,active,2026-08-18-04,2026-08-18 04:00:00,16.99,index,valid,synthetic_energy,7.33,0,7.33,16859
ENERGY-COOLING_HOURLY-00-05,ST0101,DBN,KV1,active,2026-08-18-05,2026-08-18 05:00:00,39.15,index,valid,synthetic_energy,3.42,0,3.42,7866
ENERGY-COOLING_HOURLY-00-06,ST0101,DBN,KV1,active,2026-08-18-06,2026-08-18 06:00:00,20.02,index,valid,synthetic_energy,4.67,0,4.67,10741
ENERGY-COOLING_HOURLY-00-07,ST0101,DBN,KV1,active,2026-08-18-07,2026-08-18 07:00:00,31.32,index,valid,synthetic_energy,5.98,0,5.98,13754
ENERGY-COOLING_HOURLY-00-08,ST0101,DBN,KV1,active,2026-08-18-08,2026-08-18 08:00:00,46.55,index,valid,synthetic_energy,7.37,0,7.37,16951
ENERGY-COOLING_HOURLY-00-09,ST0101,DBN,KV1,active,2026-08-18-09,2026-08-18 09:00:00,48.04,index,valid,synthetic_energy,7.69,0,7.69,17687
ENERGY-COOLING_HOURLY-00-10,ST0101,DBN,KV1,active,2026-08-18-10,2026-08-18 10:00:00,68.35,index,valid,synthetic_energy,5.53,0,5.53,12719
ENERGY-COOLING_HOURLY-00-11,ST0101,DBN,KV1,active,2026-08-18-11,2026-08-18 11:00:00,67.85,index,valid,synthetic_energy,7.7,0,7.7,17710
ENERGY-COOLING_HOURLY-00-12,ST0101,DBN,KV1,active,2026-08-18-12,2026-08-18 12:00:00,81.3,index,valid,synthetic_energy,5.58,0,5.58,12834
ENERGY-COOLING_HOURLY-00-13,ST0101,DBN,KV1,active,2026-08-18-13,2026-08-18 13:00:00,53.18,index,valid,synthetic_energy,6.44,0,6.44,14812
ENERGY-COOLING_HOURLY-00-14,ST0101,DBN,KV1,active,2026-08-18-14,2026-08-18 14:00:00,21.27,index,valid,synthetic_energy,7.69,0,7.69,17687
ENERGY-COOLING_HOURLY-00-15,ST0101,DBN,KV1,active,2026-08-18-15,2026-08-18 15:00:00,66.38,index,valid,synthetic_energy,6.02,0,6.02,13846
ENERGY-COOLING_HOURLY-00-16,ST0101,DBN,KV1,active,2026-08-18-16,2026-08-18 16:00:00,30.8,index,valid,synthetic_energy,6.04,0,6.04,13892
ENERGY-COOLING_HOURLY-00-17,ST0101,DBN,KV1,active,2026-08-18-17,2026-08-18 17:00:00,59.27,index,valid,synthetic_energy,4.4,0,4.4,10120
ENERGY-COOLING_HOURLY-00-18,ST0101,DBN,KV1,active,2026-08-18-18,2026-08-18 18:00:00,48.73,index,valid,synthetic_energy,6.24,0,6.24,14352
ENERGY-COOLING_HOURLY-00-19,ST0101,DBN,KV1,active,2026-08-18-19,2026-08-18 19:00:00,75.66,index,valid,synthetic_energy,6.44,0,6.44,14812
ENERGY-COOLING_HOURLY-00-20,ST0101,DBN,KV1,active,2026-08-18-20,2026-08-18 20:00:00,15.12,index,valid,synthetic_energy,4.28,0,4.28,9844
ENERGY-COOLING_HOURLY-00-21,ST0101,DBN,KV1,active,2026-08-18-21,2026-08-18 21:00:00,64.39,index,valid,synthetic_energy,6.4,0,6.4,14720
ENERGY-COOLING_HOURLY-00-22,ST0101,DBN,KV1,active,2026-08-18-22,2026-08-18 22:00:00,50.94,index,valid,synthetic_energy,3.61,0,3.61,8303
ENERGY-COOLING_HOURLY-00-23,ST0101,DBN,KV1,active,2026-08-18-23,2026-08-18 23:00:00,51.57,index,valid,synthetic_energy,7.2,0,7.2,16560
ENERGY-COOLING_HOURLY-00-24,ST0101,DBN,KV1,active,2026-08-19-00,2026-08-19 00:00:00,20.71,index,valid,synthetic_energy,7.56,0,7.56,17388
ENERGY-COOLING_HOURLY-00-25,ST0101,DBN,KV1,active,2026-08-19-01,2026-08-19 01:00:00,32.82,index,valid,synthetic_energy,5.53,0,5.53,12719
ENERGY-COOLING_HOURLY-00-26,ST0101,DBN,KV1,active,2026-08-19-02,2026-08-19 02:00:00,26.93,index,valid,synthetic_energy,7.03,0,7.03,16169
ENERGY-COOLING_HOURLY-00-27,ST0101,DBN,KV1,degraded,2026-08-19-03,2026-08-19 03:00:00,90.23,index,degraded,synthetic_energy,7.01,2,9.01,24123
ENERGY-COOLING_HOURLY-00-28,ST0101,DBN,KV1,active,2026-08-19-04,2026-08-19 04:00:00,20.68,index,valid,synthetic_energy,7.13,0,7.13,16399
ENERGY-COOLING_HOURLY-00-29,ST0101,DBN,KV1,active,2026-08-19-05,2026-08-19 05:00:00,72.16,index,valid,synthetic_energy,7.3,0,7.3,16790
ENERGY-COOLING_HOURLY-00-30,ST0101,DBN,KV1,active,2026-08-19-06,2026-08-19 06:00:00,38.69,index,valid,synthetic_energy,6.11,0,6.11,14053
ENERGY-COOLING_HOURLY-00-31,ST0101,DBN,KV1,active,2026-08-19-07,2026-08-19 07:00:00,39.76,index,valid,synthetic_energy,4.89,0,4.89,11247
ENERGY-COOLING_HOURLY-00-32,ST0101,DBN,KV1,active,2026-08-19-08,2026-08-19 08:00:00,34.77,index,valid,synthetic_energy,7.26,0,7.26,16698
ENERGY-COOLING_HOURLY-00-33,ST0101,DBN,KV1,active,2026-08-19-09,2026-08-19 09:00:00,68.04,index,valid,synthetic_energy,4.35,0,4.35,10005
ENERGY-COOLING_HOURLY-00-34,ST0101,DBN,KV1,active,2026-08-19-10,2026-08-19 10:00:00,36.51,index,valid,synthetic_energy,7.62,0,7.62,17526
ENERGY-COOLING_HOURLY-00-35,ST0101,DBN,KV1,active,2026-08-19-11,2026-08-19 11:00:00,68.94,index,valid,synthetic_energy,4.99,0,4.99,11477
ENERGY-COOLING_HOURLY-00-36,ST0101,DBN,KV1,active,2026-08-19-12,2026-08-19 12:00:00,49.68,index,valid,synthetic_energy,5.58,0,5.58,12834
ENERGY-COOLING_HOURLY-00-37,ST0101,DBN,KV1,active,2026-08-19-13,2026-08-19 13:00:00,38.5,index,valid,synthetic_energy,4.33,0,4.33,9959
ENERGY-COOLING_HOURLY-00-38,ST0101,DBN,KV1,active,2026-08-19-14,2026-08-19 14:00:00,76.41,index,valid,synthetic_energy,7.94,0,7.94,18262
ENERGY-COOLING_HOURLY-00-39,ST0101,DBN,KV1,active,2026-08-19-15,2026-08-19 15:00:00,34.89,index,valid,synthetic_energy,6.48,0,6.48,14904
ENERGY-COOLING_HOURLY-00-40,ST0101,DBN,KV1,active,2026-08-19-16,2026-08-19 16:00:00,15.38,index,valid,synthetic_energy,4.52,0,4.52,10396
ENERGY-COOLING_HOURLY-00-41,ST0101,DBN,KV1,active,2026-08-19-17,2026-08-19 17:00:00,32.52,index,valid,synthetic_energy,5.77,0,5.77,13271
ENERGY-COOLING_HOURLY-00-42,ST0101,DBN,KV1,active,2026-08-19-18,2026-08-19 18:00:00,42.17,index,valid,synthetic_energy,5.89,0,5.89,13547
ENERGY-COOLING_HOURLY-00-43,ST0101,DBN,KV1,active,2026-08-19-19,2026-08-19 19:00:00,82.41,index,valid,synthetic_energy,6.17,0,6.17,14191
ENERGY-COOLING_HOURLY-00-44,ST0101,DBN,KV1,active,2026-08-19-20,2026-08-19 20:00:00,23.19,index,valid,synthetic_energy,3.9,0,3.9,8970
ENERGY-COOLING_HOURLY-00-45,ST0101,DBN,KV1,active,2026-08-19-21,2026-08-19 21:00:00,23.13,index,valid,synthetic_energy,6.85,0,6.85,15755
ENERGY-COOLING_HOURLY-00-46,ST0101,DBN,KV1,active,2026-08-19-22,2026-08-19 22:00:00,15.59,index,valid,synthetic_energy,7.35,0,7.35,16905
ENERGY-COOLING_HOURLY-00-47,ST0101,DBN,KV1,active,2026-08-19-23,2026-08-19 23:00:00,19.16,index,valid,synthetic_energy,6.9,0,6.9,15870
ENERGY-COOLING_HOURLY-00-48,ST0101,DBN,KV1,active,2026-08-20-00,2026-08-20 00:00:00,38.92,index,valid,synthetic_energy,5.91,0,5.91,13593
ENERGY-COOLING_HOURLY-00-49,ST0101,DBN,KV1,active,2026-08-20-01,2026-08-20 01:00:00,70.73,index,valid,synthetic_energy,7.92,0,7.92,18216
ENERGY-COOLING_HOURLY-00-50,ST0101,DBN,KV1,active,2026-08-20-02,2026-08-20 02:00:00,27.08,index,valid,synthetic_energy,7.52,0,7.52,17296
ENERGY-COOLING_HOURLY-00-51,ST0101,DBN,KV1,active,2026-08-20-03,2026-08-20 03:00:00,41.84,index,valid,synthetic_energy,6.89,0,6.89,15847
ENERGY-COOLING_HOURLY-00-52,ST0101,DBN,KV1,active,2026-08-20-04,2026-08-20 04:00:00,57.96,index,valid,synthetic_energy,4.89,0,4.89,11247
ENERGY-COOLING_HOURLY-00-53,ST0101,DBN,KV1,active,2026-08-20-05,2026-08-20 05:00:00,15.98,index,valid,synthetic_energy,7.92,0,7.92,18216
ENERGY-COOLING_HOURLY-00-54,ST0101,DBN,KV1,active,2026-08-20-06,2026-08-20 06:00:00,40.1,index,valid,synthetic_energy,6.38,0,6.38,14674
ENERGY-COOLING_HOURLY-00-55,ST0101,DBN,KV1,active,2026-08-20-07,2026-08-20 07:00:00,45.08,index,valid,synthetic_energy,7.0,0,7.0,16100
ENERGY-COOLING_HOURLY-00-56,ST0101,DBN,KV1,active,2026-08-20-08,2026-08-20 08:00:00,51.38,index,valid,synthetic_energy,4.01,0,4.01,9223
ENERGY-COOLING_HOURLY-00-57,ST0101,DBN,KV1,active,2026-08-20-09,2026-08-20 09:00:00,54.72,index,valid,synthetic_energy,7.12,0,7.12,16376
ENERGY-COOLING_HOURLY-00-58,ST0101,DBN,KV1,active,2026-08-20-10,2026-08-20 10:00:00,23.21,index,valid,synthetic_energy,7.96,0,7.96,18308
ENERGY-COOLING_HOURLY-00-59,ST0101,DBN,KV1,active,2026-08-20-11,2026-08-20 11:00:00,43.43,index,valid,synthetic_energy,5.89,0,5.89,13547
ENERGY-COOLING_HOURLY-00-60,ST0101,DBN,KV1,active,2026-08-20-12,2026-08-20 12:00:00,71.84,index,valid,synthetic_energy,7.8,0,7.8,17940
ENERGY-COOLING_HOURLY-00-61,ST0101,DBN,KV1,active,2026-08-20-13,2026-08-20 13:00:00,59.16,index,valid,synthetic_energy,5.75,0,5.75,13225
ENERGY-COOLING_HOURLY-00-62,ST0101,DBN,KV1,active,2026-08-20-14,2026-08-20 14:00:00,73.12,index,valid,synthetic_energy,7.38,0,7.38,16974
ENERGY-COOLING_HOURLY-00-63,ST0101,DBN,KV1,active,2026-08-20-15,2026-08-20 15:00:00,76.96,index,valid,synthetic_energy,5.25,0,5.25,12075
ENERGY-COOLING_HOURLY-00-64,ST0101,DBN,KV1,active,2026-08-20-16,2026-08-20 16:00:00,26.13,index,valid,synthetic_energy,4.19,0,4.19,9637
ENERGY-COOLING_HOURLY-00-65,ST0101,DBN,KV1,active,2026-08-20-17,2026-08-20 17:00:00,81.19,index,valid,synthetic_energy,6.6,0,6.6,15180
ENERGY-COOLING_HOURLY-00-66,ST0101,DBN,KV1,active,2026-08-20-18,2026-08-20 18:00:00,18.41,index,valid,synthetic_energy,7.89,0,7.89,18147
ENERGY-COOLING_HOURLY-00-67,ST0101,DBN,KV1,active,2026-08-20-19,2026-08-20 19:00:00,63.59,index,valid,synthetic_energy,4.61,0,4.61,10603
ENERGY-COOLING_HOURLY-00-68,ST0101,DBN,KV1,active,2026-08-20-20,2026-08-20 20:00:00,35.89,index,valid,synthetic_energy,7.32,0,7.32,16836
ENERGY-COOLING_HOURLY-00-69,ST0101,DBN,KV1,active,2026-08-20-21,2026-08-20 21:00:00,55.46,index,valid,synthetic_energy,6.43,0,6.43,14789
ENERGY-COOLING_HOURLY-00-70,ST0101,DBN,KV1,active,2026-08-20-22,2026-08-20 22:00:00,56.41,index,valid,synthetic_energy,3.28,0,3.28,7544
ENERGY-COOLING_HOURLY-00-71,ST0101,DBN,KV1,active,2026-08-20-23,2026-08-20 23:00:00,33.34,index,valid,synthetic_energy,4.74,0,4.74,10902
ENERGY-COOLING_HOURLY-01-00,ST0202,SLA,KV1,active,2026-08-18-00,2026-08-18 00:00:00,28.85,index,valid,synthetic_energy,4.03,0,4.03,9269
ENERGY-COOLING_HOURLY-01-01,ST0202,SLA,KV1,active,2026-08-18-01,2026-08-18 01:00:00,23.58,index,valid,synthetic_energy,4.12,0,4.12,9476
ENERGY-COOLING_HOURLY-01-02,ST0202,SLA,KV1,active,2026-08-18-02,2026-08-18 02:00:00,58.69,index,valid,synthetic_energy,4.71,0,4.71,10833
ENERGY-COOLING_HOURLY-01-03,ST0202,SLA,KV1,active,2026-08-18-03,2026-08-18 03:00:00,76.49,index,valid,synthetic_energy,6.03,0,6.03,13869
ENERGY-COOLING_HOURLY-01-04,ST0202,SLA,KV1,active,2026-08-18-04,2026-08-18 04:00:00,28.2,index,valid,synthetic_energy,6.64,0,6.64,15272
ENERGY-COOLING_HOURLY-01-05,ST0202,SLA,KV1,active,2026-08-18-05,2026-08-18 05:00:00,54.3,index,valid,synthetic_energy,6.01,0,6.01,13823
ENERGY-COOLING_HOURLY-01-06,ST0202,SLA,KV1,active,2026-08-18-06,2026-08-18 06:00:00,18.9,index,valid,synthetic_energy,4.41,0,4.41,10143
ENERGY-COOLING_HOURLY-01-07,ST0202,SLA,KV1,active,2026-08-18-07,2026-08-18 07:00:00,55.5,index,valid,synthetic_energy,3.11,0,3.11,7153
ENERGY-COOLING_HOURLY-01-08,ST0202,SLA,KV1,active,2026-08-18-08,2026-08-18 08:00:00,35.92,index,valid,synthetic_energy,6.28,0,6.28,14444
ENERGY-COOLING_HOURLY-01-09,ST0202,SLA,KV1,active,2026-08-18-09,2026-08-18 09:00:00,62.12,index,valid,synthetic_energy,4.51,0,4.51,10373
ENERGY-COOLING_HOURLY-01-10,ST0202,SLA,KV1,active,2026-08-18-10,2026-08-18 10:00:00,27.27,index,valid,synthetic_energy,6.39,0,6.39,14697
ENERGY-COOLING_HOURLY-01-11,ST0202,SLA,KV1,active,2026-08-18-11,2026-08-18 11:00:00,23.82,index,valid,synthetic_energy,4.74,0,4.74,10902
ENERGY-COOLING_HOURLY-01-12,ST0202,SLA,KV1,active,2026-08-18-12,2026-08-18 12:00:00,31.08,index,valid,synthetic_energy,3.94,0,3.94,9062
ENERGY-COOLING_HOURLY-01-13,ST0202,SLA,KV1,active,2026-08-18-13,2026-08-18 13:00:00,73.72,index,valid,synthetic_energy,5.85,0,5.85,13455
ENERGY-COOLING_HOURLY-01-14,ST0202,SLA,KV1,active,2026-08-18-14,2026-08-18 14:00:00,47.6,index,valid,synthetic_energy,3.05,0,3.05,7015
ENERGY-COOLING_HOURLY-01-15,ST0202,SLA,KV1,active,2026-08-18-15,2026-08-18 15:00:00,53.62,index,valid,synthetic_energy,6.66,0,6.66,15318
ENERGY-COOLING_HOURLY-01-16,ST0202,SLA,KV1,active,2026-08-18-16,2026-08-18 16:00:00,28.12,index,valid,synthetic_energy,7.07,0,7.07,16261
ENERGY-COOLING_HOURLY-01-17,ST0202,SLA,KV1,active,2026-08-18-17,2026-08-18 17:00:00,69.61,index,valid,synthetic_energy,4.45,0,4.45,10235
ENERGY-COOLING_HOURLY-01-18,ST0202,SLA,KV1,active,2026-08-18-18,2026-08-18 18:00:00,82.64,index,valid,synthetic_energy,5.2,0,5.2,11960
ENERGY-COOLING_HOURLY-01-19,ST0202,SLA,KV1,active,2026-08-18-19,2026-08-18 19:00:00,45.79,index,valid,synthetic_energy,5.67,0,5.67,13041
ENERGY-COOLING_HOURLY-01-20,ST0202,SLA,KV1,active,2026-08-18-20,2026-08-18 20:00:00,68.78,index,valid,synthetic_energy,5.53,0,5.53,12719
ENERGY-COOLING_HOURLY-01-21,ST0202,SLA,KV1,active,2026-08-18-21,2026-08-18 21:00:00,43.27,index,valid,synthetic_energy,3.19,0,3.19,7337
ENERGY-COOLING_HOURLY-01-22,ST0202,SLA,KV1,active,2026-08-18-22,2026-08-18 22:00:00,53.24,index,valid,synthetic_energy,3.63,0,3.63,8349
ENERGY-COOLING_HOURLY-01-23,ST0202,SLA,KV1,active,2026-08-18-23,2026-08-18 23:00:00,74.04,index,valid,synthetic_energy,7.36,0,7.36,16928
ENERGY-COOLING_HOURLY-01-24,ST0202,SLA,KV1,active,2026-08-19-00,2026-08-19 00:00:00,37.86,index,valid,synthetic_energy,7.2,0,7.2,16560
ENERGY-COOLING_HOURLY-01-25,ST0202,SLA,KV1,active,2026-08-19-01,2026-08-19 01:00:00,74.3,index,valid,synthetic_energy,4.35,0,4.35,10005
ENERGY-COOLING_HOURLY-01-26,ST0202,SLA,KV1,active,2026-08-19-02,2026-08-19 02:00:00,66.57,index,valid,synthetic_energy,5.06,0,5.06,11638
ENERGY-COOLING_HOURLY-01-27,ST0202,SLA,KV1,active,2026-08-19-03,2026-08-19 03:00:00,73.39,index,valid,synthetic_energy,7.45,0,7.45,17135
ENERGY-COOLING_HOURLY-01-28,ST0202,SLA,KV1,active,2026-08-19-04,2026-08-19 04:00:00,34.09,index,valid,synthetic_energy,5.82,0,5.82,13386
ENERGY-COOLING_HOURLY-01-29,ST0202,SLA,KV1,active,2026-08-19-05,2026-08-19 05:00:00,45.5,index,valid,synthetic_energy,7.27,0,7.27,16721
ENERGY-COOLING_HOURLY-01-30,ST0202,SLA,KV1,active,2026-08-19-06,2026-08-19 06:00:00,77.74,index,valid,synthetic_energy,7.3,0,7.3,16790
ENERGY-COOLING_HOURLY-01-31,ST0202,SLA,KV1,active,2026-08-19-07,2026-08-19 07:00:00,83.32,index,valid,synthetic_energy,7.92,0,7.92,18216
ENERGY-COOLING_HOURLY-01-32,ST0202,SLA,KV1,active,2026-08-19-08,2026-08-19 08:00:00,48.42,index,valid,synthetic_energy,6.91,0,6.91,15893
ENERGY-COOLING_HOURLY-01-33,ST0202,SLA,KV1,active,2026-08-19-09,2026-08-19 09:00:00,73.79,index,valid,synthetic_energy,3.45,0,3.45,7935
ENERGY-COOLING_HOURLY-01-34,ST0202,SLA,KV1,active,2026-08-19-10,2026-08-19 10:00:00,30.75,index,valid,synthetic_energy,7.85,0,7.85,18055
ENERGY-COOLING_HOURLY-01-35,ST0202,SLA,KV1,active,2026-08-19-11,2026-08-19 11:00:00,82.81,index,valid,synthetic_energy,7.58,0,7.58,17434
ENERGY-COOLING_HOURLY-01-36,ST0202,SLA,KV1,active,2026-08-19-12,2026-08-19 12:00:00,66.8,index,valid,synthetic_energy,5.03,0,5.03,11569
ENERGY-COOLING_HOURLY-01-37,ST0202,SLA,KV1,active,2026-08-19-13,2026-08-19 13:00:00,84.44,index,valid,synthetic_energy,6.3,0,6.3,14490
ENERGY-COOLING_HOURLY-01-38,ST0202,SLA,KV1,active,2026-08-19-14,2026-08-19 14:00:00,60.34,index,valid,synthetic_energy,3.68,0,3.68,8464
ENERGY-COOLING_HOURLY-01-39,ST0202,SLA,KV1,active,2026-08-19-15,2026-08-19 15:00:00,27.38,index,valid,synthetic_energy,4.1,0,4.1,9430
ENERGY-COOLING_HOURLY-01-40,ST0202,SLA,KV1,active,2026-08-19-16,2026-08-19 16:00:00,19.25,index,valid,synthetic_energy,5.44,0,5.44,12512
ENERGY-COOLING_HOURLY-01-41,ST0202,SLA,KV1,active,2026-08-19-17,2026-08-19 17:00:00,59.89,index,valid,synthetic_energy,5.86,0,5.86,13478
ENERGY-COOLING_HOURLY-01-42,ST0202,SLA,KV1,active,2026-08-19-18,2026-08-19 18:00:00,40.28,index,valid,synthetic_energy,4.22,0,4.22,9706
ENERGY-COOLING_HOURLY-01-43,ST0202,SLA,KV1,active,2026-08-19-19,2026-08-19 19:00:00,28.76,index,valid,synthetic_energy,4.57,0,4.57,10511
ENERGY-COOLING_HOURLY-01-44,ST0202,SLA,KV1,active,2026-08-19-20,2026-08-19 20:00:00,43.04,index,valid,synthetic_energy,6.77,0,6.77,15571
ENERGY-COOLING_HOURLY-01-45,ST0202,SLA,KV1,degraded,2026-08-19-21,2026-08-19 21:00:00,105.72,index,degraded,synthetic_energy,3.46,2,5.46,15958
ENERGY-COOLING_HOURLY-01-46,ST0202,SLA,KV1,active,2026-08-19-22,2026-08-19 22:00:00,45.59,index,valid,synthetic_energy,5.94,0,5.94,13662
ENERGY-COOLING_HOURLY-01-47,ST0202,SLA,KV1,active,2026-08-19-23,2026-08-19 23:00:00,54.32,index,valid,synthetic_energy,3.9,0,3.9,8970
ENERGY-COOLING_HOURLY-01-48,ST0202,SLA,KV1,active,2026-08-20-00,2026-08-20 00:00:00,81.51,index,valid,synthetic_energy,5.23,0,5.23,12029
ENERGY-COOLING_HOURLY-01-49,ST0202,SLA,KV1,active,2026-08-20-01,2026-08-20 01:00:00,33.03,index,valid,synthetic_energy,7.29,0,7.29,16767
ENERGY-COOLING_HOURLY-01-50,ST0202,SLA,KV1,active,2026-08-20-02,2026-08-20 02:00:00,67.57,index,valid,synthetic_energy,7.99,0,7.99,18377
ENERGY-COOLING_HOURLY-01-51,ST0202,SLA,KV1,active,2026-08-20-03,2026-08-20 03:00:00,41.4,index,valid,synthetic_energy,6.91,0,6.91,15893
ENERGY-COOLING_HOURLY-01-52,ST0202,SLA,KV1,active,2026-08-20-04,2026-08-20 04:00:00,65.49,index,valid,synthetic_energy,7.26,0,7.26,16698
ENERGY-COOLING_HOURLY-01-53,ST0202,SLA,KV1,active,2026-08-20-05,2026-08-20 05:00:00,72.43,index,valid,synthetic_energy,6.05,0,6.05,13915
ENERGY-COOLING_HOURLY-01-54,ST0202,SLA,KV1,active,2026-08-20-06,2026-08-20 06:00:00,28.15,index,valid,synthetic_energy,6.25,0,6.25,14375
ENERGY-COOLING_HOURLY-01-55,ST0202,SLA,KV1,active,2026-08-20-07,2026-08-20 07:00:00,64.96,index,valid,synthetic_energy,6.63,0,6.63,15249
ENERGY-COOLING_HOURLY-01-56,ST0202,SLA,KV1,active,2026-08-20-08,2026-08-20 08:00:00,48.23,index,valid,synthetic_energy,4.34,0,4.34,9982
ENERGY-COOLING_HOURLY-01-57,ST0202,SLA,KV1,active,2026-08-20-09,2026-08-20 09:00:00,65.65,index,valid,synthetic_energy,5.99,0,5.99,13777
ENERGY-COOLING_HOURLY-01-58,ST0202,SLA,KV1,active,2026-08-20-10,2026-08-20 10:00:00,65.8,index,valid,synthetic_energy,4.29,0,4.29,9867
ENERGY-COOLING_HOURLY-01-59,ST0202,SLA,KV1,active,2026-08-20-11,2026-08-20 11:00:00,52.11,index,valid,synthetic_energy,7.26,0,7.26,16698
ENERGY-COOLING_HOURLY-01-60,ST0202,SLA,KV1,active,2026-08-20-12,2026-08-20 12:00:00,17.6,index,valid,synthetic_energy,3.42,0,3.42,7866
ENERGY-COOLING_HOURLY-01-61,ST0202,SLA,KV1,active,2026-08-20-13,2026-08-20 13:00:00,17.38,index,valid,synthetic_energy,7.73,0,7.73,17779
ENERGY-COOLING_HOURLY-01-62,ST0202,SLA,KV1,active,2026-08-20-14,2026-08-20 14:00:00,76.0,index,valid,synthetic_energy,4.07,0,4.07,9361
ENERGY-COOLING_HOURLY-01-63,ST0202,SLA,KV1,active,2026-08-20-15,2026-08-20 15:00:00,57.61,index,valid,synthetic_energy,3.57,0,3.57,8211
ENERGY-COOLING_HOURLY-01-64,ST0202,SLA,KV1,active,2026-08-20-16,2026-08-20 16:00:00,16.24,index,valid,synthetic_energy,4.93,0,4.93,11339
ENERGY-COOLING_HOURLY-01-65,ST0202,SLA,KV1,active,2026-08-20-17,2026-08-20 17:00:00,70.15,index,valid,synthetic_energy,5.96,0,5.96,13708
ENERGY-COOLING_HOURLY-01-66,ST0202,SLA,KV1,active,2026-08-20-18,2026-08-20 18:00:00,37.4,index,valid,synthetic_energy,5.2,0,5.2,11960
ENERGY-COOLING_HOURLY-01-67,ST0202,SLA,KV1,active,2026-08-20-19,2026-08-20 19:00:00,62.24,index,valid,synthetic_energy,5.7,0,5.7,13110
ENERGY-COOLING_HOURLY-01-68,ST0202,SLA,KV1,active,2026-08-20-20,2026-08-20 20:00:00,82.81,index,valid,synthetic_energy,4.67,0,4.67,10741
ENERGY-COOLING_HOURLY-01-69,ST0202,SLA,KV1,active,2026-08-20-21,2026-08-20 21:00:00,73.7,index,valid,synthetic_energy,5.84,0,5.84,13432
ENERGY-COOLING_HOURLY-01-70,ST0202,SLA,KV1,active,2026-08-20-22,2026-08-20 22:00:00,56.34,index,valid,synthetic_energy,4.17,0,4.17,9591
ENERGY-COOLING_HOURLY-01-71,ST0202,SLA,KV1,active,2026-08-20-23,2026-08-20 23:00:00,47.96,index,valid,synthetic_energy,6.83,0,6.83,15709
ENERGY-COOLING_HOURLY-02-00,ST0301,CMU,KV3,active,2026-08-18-00,2026-08-18 00:00:00,74.37,index,valid,synthetic_energy,3.55,0,3.55,8165
ENERGY-COOLING_HOURLY-02-01,ST0301,CMU,KV3,active,2026-08-18-01,2026-08-18 01:00:00,67.95,index,valid,synthetic_energy,3.46,0,3.46,7958
ENERGY-COOLING_HOURLY-02-02,ST0301,CMU,KV3,active,2026-08-18-02,2026-08-18 02:00:00,19.49,index,valid,synthetic_energy,5.13,0,5.13,11799
ENERGY-COOLING_HOURLY-02-03,ST0301,CMU,KV3,active,2026-08-18-03,2026-08-18 03:00:00,82.47,index,valid,synthetic_energy,4.16,0,4.16,9568
ENERGY-COOLING_HOURLY-02-04,ST0301,CMU,KV3,active,2026-08-18-04,2026-08-18 04:00:00,24.51,index,valid,synthetic_energy,7.93,0,7.93,18239
ENERGY-COOLING_HOURLY-02-05,ST0301,CMU,KV3,active,2026-08-18-05,2026-08-18 05:00:00,74.7,index,valid,synthetic_energy,5.46,0,5.46,12558
ENERGY-COOLING_HOURLY-02-06,ST0301,CMU,KV3,active,2026-08-18-06,2026-08-18 06:00:00,73.82,index,valid,synthetic_energy,6.2,0,6.2,14260
ENERGY-COOLING_HOURLY-02-07,ST0301,CMU,KV3,active,2026-08-18-07,2026-08-18 07:00:00,26.01,index,valid,synthetic_energy,4.44,0,4.44,10212
ENERGY-COOLING_HOURLY-02-08,ST0301,CMU,KV3,active,2026-08-18-08,2026-08-18 08:00:00,79.0,index,valid,synthetic_energy,6.74,0,6.74,15502
ENERGY-COOLING_HOURLY-02-09,ST0301,CMU,KV3,active,2026-08-18-09,2026-08-18 09:00:00,29.66,index,valid,synthetic_energy,7.23,0,7.23,16629
ENERGY-COOLING_HOURLY-02-10,ST0301,CMU,KV3,active,2026-08-18-10,2026-08-18 10:00:00,15.46,index,valid,synthetic_energy,4.91,0,4.91,11293
ENERGY-COOLING_HOURLY-02-11,ST0301,CMU,KV3,active,2026-08-18-11,2026-08-18 11:00:00,62.27,index,valid,synthetic_energy,4.76,0,4.76,10948
ENERGY-COOLING_HOURLY-02-12,ST0301,CMU,KV3,active,2026-08-18-12,2026-08-18 12:00:00,63.29,index,valid,synthetic_energy,7.59,0,7.59,17457
ENERGY-COOLING_HOURLY-02-13,ST0301,CMU,KV3,active,2026-08-18-13,2026-08-18 13:00:00,50.39,index,valid,synthetic_energy,5.39,0,5.39,12397
ENERGY-COOLING_HOURLY-02-14,ST0301,CMU,KV3,active,2026-08-18-14,2026-08-18 14:00:00,49.37,index,valid,synthetic_energy,6.21,0,6.21,14283
ENERGY-COOLING_HOURLY-02-15,ST0301,CMU,KV3,active,2026-08-18-15,2026-08-18 15:00:00,73.88,index,valid,synthetic_energy,3.34,0,3.34,7682
ENERGY-COOLING_HOURLY-02-16,ST0301,CMU,KV3,active,2026-08-18-16,2026-08-18 16:00:00,37.13,index,valid,synthetic_energy,7.21,0,7.21,16583
ENERGY-COOLING_HOURLY-02-17,ST0301,CMU,KV3,active,2026-08-18-17,2026-08-18 17:00:00,38.3,index,valid,synthetic_energy,3.41,0,3.41,7843
ENERGY-COOLING_HOURLY-02-18,ST0301,CMU,KV3,active,2026-08-18-18,2026-08-18 18:00:00,25.29,index,valid,synthetic_energy,4.72,0,4.72,10856
ENERGY-COOLING_HOURLY-02-19,ST0301,CMU,KV3,active,2026-08-18-19,2026-08-18 19:00:00,30.09,index,valid,synthetic_energy,7.79,0,7.79,17917
ENERGY-COOLING_HOURLY-02-20,ST0301,CMU,KV3,active,2026-08-18-20,2026-08-18 20:00:00,81.49,index,valid,synthetic_energy,5.94,0,5.94,13662
ENERGY-COOLING_HOURLY-02-21,ST0301,CMU,KV3,active,2026-08-18-21,2026-08-18 21:00:00,43.35,index,valid,synthetic_energy,7.11,0,7.11,16353
ENERGY-COOLING_HOURLY-02-22,ST0301,CMU,KV3,active,2026-08-18-22,2026-08-18 22:00:00,37.96,index,valid,synthetic_energy,7.04,0,7.04,16192
ENERGY-COOLING_HOURLY-02-23,ST0301,CMU,KV3,active,2026-08-18-23,2026-08-18 23:00:00,26.17,index,valid,synthetic_energy,3.24,0,3.24,7452
ENERGY-COOLING_HOURLY-02-24,ST0301,CMU,KV3,active,2026-08-19-00,2026-08-19 00:00:00,84.27,index,valid,synthetic_energy,6.05,0,6.05,13915
ENERGY-COOLING_HOURLY-02-25,ST0301,CMU,KV3,active,2026-08-19-01,2026-08-19 01:00:00,26.4,index,valid,synthetic_energy,7.9,0,7.9,18170
ENERGY-COOLING_HOURLY-02-26,ST0301,CMU,KV3,active,2026-08-19-02,2026-08-19 02:00:00,70.77,index,valid,synthetic_energy,7.2,0,7.2,16560
ENERGY-COOLING_HOURLY-02-27,ST0301,CMU,KV3,active,2026-08-19-03,2026-08-19 03:00:00,70.99,index,valid,synthetic_energy,7.34,0,7.34,16882
ENERGY-COOLING_HOURLY-02-28,ST0301,CMU,KV3,active,2026-08-19-04,2026-08-19 04:00:00,17.16,index,valid,synthetic_energy,4.97,0,4.97,11431
ENERGY-COOLING_HOURLY-02-29,ST0301,CMU,KV3,active,2026-08-19-05,2026-08-19 05:00:00,72.87,index,valid,synthetic_energy,3.12,0,3.12,7176
ENERGY-COOLING_HOURLY-02-30,ST0301,CMU,KV3,active,2026-08-19-06,2026-08-19 06:00:00,23.58,index,valid,synthetic_energy,6.75,0,6.75,15525
ENERGY-COOLING_HOURLY-02-31,ST0301,CMU,KV3,active,2026-08-19-07,2026-08-19 07:00:00,77.05,index,valid,synthetic_energy,4.07,0,4.07,9361
ENERGY-COOLING_HOURLY-02-32,ST0301,CMU,KV3,active,2026-08-19-08,2026-08-19 08:00:00,57.52,index,valid,synthetic_energy,3.49,0,3.49,8027
ENERGY-COOLING_HOURLY-02-33,ST0301,CMU,KV3,active,2026-08-19-09,2026-08-19 09:00:00,53.61,index,valid,synthetic_energy,4.61,0,4.61,10603
ENERGY-COOLING_HOURLY-02-34,ST0301,CMU,KV3,active,2026-08-19-10,2026-08-19 10:00:00,73.09,index,valid,synthetic_energy,7.81,0,7.81,17963
ENERGY-COOLING_HOURLY-02-35,ST0301,CMU,KV3,active,2026-08-19-11,2026-08-19 11:00:00,76.59,index,valid,synthetic_energy,6.58,0,6.58,15134
ENERGY-COOLING_HOURLY-02-36,ST0301,CMU,KV3,active,2026-08-19-12,2026-08-19 12:00:00,16.99,index,valid,synthetic_energy,6.87,0,6.87,15801
ENERGY-COOLING_HOURLY-02-37,ST0301,CMU,KV3,active,2026-08-19-13,2026-08-19 13:00:00,63.02,index,valid,synthetic_energy,4.67,0,4.67,10741
ENERGY-COOLING_HOURLY-02-38,ST0301,CMU,KV3,active,2026-08-19-14,2026-08-19 14:00:00,57.1,index,valid,synthetic_energy,6.3,0,6.3,14490
ENERGY-COOLING_HOURLY-02-39,ST0301,CMU,KV3,active,2026-08-19-15,2026-08-19 15:00:00,84.18,index,valid,synthetic_energy,4.98,0,4.98,11454
ENERGY-COOLING_HOURLY-02-40,ST0301,CMU,KV3,active,2026-08-19-16,2026-08-19 16:00:00,22.03,index,valid,synthetic_energy,4.7,0,4.7,10810
ENERGY-COOLING_HOURLY-02-41,ST0301,CMU,KV3,active,2026-08-19-17,2026-08-19 17:00:00,34.63,index,valid,synthetic_energy,7.08,0,7.08,16284
ENERGY-COOLING_HOURLY-02-42,ST0301,CMU,KV3,active,2026-08-19-18,2026-08-19 18:00:00,71.82,index,valid,synthetic_energy,7.75,0,7.75,17825
ENERGY-COOLING_HOURLY-02-43,ST0301,CMU,KV3,active,2026-08-19-19,2026-08-19 19:00:00,48.08,index,valid,synthetic_energy,5.03,0,5.03,11569
ENERGY-COOLING_HOURLY-02-44,ST0301,CMU,KV3,active,2026-08-19-20,2026-08-19 20:00:00,32.18,index,valid,synthetic_energy,3.89,0,3.89,8947
ENERGY-COOLING_HOURLY-02-45,ST0301,CMU,KV3,active,2026-08-19-21,2026-08-19 21:00:00,61.51,index,valid,synthetic_energy,6.28,0,6.28,14444
ENERGY-COOLING_HOURLY-02-46,ST0301,CMU,KV3,active,2026-08-19-22,2026-08-19 22:00:00,78.62,index,valid,synthetic_energy,7.91,0,7.91,18193
ENERGY-COOLING_HOURLY-02-47,ST0301,CMU,KV3,active,2026-08-19-23,2026-08-19 23:00:00,38.87,index,valid,synthetic_energy,5.93,0,5.93,13639
ENERGY-COOLING_HOURLY-02-48,ST0301,CMU,KV3,active,2026-08-20-00,2026-08-20 00:00:00,30.15,index,valid,synthetic_energy,6.53,0,6.53,15019
ENERGY-COOLING_HOURLY-02-49,ST0301,CMU,KV3,active,2026-08-20-01,2026-08-20 01:00:00,68.84,index,valid,synthetic_energy,4.16,0,4.16,9568
ENERGY-COOLING_HOURLY-02-50,ST0301,CMU,KV3,active,2026-08-20-02,2026-08-20 02:00:00,59.94,index,valid,synthetic_energy,5.78,0,5.78,13294
ENERGY-COOLING_HOURLY-02-51,ST0301,CMU,KV3,active,2026-08-20-03,2026-08-20 03:00:00,19.07,index,valid,synthetic_energy,3.05,0,3.05,7015
ENERGY-COOLING_HOURLY-02-52,ST0301,CMU,KV3,active,2026-08-20-04,2026-08-20 04:00:00,28.94,index,valid,synthetic_energy,4.29,0,4.29,9867
ENERGY-COOLING_HOURLY-02-53,ST0301,CMU,KV3,active,2026-08-20-05,2026-08-20 05:00:00,29.8,index,valid,synthetic_energy,7.12,0,7.12,16376
ENERGY-COOLING_HOURLY-02-54,ST0301,CMU,KV3,active,2026-08-20-06,2026-08-20 06:00:00,62.21,index,valid,synthetic_energy,5.27,0,5.27,12121
ENERGY-COOLING_HOURLY-02-55,ST0301,CMU,KV3,active,2026-08-20-07,2026-08-20 07:00:00,57.22,index,valid,synthetic_energy,3.13,0,3.13,7199
ENERGY-COOLING_HOURLY-02-56,ST0301,CMU,KV3,active,2026-08-20-08,2026-08-20 08:00:00,49.25,index,valid,synthetic_energy,7.42,0,7.42,17066
ENERGY-COOLING_HOURLY-02-57,ST0301,CMU,KV3,active,2026-08-20-09,2026-08-20 09:00:00,36.6,index,valid,synthetic_energy,7.14,0,7.14,16422
ENERGY-COOLING_HOURLY-02-58,ST0301,CMU,KV3,active,2026-08-20-10,2026-08-20 10:00:00,48.72,index,valid,synthetic_energy,6.29,0,6.29,14467
ENERGY-COOLING_HOURLY-02-59,ST0301,CMU,KV3,active,2026-08-20-11,2026-08-20 11:00:00,67.16,index,valid,synthetic_energy,5.33,0,5.33,12259
ENERGY-COOLING_HOURLY-02-60,ST0301,CMU,KV3,active,2026-08-20-12,2026-08-20 12:00:00,33.18,index,valid,synthetic_energy,4.79,0,4.79,11017
ENERGY-COOLING_HOURLY-02-61,ST0301,CMU,KV3,active,2026-08-20-13,2026-08-20 13:00:00,72.89,index,valid,synthetic_energy,3.49,0,3.49,8027
ENERGY-COOLING_HOURLY-02-62,ST0301,CMU,KV3,active,2026-08-20-14,2026-08-20 14:00:00,47.44,index,valid,synthetic_energy,4.04,0,4.04,9292
ENERGY-COOLING_HOURLY-02-63,ST0301,CMU,KV3,active,2026-08-20-15,2026-08-20 15:00:00,80.35,index,valid,synthetic_energy,4.75,0,4.75,10925
ENERGY-COOLING_HOURLY-02-64,ST0301,CMU,KV3,active,2026-08-20-16,2026-08-20 16:00:00,38.9,index,valid,synthetic_energy,4.3,0,4.3,9890
ENERGY-COOLING_HOURLY-02-65,ST0301,CMU,KV3,active,2026-08-20-17,2026-08-20 17:00:00,79.23,index,valid,synthetic_energy,6.26,0,6.26,14398
ENERGY-COOLING_HOURLY-02-66,ST0301,CMU,KV3,active,2026-08-20-18,2026-08-20 18:00:00,53.41,index,valid,synthetic_energy,4.42,0,4.42,10166
ENERGY-COOLING_HOURLY-02-67,ST0301,CMU,KV3,active,2026-08-20-19,2026-08-20 19:00:00,32.04,index,valid,synthetic_energy,3.33,0,3.33,7659
ENERGY-COOLING_HOURLY-02-68,ST0301,CMU,KV3,active,2026-08-20-20,2026-08-20 20:00:00,49.39,index,valid,synthetic_energy,7.26,0,7.26,16698
ENERGY-COOLING_HOURLY-02-69,ST0301,CMU,KV3,active,2026-08-20-21,2026-08-20 21:00:00,26.88,index,valid,synthetic_energy,5.3,0,5.3,12190
ENERGY-COOLING_HOURLY-02-70,ST0301,CMU,KV3,active,2026-08-20-22,2026-08-20 22:00:00,23.06,index,valid,synthetic_energy,3.22,0,3.22,7406
ENERGY-COOLING_HOURLY-02-71,ST0301,CMU,KV3,active,2026-08-20-23,2026-08-20 23:00:00,70.62,index,valid,synthetic_energy,7.9,0,7.9,18170
ENERGY-COOLING_HOURLY-03-00,ST0402,NBH,KV1,active,2026-08-18-00,2026-08-18 00:00:00,34.12,index,valid,synthetic_energy,4.28,0,4.28,9844
ENERGY-COOLING_HOURLY-03-01,ST0402,NBH,KV1,active,2026-08-18-01,2026-08-18 01:00:00,58.33,index,valid,synthetic_energy,4.54,0,4.54,10442
ENERGY-COOLING_HOURLY-03-02,ST0402,NBH,KV1,active,2026-08-18-02,2026-08-18 02:00:00,79.55,index,valid,synthetic_energy,3.31,0,3.31,7613
ENERGY-COOLING_HOURLY-03-03,ST0402,NBH,KV1,active,2026-08-18-03,2026-08-18 03:00:00,46.58,index,valid,synthetic_energy,6.94,0,6.94,15962
ENERGY-COOLING_HOURLY-03-04,ST0402,NBH,KV1,active,2026-08-18-04,2026-08-18 04:00:00,38.17,index,valid,synthetic_energy,3.34,0,3.34,7682
ENERGY-COOLING_HOURLY-03-05,ST0402,NBH,KV1,active,2026-08-18-05,2026-08-18 05:00:00,52.06,index,valid,synthetic_energy,6.27,0,6.27,14421
ENERGY-COOLING_HOURLY-03-06,ST0402,NBH,KV1,active,2026-08-18-06,2026-08-18 06:00:00,35.94,index,valid,synthetic_energy,4.9,0,4.9,11270
ENERGY-COOLING_HOURLY-03-07,ST0402,NBH,KV1,active,2026-08-18-07,2026-08-18 07:00:00,54.78,index,valid,synthetic_energy,7.51,0,7.51,17273
ENERGY-COOLING_HOURLY-03-08,ST0402,NBH,KV1,active,2026-08-18-08,2026-08-18 08:00:00,65.31,index,valid,synthetic_energy,7.4,0,7.4,17020
ENERGY-COOLING_HOURLY-03-09,ST0402,NBH,KV1,active,2026-08-18-09,2026-08-18 09:00:00,61.23,index,valid,synthetic_energy,5.99,0,5.99,13777
ENERGY-COOLING_HOURLY-03-10,ST0402,NBH,KV1,active,2026-08-18-10,2026-08-18 10:00:00,53.73,index,valid,synthetic_energy,7.19,0,7.19,16537
ENERGY-COOLING_HOURLY-03-11,ST0402,NBH,KV1,active,2026-08-18-11,2026-08-18 11:00:00,33.85,index,valid,synthetic_energy,3.13,0,3.13,7199
ENERGY-COOLING_HOURLY-03-12,ST0402,NBH,KV1,active,2026-08-18-12,2026-08-18 12:00:00,61.32,index,valid,synthetic_energy,3.68,0,3.68,8464
ENERGY-COOLING_HOURLY-03-13,ST0402,NBH,KV1,active,2026-08-18-13,2026-08-18 13:00:00,80.26,index,valid,synthetic_energy,5.07,0,5.07,11661
ENERGY-COOLING_HOURLY-03-14,ST0402,NBH,KV1,active,2026-08-18-14,2026-08-18 14:00:00,27.79,index,valid,synthetic_energy,3.75,0,3.75,8625
ENERGY-COOLING_HOURLY-03-15,ST0402,NBH,KV1,active,2026-08-18-15,2026-08-18 15:00:00,26.49,index,valid,synthetic_energy,7.26,0,7.26,16698
ENERGY-COOLING_HOURLY-03-16,ST0402,NBH,KV1,active,2026-08-18-16,2026-08-18 16:00:00,84.14,index,valid,synthetic_energy,4.67,0,4.67,10741
ENERGY-COOLING_HOURLY-03-17,ST0402,NBH,KV1,active,2026-08-18-17,2026-08-18 17:00:00,53.4,index,valid,synthetic_energy,7.06,0,7.06,16238
ENERGY-COOLING_HOURLY-03-18,ST0402,NBH,KV1,active,2026-08-18-18,2026-08-18 18:00:00,21.15,index,valid,synthetic_energy,4.29,0,4.29,9867
ENERGY-COOLING_HOURLY-03-19,ST0402,NBH,KV1,active,2026-08-18-19,2026-08-18 19:00:00,25.81,index,valid,synthetic_energy,5.93,0,5.93,13639
ENERGY-COOLING_HOURLY-03-20,ST0402,NBH,KV1,active,2026-08-18-20,2026-08-18 20:00:00,56.88,index,valid,synthetic_energy,7.59,0,7.59,17457
ENERGY-COOLING_HOURLY-03-21,ST0402,NBH,KV1,active,2026-08-18-21,2026-08-18 21:00:00,16.76,index,valid,synthetic_energy,5.67,0,5.67,13041
ENERGY-COOLING_HOURLY-03-22,ST0402,NBH,KV1,active,2026-08-18-22,2026-08-18 22:00:00,18.49,index,valid,synthetic_energy,5.95,0,5.95,13685
ENERGY-COOLING_HOURLY-03-23,ST0402,NBH,KV1,active,2026-08-18-23,2026-08-18 23:00:00,34.1,index,valid,synthetic_energy,3.18,0,3.18,7314
ENERGY-COOLING_HOURLY-03-24,ST0402,NBH,KV1,active,2026-08-19-00,2026-08-19 00:00:00,72.91,index,valid,synthetic_energy,4.38,0,4.38,10074
ENERGY-COOLING_HOURLY-03-25,ST0402,NBH,KV1,active,2026-08-19-01,2026-08-19 01:00:00,55.03,index,valid,synthetic_energy,3.96,0,3.96,9108
ENERGY-COOLING_HOURLY-03-26,ST0402,NBH,KV1,active,2026-08-19-02,2026-08-19 02:00:00,61.98,index,valid,synthetic_energy,5.55,0,5.55,12765
ENERGY-COOLING_HOURLY-03-27,ST0402,NBH,KV1,active,2026-08-19-03,2026-08-19 03:00:00,38.79,index,valid,synthetic_energy,7.46,0,7.46,17158
ENERGY-COOLING_HOURLY-03-28,ST0402,NBH,KV1,active,2026-08-19-04,2026-08-19 04:00:00,62.58,index,valid,synthetic_energy,7.09,0,7.09,16307
ENERGY-COOLING_HOURLY-03-29,ST0402,NBH,KV1,active,2026-08-19-05,2026-08-19 05:00:00,20.17,index,valid,synthetic_energy,3.91,0,3.91,8993
ENERGY-COOLING_HOURLY-03-30,ST0402,NBH,KV1,active,2026-08-19-06,2026-08-19 06:00:00,28.59,index,valid,synthetic_energy,4.65,0,4.65,10695
ENERGY-COOLING_HOURLY-03-31,ST0402,NBH,KV1,active,2026-08-19-07,2026-08-19 07:00:00,27.03,index,valid,synthetic_energy,5.21,0,5.21,11983
ENERGY-COOLING_HOURLY-03-32,ST0402,NBH,KV1,active,2026-08-19-08,2026-08-19 08:00:00,19.61,index,valid,synthetic_energy,3.02,0,3.02,6946
ENERGY-COOLING_HOURLY-03-33,ST0402,NBH,KV1,active,2026-08-19-09,2026-08-19 09:00:00,23.0,index,valid,synthetic_energy,3.46,0,3.46,7958
ENERGY-COOLING_HOURLY-03-34,ST0402,NBH,KV1,active,2026-08-19-10,2026-08-19 10:00:00,26.87,index,valid,synthetic_energy,7.77,0,7.77,17871
ENERGY-COOLING_HOURLY-03-35,ST0402,NBH,KV1,active,2026-08-19-11,2026-08-19 11:00:00,80.99,index,valid,synthetic_energy,6.15,0,6.15,14145
ENERGY-COOLING_HOURLY-03-36,ST0402,NBH,KV1,active,2026-08-19-12,2026-08-19 12:00:00,26.64,index,valid,synthetic_energy,4.7,0,4.7,10810
ENERGY-COOLING_HOURLY-03-37,ST0402,NBH,KV1,active,2026-08-19-13,2026-08-19 13:00:00,43.07,index,valid,synthetic_energy,4.41,0,4.41,10143
ENERGY-COOLING_HOURLY-03-38,ST0402,NBH,KV1,active,2026-08-19-14,2026-08-19 14:00:00,55.4,index,valid,synthetic_energy,3.28,0,3.28,7544
ENERGY-COOLING_HOURLY-03-39,ST0402,NBH,KV1,active,2026-08-19-15,2026-08-19 15:00:00,63.81,index,valid,synthetic_energy,4.38,0,4.38,10074
ENERGY-COOLING_HOURLY-03-40,ST0402,NBH,KV1,active,2026-08-19-16,2026-08-19 16:00:00,75.34,index,valid,synthetic_energy,6.36,0,6.36,14628
ENERGY-COOLING_HOURLY-03-41,ST0402,NBH,KV1,active,2026-08-19-17,2026-08-19 17:00:00,48.65,index,valid,synthetic_energy,6.06,0,6.06,13938
ENERGY-COOLING_HOURLY-03-42,ST0402,NBH,KV1,active,2026-08-19-18,2026-08-19 18:00:00,62.96,index,valid,synthetic_energy,7.51,0,7.51,17273
ENERGY-COOLING_HOURLY-03-43,ST0402,NBH,KV1,active,2026-08-19-19,2026-08-19 19:00:00,64.96,index,valid,synthetic_energy,4.56,0,4.56,10488
ENERGY-COOLING_HOURLY-03-44,ST0402,NBH,KV1,active,2026-08-19-20,2026-08-19 20:00:00,48.01,index,valid,synthetic_energy,3.22,0,3.22,7406
ENERGY-COOLING_HOURLY-03-45,ST0402,NBH,KV1,active,2026-08-19-21,2026-08-19 21:00:00,68.99,index,valid,synthetic_energy,5.44,0,5.44,12512
ENERGY-COOLING_HOURLY-03-46,ST0402,NBH,KV1,active,2026-08-19-22,2026-08-19 22:00:00,76.45,index,valid,synthetic_energy,6.03,0,6.03,13869
ENERGY-COOLING_HOURLY-03-47,ST0402,NBH,KV1,active,2026-08-19-23,2026-08-19 23:00:00,30.11,index,valid,synthetic_energy,4.46,0,4.46,10258
ENERGY-COOLING_HOURLY-03-48,ST0402,NBH,KV1,active,2026-08-20-00,2026-08-20 00:00:00,40.49,index,valid,synthetic_energy,7.63,0,7.63,17549
ENERGY-COOLING_HOURLY-03-49,ST0402,NBH,KV1,active,2026-08-20-01,2026-08-20 01:00:00,56.54,index,valid,synthetic_energy,5.56,0,5.56,12788
ENERGY-COOLING_HOURLY-03-50,ST0402,NBH,KV1,active,2026-08-20-02,2026-08-20 02:00:00,23.62,index,valid,synthetic_energy,7.96,0,7.96,18308
ENERGY-COOLING_HOURLY-03-51,ST0402,NBH,KV1,active,2026-08-20-03,2026-08-20 03:00:00,84.54,index,valid,synthetic_energy,5.74,0,5.74,13202
ENERGY-COOLING_HOURLY-03-52,ST0402,NBH,KV1,active,2026-08-20-04,2026-08-20 04:00:00,38.83,index,valid,synthetic_energy,4.83,0,4.83,11109
ENERGY-COOLING_HOURLY-03-53,ST0402,NBH,KV1,active,2026-08-20-05,2026-08-20 05:00:00,24.3,index,valid,synthetic_energy,4.29,0,4.29,9867
ENERGY-COOLING_HOURLY-03-54,ST0402,NBH,KV1,active,2026-08-20-06,2026-08-20 06:00:00,27.51,index,valid,synthetic_energy,5.9,0,5.9,13570
ENERGY-COOLING_HOURLY-03-55,ST0402,NBH,KV1,active,2026-08-20-07,2026-08-20 07:00:00,29.59,index,valid,synthetic_energy,4.58,0,4.58,10534
ENERGY-COOLING_HOURLY-03-56,ST0402,NBH,KV1,active,2026-08-20-08,2026-08-20 08:00:00,40.57,index,valid,synthetic_energy,6.4,0,6.4,14720
ENERGY-COOLING_HOURLY-03-57,ST0402,NBH,KV1,active,2026-08-20-09,2026-08-20 09:00:00,65.98,index,valid,synthetic_energy,4.44,0,4.44,10212
ENERGY-COOLING_HOURLY-03-58,ST0402,NBH,KV1,active,2026-08-20-10,2026-08-20 10:00:00,36.0,index,valid,synthetic_energy,7.55,0,7.55,17365
ENERGY-COOLING_HOURLY-03-59,ST0402,NBH,KV1,active,2026-08-20-11,2026-08-20 11:00:00,83.71,index,valid,synthetic_energy,4.1,0,4.1,9430
ENERGY-COOLING_HOURLY-03-60,ST0402,NBH,KV1,active,2026-08-20-12,2026-08-20 12:00:00,20.07,index,valid,synthetic_energy,3.25,0,3.25,7475
ENERGY-COOLING_HOURLY-03-61,ST0402,NBH,KV1,active,2026-08-20-13,2026-08-20 13:00:00,39.01,index,valid,synthetic_energy,4.63,0,4.63,10649
ENERGY-COOLING_HOURLY-03-62,ST0402,NBH,KV1,active,2026-08-20-14,2026-08-20 14:00:00,57.66,index,valid,synthetic_energy,3.21,0,3.21,7383
ENERGY-COOLING_HOURLY-03-63,ST0402,NBH,KV1,active,2026-08-20-15,2026-08-20 15:00:00,78.19,index,valid,synthetic_energy,7.7,0,7.7,17710
ENERGY-COOLING_HOURLY-03-64,ST0402,NBH,KV1,active,2026-08-20-16,2026-08-20 16:00:00,81.15,index,valid,synthetic_energy,4.28,0,4.28,9844
ENERGY-COOLING_HOURLY-03-65,ST0402,NBH,KV1,active,2026-08-20-17,2026-08-20 17:00:00,21.48,index,valid,synthetic_energy,6.31,0,6.31,14513
ENERGY-COOLING_HOURLY-03-66,ST0402,NBH,KV1,active,2026-08-20-18,2026-08-20 18:00:00,33.74,index,valid,synthetic_energy,6.24,0,6.24,14352
ENERGY-COOLING_HOURLY-03-67,ST0402,NBH,KV1,active,2026-08-20-19,2026-08-20 19:00:00,34.08,index,valid,synthetic_energy,5.08,0,5.08,11684
ENERGY-COOLING_HOURLY-03-68,ST0402,NBH,KV1,active,2026-08-20-20,2026-08-20 20:00:00,49.4,index,valid,synthetic_energy,6.53,0,6.53,15019
ENERGY-COOLING_HOURLY-03-69,ST0402,NBH,KV1,active,2026-08-20-21,2026-08-20 21:00:00,53.93,index,valid,synthetic_energy,3.99,0,3.99,9177
ENERGY-COOLING_HOURLY-03-70,ST0402,NBH,KV1,active,2026-08-20-22,2026-08-20 22:00:00,60.01,index,valid,synthetic_energy,5.71,0,5.71,13133
ENERGY-COOLING_HOURLY-03-71,ST0402,NBH,KV1,active,2026-08-20-23,2026-08-20 23:00:00,70.5,index,valid,synthetic_energy,4.08,0,4.08,9384
ENERGY-COOLING_HOURLY-04-00,ST0501,HCM,KV3,active,2026-08-18-00,2026-08-18 00:00:00,21.97,index,valid,synthetic_energy,4.25,0,4.25,9775
ENERGY-COOLING_HOURLY-04-01,ST0501,HCM,KV3,active,2026-08-18-01,2026-08-18 01:00:00,72.93,index,valid,synthetic_energy,5.34,0,5.34,12282
ENERGY-COOLING_HOURLY-04-02,ST0501,HCM,KV3,active,2026-08-18-02,2026-08-18 02:00:00,21.57,index,valid,synthetic_energy,4.57,0,4.57,10511
ENERGY-COOLING_HOURLY-04-03,ST0501,HCM,KV3,active,2026-08-18-03,2026-08-18 03:00:00,32.14,index,valid,synthetic_energy,4.53,0,4.53,10419
ENERGY-COOLING_HOURLY-04-04,ST0501,HCM,KV3,active,2026-08-18-04,2026-08-18 04:00:00,77.1,index,valid,synthetic_energy,5.95,0,5.95,13685
ENERGY-COOLING_HOURLY-04-05,ST0501,HCM,KV3,active,2026-08-18-05,2026-08-18 05:00:00,59.52,index,valid,synthetic_energy,3.74,0,3.74,8602
ENERGY-COOLING_HOURLY-04-06,ST0501,HCM,KV3,active,2026-08-18-06,2026-08-18 06:00:00,75.62,index,valid,synthetic_energy,6.0,0,6.0,13800
ENERGY-COOLING_HOURLY-04-07,ST0501,HCM,KV3,active,2026-08-18-07,2026-08-18 07:00:00,78.07,index,valid,synthetic_energy,3.0,0,3.0,6900
ENERGY-COOLING_HOURLY-04-08,ST0501,HCM,KV3,active,2026-08-18-08,2026-08-18 08:00:00,79.21,index,valid,synthetic_energy,7.24,0,7.24,16652
ENERGY-COOLING_HOURLY-04-09,ST0501,HCM,KV3,active,2026-08-18-09,2026-08-18 09:00:00,61.31,index,valid,synthetic_energy,6.11,0,6.11,14053
ENERGY-COOLING_HOURLY-04-10,ST0501,HCM,KV3,active,2026-08-18-10,2026-08-18 10:00:00,36.82,index,valid,synthetic_energy,4.63,0,4.63,10649
ENERGY-COOLING_HOURLY-04-11,ST0501,HCM,KV3,active,2026-08-18-11,2026-08-18 11:00:00,30.99,index,valid,synthetic_energy,4.3,0,4.3,9890
ENERGY-COOLING_HOURLY-04-12,ST0501,HCM,KV3,active,2026-08-18-12,2026-08-18 12:00:00,58.16,index,valid,synthetic_energy,4.67,0,4.67,10741
ENERGY-COOLING_HOURLY-04-13,ST0501,HCM,KV3,active,2026-08-18-13,2026-08-18 13:00:00,71.32,index,valid,synthetic_energy,7.7,0,7.7,17710
ENERGY-COOLING_HOURLY-04-14,ST0501,HCM,KV3,active,2026-08-18-14,2026-08-18 14:00:00,34.06,index,valid,synthetic_energy,3.94,0,3.94,9062
ENERGY-COOLING_HOURLY-04-15,ST0501,HCM,KV3,active,2026-08-18-15,2026-08-18 15:00:00,66.77,index,valid,synthetic_energy,4.54,0,4.54,10442
ENERGY-COOLING_HOURLY-04-16,ST0501,HCM,KV3,active,2026-08-18-16,2026-08-18 16:00:00,26.22,index,valid,synthetic_energy,4.51,0,4.51,10373
ENERGY-COOLING_HOURLY-04-17,ST0501,HCM,KV3,active,2026-08-18-17,2026-08-18 17:00:00,34.0,index,valid,synthetic_energy,6.35,0,6.35,14605
ENERGY-COOLING_HOURLY-04-18,ST0501,HCM,KV3,active,2026-08-18-18,2026-08-18 18:00:00,54.88,index,valid,synthetic_energy,5.99,0,5.99,13777
ENERGY-COOLING_HOURLY-04-19,ST0501,HCM,KV3,active,2026-08-18-19,2026-08-18 19:00:00,19.61,index,valid,synthetic_energy,3.88,0,3.88,8924
ENERGY-COOLING_HOURLY-04-20,ST0501,HCM,KV3,active,2026-08-18-20,2026-08-18 20:00:00,42.62,index,valid,synthetic_energy,3.35,0,3.35,7705
ENERGY-COOLING_HOURLY-04-21,ST0501,HCM,KV3,active,2026-08-18-21,2026-08-18 21:00:00,65.85,index,valid,synthetic_energy,5.38,0,5.38,12374
ENERGY-COOLING_HOURLY-04-22,ST0501,HCM,KV3,active,2026-08-18-22,2026-08-18 22:00:00,49.34,index,valid,synthetic_energy,3.34,0,3.34,7682
ENERGY-COOLING_HOURLY-04-23,ST0501,HCM,KV3,active,2026-08-18-23,2026-08-18 23:00:00,43.68,index,valid,synthetic_energy,7.6,0,7.6,17480
ENERGY-COOLING_HOURLY-04-24,ST0501,HCM,KV3,active,2026-08-19-00,2026-08-19 00:00:00,33.76,index,valid,synthetic_energy,7.28,0,7.28,16744
ENERGY-COOLING_HOURLY-04-25,ST0501,HCM,KV3,active,2026-08-19-01,2026-08-19 01:00:00,29.22,index,valid,synthetic_energy,7.58,0,7.58,17434
ENERGY-COOLING_HOURLY-04-26,ST0501,HCM,KV3,active,2026-08-19-02,2026-08-19 02:00:00,59.34,index,valid,synthetic_energy,6.01,0,6.01,13823
ENERGY-COOLING_HOURLY-04-27,ST0501,HCM,KV3,active,2026-08-19-03,2026-08-19 03:00:00,70.14,index,valid,synthetic_energy,4.01,0,4.01,9223
ENERGY-COOLING_HOURLY-04-28,ST0501,HCM,KV3,active,2026-08-19-04,2026-08-19 04:00:00,24.13,index,valid,synthetic_energy,6.54,0,6.54,15042
ENERGY-COOLING_HOURLY-04-29,ST0501,HCM,KV3,active,2026-08-19-05,2026-08-19 05:00:00,78.6,index,valid,synthetic_energy,4.71,0,4.71,10833
ENERGY-COOLING_HOURLY-04-30,ST0501,HCM,KV3,active,2026-08-19-06,2026-08-19 06:00:00,59.21,index,valid,synthetic_energy,3.49,0,3.49,8027
ENERGY-COOLING_HOURLY-04-31,ST0501,HCM,KV3,active,2026-08-19-07,2026-08-19 07:00:00,60.76,index,valid,synthetic_energy,3.41,0,3.41,7843
ENERGY-COOLING_HOURLY-04-32,ST0501,HCM,KV3,active,2026-08-19-08,2026-08-19 08:00:00,49.68,index,valid,synthetic_energy,7.33,0,7.33,16859
ENERGY-COOLING_HOURLY-04-33,ST0501,HCM,KV3,active,2026-08-19-09,2026-08-19 09:00:00,17.5,index,valid,synthetic_energy,6.1,0,6.1,14030
ENERGY-COOLING_HOURLY-04-34,ST0501,HCM,KV3,active,2026-08-19-10,2026-08-19 10:00:00,77.83,index,valid,synthetic_energy,4.96,0,4.96,11408
ENERGY-COOLING_HOURLY-04-35,ST0501,HCM,KV3,active,2026-08-19-11,2026-08-19 11:00:00,60.61,index,valid,synthetic_energy,7.92,0,7.92,18216
ENERGY-COOLING_HOURLY-04-36,ST0501,HCM,KV3,active,2026-08-19-12,2026-08-19 12:00:00,73.94,index,valid,synthetic_energy,7.21,0,7.21,16583
ENERGY-COOLING_HOURLY-04-37,ST0501,HCM,KV3,active,2026-08-19-13,2026-08-19 13:00:00,61.48,index,valid,synthetic_energy,6.97,0,6.97,16031
ENERGY-COOLING_HOURLY-04-38,ST0501,HCM,KV3,active,2026-08-19-14,2026-08-19 14:00:00,64.24,index,valid,synthetic_energy,4.57,0,4.57,10511
ENERGY-COOLING_HOURLY-04-39,ST0501,HCM,KV3,active,2026-08-19-15,2026-08-19 15:00:00,48.54,index,valid,synthetic_energy,3.09,0,3.09,7107
ENERGY-COOLING_HOURLY-04-40,ST0501,HCM,KV3,active,2026-08-19-16,2026-08-19 16:00:00,70.58,index,valid,synthetic_energy,7.46,0,7.46,17158
ENERGY-COOLING_HOURLY-04-41,ST0501,HCM,KV3,active,2026-08-19-17,2026-08-19 17:00:00,37.91,index,valid,synthetic_energy,3.55,0,3.55,8165
ENERGY-COOLING_HOURLY-04-42,ST0501,HCM,KV3,active,2026-08-19-18,2026-08-19 18:00:00,39.34,index,valid,synthetic_energy,4.44,0,4.44,10212
ENERGY-COOLING_HOURLY-04-43,ST0501,HCM,KV3,active,2026-08-19-19,2026-08-19 19:00:00,54.03,index,valid,synthetic_energy,3.15,0,3.15,7245
ENERGY-COOLING_HOURLY-04-44,ST0501,HCM,KV3,active,2026-08-19-20,2026-08-19 20:00:00,32.89,index,valid,synthetic_energy,3.86,0,3.86,8878
ENERGY-COOLING_HOURLY-04-45,ST0501,HCM,KV3,active,2026-08-19-21,2026-08-19 21:00:00,54.52,index,valid,synthetic_energy,7.56,0,7.56,17388
ENERGY-COOLING_HOURLY-04-46,ST0501,HCM,KV3,active,2026-08-19-22,2026-08-19 22:00:00,27.74,index,valid,synthetic_energy,5.9,0,5.9,13570
ENERGY-COOLING_HOURLY-04-47,ST0501,HCM,KV3,active,2026-08-19-23,2026-08-19 23:00:00,24.73,index,valid,synthetic_energy,5.87,0,5.87,13501
ENERGY-COOLING_HOURLY-04-48,ST0501,HCM,KV3,active,2026-08-20-00,2026-08-20 00:00:00,37.03,index,valid,synthetic_energy,5.02,0,5.02,11546
ENERGY-COOLING_HOURLY-04-49,ST0501,HCM,KV3,active,2026-08-20-01,2026-08-20 01:00:00,16.94,index,valid,synthetic_energy,3.22,0,3.22,7406
ENERGY-COOLING_HOURLY-04-50,ST0501,HCM,KV3,active,2026-08-20-02,2026-08-20 02:00:00,72.38,index,valid,synthetic_energy,3.24,0,3.24,7452
ENERGY-COOLING_HOURLY-04-51,ST0501,HCM,KV3,active,2026-08-20-03,2026-08-20 03:00:00,61.5,index,valid,synthetic_energy,4.95,0,4.95,11385
ENERGY-COOLING_HOURLY-04-52,ST0501,HCM,KV3,active,2026-08-20-04,2026-08-20 04:00:00,19.23,index,valid,synthetic_energy,3.27,0,3.27,7521
ENERGY-COOLING_HOURLY-04-53,ST0501,HCM,KV3,active,2026-08-20-05,2026-08-20 05:00:00,28.47,index,valid,synthetic_energy,7.51,0,7.51,17273
ENERGY-COOLING_HOURLY-04-54,ST0501,HCM,KV3,active,2026-08-20-06,2026-08-20 06:00:00,53.11,index,valid,synthetic_energy,5.1,0,5.1,11730
ENERGY-COOLING_HOURLY-04-55,ST0501,HCM,KV3,active,2026-08-20-07,2026-08-20 07:00:00,81.14,index,valid,synthetic_energy,5.66,0,5.66,13018
ENERGY-COOLING_HOURLY-04-56,ST0501,HCM,KV3,active,2026-08-20-08,2026-08-20 08:00:00,69.53,index,valid,synthetic_energy,3.9,0,3.9,8970
ENERGY-COOLING_HOURLY-04-57,ST0501,HCM,KV3,active,2026-08-20-09,2026-08-20 09:00:00,58.0,index,valid,synthetic_energy,3.73,0,3.73,8579
ENERGY-COOLING_HOURLY-04-58,ST0501,HCM,KV3,active,2026-08-20-10,2026-08-20 10:00:00,40.38,index,valid,synthetic_energy,5.04,0,5.04,11592
ENERGY-COOLING_HOURLY-04-59,ST0501,HCM,KV3,active,2026-08-20-11,2026-08-20 11:00:00,26.48,index,valid,synthetic_energy,7.43,0,7.43,17089
ENERGY-COOLING_HOURLY-04-60,ST0501,HCM,KV3,active,2026-08-20-12,2026-08-20 12:00:00,66.75,index,valid,synthetic_energy,7.12,0,7.12,16376
ENERGY-COOLING_HOURLY-04-61,ST0501,HCM,KV3,active,2026-08-20-13,2026-08-20 13:00:00,19.62,index,valid,synthetic_energy,6.8,0,6.8,15640
ENERGY-COOLING_HOURLY-04-62,ST0501,HCM,KV3,active,2026-08-20-14,2026-08-20 14:00:00,53.1,index,valid,synthetic_energy,5.91,0,5.91,13593
ENERGY-COOLING_HOURLY-04-63,ST0501,HCM,KV3,active,2026-08-20-15,2026-08-20 15:00:00,81.72,index,valid,synthetic_energy,7.59,0,7.59,17457
ENERGY-COOLING_HOURLY-04-64,ST0501,HCM,KV3,active,2026-08-20-16,2026-08-20 16:00:00,75.12,index,valid,synthetic_energy,4.39,0,4.39,10097
ENERGY-COOLING_HOURLY-04-65,ST0501,HCM,KV3,active,2026-08-20-17,2026-08-20 17:00:00,30.92,index,valid,synthetic_energy,3.13,0,3.13,7199
ENERGY-COOLING_HOURLY-04-66,ST0501,HCM,KV3,active,2026-08-20-18,2026-08-20 18:00:00,50.36,index,valid,synthetic_energy,6.15,0,6.15,14145
ENERGY-COOLING_HOURLY-04-67,ST0501,HCM,KV3,active,2026-08-20-19,2026-08-20 19:00:00,28.09,index,valid,synthetic_energy,6.96,0,6.96,16008
ENERGY-COOLING_HOURLY-04-68,ST0501,HCM,KV3,active,2026-08-20-20,2026-08-20 20:00:00,60.32,index,valid,synthetic_energy,4.33,0,4.33,9959
ENERGY-COOLING_HOURLY-04-69,ST0501,HCM,KV3,active,2026-08-20-21,2026-08-20 21:00:00,44.25,index,valid,synthetic_energy,5.77,0,5.77,13271
ENERGY-COOLING_HOURLY-04-70,ST0501,HCM,KV3,active,2026-08-20-22,2026-08-20 22:00:00,21.58,index,valid,synthetic_energy,6.94,0,6.94,15962
ENERGY-COOLING_HOURLY-04-71,ST0501,HCM,KV3,active,2026-08-20-23,2026-08-20 23:00:00,36.07,index,valid,synthetic_energy,7.35,0,7.35,16905
ENERGY-COOLING_HOURLY-05-00,ST0601,KHA,KV2,active,2026-08-18-00,2026-08-18 00:00:00,18.38,index,valid,synthetic_energy,4.7,0,4.7,10810
ENERGY-COOLING_HOURLY-05-01,ST0601,KHA,KV2,active,2026-08-18-01,2026-08-18 01:00:00,21.74,index,valid,synthetic_energy,5.27,0,5.27,12121
ENERGY-COOLING_HOURLY-05-02,ST0601,KHA,KV2,active,2026-08-18-02,2026-08-18 02:00:00,47.48,index,valid,synthetic_energy,6.94,0,6.94,15962
ENERGY-COOLING_HOURLY-05-03,ST0601,KHA,KV2,active,2026-08-18-03,2026-08-18 03:00:00,66.65,index,valid,synthetic_energy,7.26,0,7.26,16698
ENERGY-COOLING_HOURLY-05-04,ST0601,KHA,KV2,active,2026-08-18-04,2026-08-18 04:00:00,57.89,index,valid,synthetic_energy,5.07,0,5.07,11661
ENERGY-COOLING_HOURLY-05-05,ST0601,KHA,KV2,active,2026-08-18-05,2026-08-18 05:00:00,30.44,index,valid,synthetic_energy,6.47,0,6.47,14881
ENERGY-COOLING_HOURLY-05-06,ST0601,KHA,KV2,active,2026-08-18-06,2026-08-18 06:00:00,34.69,index,valid,synthetic_energy,3.62,0,3.62,8326
ENERGY-COOLING_HOURLY-05-07,ST0601,KHA,KV2,active,2026-08-18-07,2026-08-18 07:00:00,49.39,index,valid,synthetic_energy,3.03,0,3.03,6969
ENERGY-COOLING_HOURLY-05-08,ST0601,KHA,KV2,active,2026-08-18-08,2026-08-18 08:00:00,71.72,index,valid,synthetic_energy,7.82,0,7.82,17986
ENERGY-COOLING_HOURLY-05-09,ST0601,KHA,KV2,active,2026-08-18-09,2026-08-18 09:00:00,74.72,index,valid,synthetic_energy,3.11,0,3.11,7153
ENERGY-COOLING_HOURLY-05-10,ST0601,KHA,KV2,active,2026-08-18-10,2026-08-18 10:00:00,40.47,index,valid,synthetic_energy,6.18,0,6.18,14214
ENERGY-COOLING_HOURLY-05-11,ST0601,KHA,KV2,active,2026-08-18-11,2026-08-18 11:00:00,53.27,index,valid,synthetic_energy,3.29,0,3.29,7567
ENERGY-COOLING_HOURLY-05-12,ST0601,KHA,KV2,active,2026-08-18-12,2026-08-18 12:00:00,35.5,index,valid,synthetic_energy,7.55,0,7.55,17365
ENERGY-COOLING_HOURLY-05-13,ST0601,KHA,KV2,active,2026-08-18-13,2026-08-18 13:00:00,58.46,index,valid,synthetic_energy,7.13,0,7.13,16399
ENERGY-COOLING_HOURLY-05-14,ST0601,KHA,KV2,active,2026-08-18-14,2026-08-18 14:00:00,59.26,index,valid,synthetic_energy,3.88,0,3.88,8924
ENERGY-COOLING_HOURLY-05-15,ST0601,KHA,KV2,active,2026-08-18-15,2026-08-18 15:00:00,40.6,index,valid,synthetic_energy,3.45,0,3.45,7935
ENERGY-COOLING_HOURLY-05-16,ST0601,KHA,KV2,active,2026-08-18-16,2026-08-18 16:00:00,26.8,index,valid,synthetic_energy,5.07,0,5.07,11661
ENERGY-COOLING_HOURLY-05-17,ST0601,KHA,KV2,active,2026-08-18-17,2026-08-18 17:00:00,51.3,index,valid,synthetic_energy,7.66,0,7.66,17618
ENERGY-COOLING_HOURLY-05-18,ST0601,KHA,KV2,active,2026-08-18-18,2026-08-18 18:00:00,23.4,index,valid,synthetic_energy,5.68,0,5.68,13064
ENERGY-COOLING_HOURLY-05-19,ST0601,KHA,KV2,active,2026-08-18-19,2026-08-18 19:00:00,62.58,index,valid,synthetic_energy,6.92,0,6.92,15916
ENERGY-COOLING_HOURLY-05-20,ST0601,KHA,KV2,active,2026-08-18-20,2026-08-18 20:00:00,25.32,index,valid,synthetic_energy,5.88,0,5.88,13524
ENERGY-COOLING_HOURLY-05-21,ST0601,KHA,KV2,active,2026-08-18-21,2026-08-18 21:00:00,59.23,index,valid,synthetic_energy,7.15,0,7.15,16445
ENERGY-COOLING_HOURLY-05-22,ST0601,KHA,KV2,active,2026-08-18-22,2026-08-18 22:00:00,18.71,index,valid,synthetic_energy,5.84,0,5.84,13432
ENERGY-COOLING_HOURLY-05-23,ST0601,KHA,KV2,active,2026-08-18-23,2026-08-18 23:00:00,60.13,index,valid,synthetic_energy,3.24,0,3.24,7452
ENERGY-COOLING_HOURLY-05-24,ST0601,KHA,KV2,active,2026-08-19-00,2026-08-19 00:00:00,45.52,index,valid,synthetic_energy,3.53,0,3.53,8119
ENERGY-COOLING_HOURLY-05-25,ST0601,KHA,KV2,active,2026-08-19-01,2026-08-19 01:00:00,40.37,index,valid,synthetic_energy,5.14,0,5.14,11822
ENERGY-COOLING_HOURLY-05-26,ST0601,KHA,KV2,active,2026-08-19-02,2026-08-19 02:00:00,64.64,index,valid,synthetic_energy,6.68,0,6.68,15364
ENERGY-COOLING_HOURLY-05-27,ST0601,KHA,KV2,active,2026-08-19-03,2026-08-19 03:00:00,30.46,index,valid,synthetic_energy,4.89,0,4.89,11247
ENERGY-COOLING_HOURLY-05-28,ST0601,KHA,KV2,active,2026-08-19-04,2026-08-19 04:00:00,48.17,index,valid,synthetic_energy,3.3,0,3.3,7590
ENERGY-COOLING_HOURLY-05-29,ST0601,KHA,KV2,active,2026-08-19-05,2026-08-19 05:00:00,68.51,index,valid,synthetic_energy,6.09,0,6.09,14007
ENERGY-COOLING_HOURLY-05-30,ST0601,KHA,KV2,active,2026-08-19-06,2026-08-19 06:00:00,16.14,index,valid,synthetic_energy,4.22,0,4.22,9706
ENERGY-COOLING_HOURLY-05-31,ST0601,KHA,KV2,active,2026-08-19-07,2026-08-19 07:00:00,51.48,index,valid,synthetic_energy,5.26,0,5.26,12098
ENERGY-COOLING_HOURLY-05-32,ST0601,KHA,KV2,active,2026-08-19-08,2026-08-19 08:00:00,19.45,index,valid,synthetic_energy,6.21,0,6.21,14283
ENERGY-COOLING_HOURLY-05-33,ST0601,KHA,KV2,active,2026-08-19-09,2026-08-19 09:00:00,59.7,index,valid,synthetic_energy,5.64,0,5.64,12972
ENERGY-COOLING_HOURLY-05-34,ST0601,KHA,KV2,active,2026-08-19-10,2026-08-19 10:00:00,48.59,index,valid,synthetic_energy,3.35,0,3.35,7705
ENERGY-COOLING_HOURLY-05-35,ST0601,KHA,KV2,active,2026-08-19-11,2026-08-19 11:00:00,60.88,index,valid,synthetic_energy,6.97,0,6.97,16031
ENERGY-COOLING_HOURLY-05-36,ST0601,KHA,KV2,active,2026-08-19-12,2026-08-19 12:00:00,36.4,index,valid,synthetic_energy,3.91,0,3.91,8993
ENERGY-COOLING_HOURLY-05-37,ST0601,KHA,KV2,active,2026-08-19-13,2026-08-19 13:00:00,41.38,index,valid,synthetic_energy,5.13,0,5.13,11799
ENERGY-COOLING_HOURLY-05-38,ST0601,KHA,KV2,active,2026-08-19-14,2026-08-19 14:00:00,15.8,index,valid,synthetic_energy,3.43,0,3.43,7889
ENERGY-COOLING_HOURLY-05-39,ST0601,KHA,KV2,active,2026-08-19-15,2026-08-19 15:00:00,59.0,index,valid,synthetic_energy,3.19,0,3.19,7337
ENERGY-COOLING_HOURLY-05-40,ST0601,KHA,KV2,active,2026-08-19-16,2026-08-19 16:00:00,25.93,index,valid,synthetic_energy,7.5,0,7.5,17250
ENERGY-COOLING_HOURLY-05-41,ST0601,KHA,KV2,active,2026-08-19-17,2026-08-19 17:00:00,77.89,index,valid,synthetic_energy,4.33,0,4.33,9959
ENERGY-COOLING_HOURLY-05-42,ST0601,KHA,KV2,active,2026-08-19-18,2026-08-19 18:00:00,82.7,index,valid,synthetic_energy,4.74,0,4.74,10902
ENERGY-COOLING_HOURLY-05-43,ST0601,KHA,KV2,active,2026-08-19-19,2026-08-19 19:00:00,76.15,index,valid,synthetic_energy,6.11,0,6.11,14053
ENERGY-COOLING_HOURLY-05-44,ST0601,KHA,KV2,active,2026-08-19-20,2026-08-19 20:00:00,33.52,index,valid,synthetic_energy,4.23,0,4.23,9729
ENERGY-COOLING_HOURLY-05-45,ST0601,KHA,KV2,active,2026-08-19-21,2026-08-19 21:00:00,18.21,index,valid,synthetic_energy,5.96,0,5.96,13708
ENERGY-COOLING_HOURLY-05-46,ST0601,KHA,KV2,active,2026-08-19-22,2026-08-19 22:00:00,28.89,index,valid,synthetic_energy,4.15,0,4.15,9545
ENERGY-COOLING_HOURLY-05-47,ST0601,KHA,KV2,active,2026-08-19-23,2026-08-19 23:00:00,28.6,index,valid,synthetic_energy,3.44,0,3.44,7912
ENERGY-COOLING_HOURLY-05-48,ST0601,KHA,KV2,active,2026-08-20-00,2026-08-20 00:00:00,58.66,index,valid,synthetic_energy,5.65,0,5.65,12995
ENERGY-COOLING_HOURLY-05-49,ST0601,KHA,KV2,active,2026-08-20-01,2026-08-20 01:00:00,21.07,index,valid,synthetic_energy,4.43,0,4.43,10189
ENERGY-COOLING_HOURLY-05-50,ST0601,KHA,KV2,active,2026-08-20-02,2026-08-20 02:00:00,82.33,index,valid,synthetic_energy,4.27,0,4.27,9821
ENERGY-COOLING_HOURLY-05-51,ST0601,KHA,KV2,active,2026-08-20-03,2026-08-20 03:00:00,77.99,index,valid,synthetic_energy,5.0,0,5.0,11500
ENERGY-COOLING_HOURLY-05-52,ST0601,KHA,KV2,active,2026-08-20-04,2026-08-20 04:00:00,39.05,index,valid,synthetic_energy,4.6,0,4.6,10580
ENERGY-COOLING_HOURLY-05-53,ST0601,KHA,KV2,active,2026-08-20-05,2026-08-20 05:00:00,54.16,index,valid,synthetic_energy,3.11,0,3.11,7153
ENERGY-COOLING_HOURLY-05-54,ST0601,KHA,KV2,active,2026-08-20-06,2026-08-20 06:00:00,69.14,index,valid,synthetic_energy,4.54,0,4.54,10442
ENERGY-COOLING_HOURLY-05-55,ST0601,KHA,KV2,active,2026-08-20-07,2026-08-20 07:00:00,36.79,index,valid,synthetic_energy,6.19,0,6.19,14237
ENERGY-COOLING_HOURLY-05-56,ST0601,KHA,KV2,active,2026-08-20-08,2026-08-20 08:00:00,63.38,index,valid,synthetic_energy,7.88,0,7.88,18124
ENERGY-COOLING_HOURLY-05-57,ST0601,KHA,KV2,active,2026-08-20-09,2026-08-20 09:00:00,71.42,index,valid,synthetic_energy,5.78,0,5.78,13294
ENERGY-COOLING_HOURLY-05-58,ST0601,KHA,KV2,active,2026-08-20-10,2026-08-20 10:00:00,59.14,index,valid,synthetic_energy,5.35,0,5.35,12305
ENERGY-COOLING_HOURLY-05-59,ST0601,KHA,KV2,active,2026-08-20-11,2026-08-20 11:00:00,43.88,index,valid,synthetic_energy,7.24,0,7.24,16652
ENERGY-COOLING_HOURLY-05-60,ST0601,KHA,KV2,active,2026-08-20-12,2026-08-20 12:00:00,24.63,index,valid,synthetic_energy,5.54,0,5.54,12742
ENERGY-COOLING_HOURLY-05-61,ST0601,KHA,KV2,active,2026-08-20-13,2026-08-20 13:00:00,31.34,index,valid,synthetic_energy,4.39,0,4.39,10097
ENERGY-COOLING_HOURLY-05-62,ST0601,KHA,KV2,active,2026-08-20-14,2026-08-20 14:00:00,51.9,index,valid,synthetic_energy,6.56,0,6.56,15088
ENERGY-COOLING_HOURLY-05-63,ST0601,KHA,KV2,active,2026-08-20-15,2026-08-20 15:00:00,46.0,index,valid,synthetic_energy,3.46,0,3.46,7958
ENERGY-COOLING_HOURLY-05-64,ST0601,KHA,KV2,active,2026-08-20-16,2026-08-20 16:00:00,35.55,index,valid,synthetic_energy,7.23,0,7.23,16629
ENERGY-COOLING_HOURLY-05-65,ST0601,KHA,KV2,active,2026-08-20-17,2026-08-20 17:00:00,74.95,index,valid,synthetic_energy,4.68,0,4.68,10764
ENERGY-COOLING_HOURLY-05-66,ST0601,KHA,KV2,active,2026-08-20-18,2026-08-20 18:00:00,64.73,index,valid,synthetic_energy,6.14,0,6.14,14122
ENERGY-COOLING_HOURLY-05-67,ST0601,KHA,KV2,active,2026-08-20-19,2026-08-20 19:00:00,48.75,index,valid,synthetic_energy,3.12,0,3.12,7176
ENERGY-COOLING_HOURLY-05-68,ST0601,KHA,KV2,active,2026-08-20-20,2026-08-20 20:00:00,44.91,index,valid,synthetic_energy,7.66,0,7.66,17618
ENERGY-COOLING_HOURLY-05-69,ST0601,KHA,KV2,active,2026-08-20-21,2026-08-20 21:00:00,22.4,index,valid,synthetic_energy,7.88,0,7.88,18124
ENERGY-COOLING_HOURLY-05-70,ST0601,KHA,KV2,active,2026-08-20-22,2026-08-20 22:00:00,59.82,index,valid,synthetic_energy,6.64,0,6.64,15272
ENERGY-COOLING_HOURLY-05-71,ST0601,KHA,KV2,active,2026-08-20-23,2026-08-20 23:00:00,82.0,index,valid,synthetic_energy,5.53,0,5.53,12719
