meter_reading_hourly_id,station_id,province_code,area_code,status,date_hour,observed_at,metric_value,metric_unit,quality_flag,source_system,grid_kwh,generator_kwh,load_kw,cost_vnd
ENERGY-METER_READING_HOURLY-00-00,ST0101,DBN,KV1,active,2026-08-18-00,2026-08-18 00:00:00,30.01,index,valid,synthetic_energy,5.22,0,5.22,12006
ENERGY-METER_READING_HOURLY-00-01,ST0101,DBN,KV1,active,2026-08-18-01,2026-08-18 01:00:00,49.23,index,valid,synthetic_energy,5.38,0,5.38,12374
ENERGY-METER_READING_HOURLY-00-02,ST0101,DBN,KV1,active,2026-08-18-02,2026-08-18 02:00:00,30.65,index,valid,synthetic_energy,7.51,0,7.51,17273
ENERGY-METER_READING_HOURLY-00-03,ST0101,DBN,KV1,active,2026-08-18-03,2026-08-18 03:00:00,24.57,index,valid,synthetic_energy,5.27,0,5.27,12121
ENERGY-METER_READING_HOURLY-00-04,ST0101,DBN,KV1,active,2026-08-18-04,2026-08-18 04:00:00,49.82,index,valid,synthetic_energy,3.72,0,3.72,8556
ENERGY-METER_READING_HOURLY-00-05,ST0101,DBN,KV1,active,2026-08-18-05,2026-08-18 05:00:00,56.49,index,valid,synthetic_energy,5.26,0,5.26,12098
ENERGY-METER_READING_HOURLY-00-06,ST0101,DBN,KV1,active,2026-08-18-06,2026-08-18 06:00:00,64.62,index,valid,synthetic_energy,3.28,0,3.28,7544
ENERGY-METER_READING_HOURLY-00-07,ST0101,DBN,KV1,active,2026-08-18-07,2026-08-18 07:00:00,28.37,index,valid,synthetic_energy,6.29,0,6.29,14467
ENERGY-METER_READING_HOURLY-00-08,ST0101,DBN,KV1,active,2026-08-18-08,2026-08-18 08:00:00,43.16,index,valid,synthetic_energy,3.08,0,3.08,7084
ENERGY-METER_READING_HOURLY-00-09,ST0101,DBN,KV1,active,2026-08-18-09,2026-08-18 09:00:00,29.49,index,valid,synthetic_energy,7.12,0,7.12,16376
ENERGY-METER_READING_HOURLY-00-10,ST0101,DBN,KV1,active,2026-08-18-10,2026-08-18 10:00:00,84.01,index,valid,synthetic_energy,6.69,0,6.69,15387
ENERGY-METER_READING_HOURLY-00-11,ST0101,DBN,KV1,active,2026-08-18-11,2026-08-18 11:00:00,66.4,index,valid,synthetic_energy,5.79,0,5.79,13317
ENERGY-METER_READING_HOURLY-00-12,ST0101,DBN,KV1,active,2026-08-18-12,2026-08-18 12:00:00,79.71,index,valid,synthetic_energy,3.41,0,3.41,7843
ENERGY-METER_READING_HOURLY-00-13,ST0101,DBN,KV1,active,2026-08-18-13,2026-08-18 13:00:00,77.44,index,valid,synthetic_energy,3.79,0,3.79,8717
ENERGY-METER_READING_HOURLY-00-14,ST0101,DBN,KV1,active,2026-08-18-14,2026-08-18 14:00:00,53.44,index,valid,synthetic_energy,7.4,0,7.4,17020
ENERGY-METER_READING_HOURLY-00-15,ST0101,DBN,KV1,active,2026-08-18-15,2026-08-18 15:00:00,72.68,index,valid,synthetic_energy,4.48,0,4.48,10304
ENERGY-METER_READING_HOURLY-00-16,ST0101,DBN,KV1,active,2026-08-18-16,2026-08-18 16:00:00,19.42,index,valid,synthetic_energy,5.59,0,5.59,12857
ENERGY-METER_READING_HOURLY-00-17,ST0101,DBN,KV1,active,2026-08-18-17,2026-08-18 17:00:00,41.17,index,valid,synthetic_energy,7.42,0,7.42,17066
ENERGY-METER_READING_HOURLY-00-18,ST0101,DBN,KV1,active,2026-08-18-18,2026-08-18 18:00:00,80.84,index,valid,synthetic_energy,5.24,0,5.24,12052
ENERGY-METER_READING_HOURLY-00-19,ST0101,DBN,KV1,active,2026-08-18-19,2026-08-18 19:00:00,67.31,index,valid,synthetic_energy,5.17,0,5.17,11891
ENERGY-METER_READING_HOURLY-00-20,ST0101,DBN,KV1,active,2026-08-18-20,2026-08-18 20:00:00,70.04,index,valid,synthetic_energy,7.35,0,7.35,16905
ENERGY-METER_READING_HOURLY-00-21,ST0101,DBN,KV1,active,2026-08-18-21,2026-08-18 21:00:00,40.94,index,valid,synthetic_energy,5.83,0,5.83,13409
ENERGY-METER_READING_HOURLY-00-22,ST0101,DBN,KV1,active,2026-08-18-22,2026-08-18 22:00:00,25.13,index,valid,synthetic_energy,3.44,0,3.44,7912
ENERGY-METER_READING_HOURLY-00-23,ST0101,DBN,KV1,active,2026-08-18-23,2026-08-18 23:00:00,36.67,index,valid,synthetic_energy,7.97,0,7.97,18331
ENERGY-METER_READING_HOURLY-00-24,ST0101,DBN,KV1,active,2026-08-19-00,2026-08-19 00:00:00,63.78,index,valid,synthetic_energy,3.78,0,3.78,8694
ENERGY-METER_READING_HOURLY-00-25,ST0101,DBN,KV1,active,2026-08-19-01,2026-08-19 01:00:00,33.86,index,valid,synthetic_energy,3.89,0,3.89,8947
ENERGY-METER_READING_HOURLY-00-26,ST0101,DBN,KV1,active,2026-08-19-02,2026-08-19 02:00:00,36.08,index,valid,synthetic_energy,7.97,0,7.97,18331
ENERGY-METER_READING_HOURLY-00-27,ST0101,DBN,KV1,degraded,2026-08-19-03,2026-08-19 03:00:00,28.08,index,degraded,synthetic_energy,4.6,2,6.6,18580
ENERGY-METER_READING_HOURLY-00-28,ST0101,DBN,KV1,active,2026-08-19-04,2026-08-19 04:00:00,29.77,index,valid,synthetic_energy,5.89,0,5.89,13547
ENERGY-METER_READING_HOURLY-00-29,ST0101,DBN,KV1,active,2026-08-19-05,2026-08-19 05:00:00,50.82,index,valid,synthetic_energy,4.78,0,4.78,10994
ENERGY-METER_READING_HOURLY-00-30,ST0101,DBN,KV1,active,2026-08-19-06,2026-08-19 06:00:00,66.38,index,valid,synthetic_energy,3.14,0,3.14,7222
ENERGY-METER_READING_HOURLY-00-31,ST0101,DBN,KV1,active,2026-08-19-07,2026-08-19 07:00:00,58.4,index,valid,synthetic_energy,3.31,0,3.31,7613
ENERGY-METER_READING_HOURLY-00-32,ST0101,DBN,KV1,active,2026-08-19-08,2026-08-19 08:00:00,84.33,index,valid,synthetic_energy,6.84,0,6.84,15732
ENERGY-METER_READING_HOURLY-00-33,ST0101,DBN,KV1,active,2026-08-19-09,2026-08-19 09:00:00,57.95,index,valid,synthetic_energy,6.8,0,6.8,15640
ENERGY-METER_READING_HOURLY-00-34,ST0101,DBN,KV1,active,2026-08-19-10,2026-08-19 10:00:00,83.27,index,valid,synthetic_energy,5.28,0,5.28,12144
ENERGY-METER_READING_HOURLY-00-35,ST0101,DBN,KV1,active,2026-08-19-11,2026-08-19 11:00:00,38.4,index,valid,synthetic_energy,4.11,0,4.11,9453
ENERGY-METER_READING_HOURLY-00-36,ST0101,DBN,KV1,active,2026-08-19-12,2026-08-19 12:00:00,62.38,index,valid,synthetic_energy,6.22,0,6.22,14306
ENERGY-METER_READING_HOURLY-00-37,ST0101,DBN,KV1,active,2026-08-19-13,2026-08-19 13:00:00,58.91,index,valid,synthetic_energy,7.22,0,7.22,16606
ENERGY-METER_READING_HOURLY-00-38,ST0101,DBN,KV1,active,2026-08-19-14,2026-08-19 14:00:00,73.38,index,valid,synthetic_energy,4.79,0,4.79,11017
ENERGY-METER_READING_HOURLY-00-39,ST0101,DBN,KV1,active,2026-08-19-15,2026-08-19 15:00:00,36.99,index,valid,synthetic_energy,3.58,0,3.58,8234
ENERGY-METER_READING_HOURLY-00-40,ST0101,DBN,KV1,active,2026-08-19-16,2026-08-19 16:00:00,75.4,index,valid,synthetic_energy,7.61,0,7.61,17503
ENERGY-METER_READING_HOURLY-00-41,ST0101,DBN,KV1,active,2026-08-19-17,2026-08-19 17:00:00,64.67,index,valid,synthetic_energy,7.45,0,7.45,17135
ENERGY-METER_READING_HOURLY-00-42,ST0101,DBN,KV1,active,2026-08-19-18,2026-08-19 18:00:00,40.28,index,valid,synthetic_energy,7.68,0,7.68,17664
ENERGY-METER_READING_HOURLY-00-43,ST0101,DBN,KV1,active,2026-08-19-19,2026-08-19 19:00:00,38.15,index,valid,synthetic_energy,4.7,0,4.7,10810
ENERGY-METER_READING_HOURLY-00-44,ST0101,DBN,KV1,active,2026-08-19-20,2026-08-19 20:00:00,75.24,index,valid,synthetic_energy,5.75,0,5.75,13225
ENERGY-METER_READING_HOURLY-00-45,ST0101,DBN,KV1,active,2026-08-19-21,2026-08-19 21:00:00,60.37,index,valid,synthetic_energy,5.2,0,5.2,11960
ENERGY-METER_READING_HOURLY-00-46,ST0101,DBN,KV1,active,2026-08-19-22,2026-08-19 22:00:00,45.03,index,valid,synthetic_energy,7.74,0,7.74,17802
ENERGY-METER_READING_HOURLY-00-47,ST0101,DBN,KV1,active,2026-08-19-23,2026-08-19 23:00:00,40.9,index,valid,synthetic_energy,5.32,0,5.32,12236
ENERGY-METER_READING_HOURLY-00-48,ST0101,DBN,KV1,active,2026-08-20-00,2026-08-20 00:00:00,73.26,index,valid,synthetic_energy,5.12,0,5.12,11776
ENERGY-METER_READING_HOURLY-00-49,ST0101,DBN,KV1,active,2026-08-20-01,2026-08-20 01:00:00,71.77,index,valid,synthetic_energy,5.32,0,5.32,12236
ENERGY-METER_READING_HOURLY-00-50,ST0101,DBN,KV1,active,2026-08-20-02,2026-08-20 02:00:00,81.47,index,valid,synthetic_energy,5.86,0,5.86,13478
ENERGY-METER_READING_HOURLY-00-51,ST0101,DBN,KV1,active,2026-08-20-03,2026-08-20 03:00:00,66.2,index,valid,synthetic_energy,3.0,0,3.0,6900
ENERGY-METER_READING_HOURLY-00-52,ST0101,DBN,KV1,active,2026-08-20-04,2026-08-20 04:00:00,74.38,index,valid,synthetic_energy,3.55,0,3.55,8165
ENERGY-METER_READING_HOURLY-00-53,ST0101,DBN,KV1,active,2026-08-20-05,2026-08-20 05:00:00,72.91,index,valid,synthetic_energy,3.57,0,3.57,8211
ENERGY-METER_READING_HOURLY-00-54,ST0101,DBN,KV1,active,2026-08-20-06,2026-08-20 06:00:00,75.71,index,valid,synthetic_energy,7.97,0,7.97,18331
ENERGY-METER_READING_HOURLY-00-55,ST0101,DBN,KV1,active,2026-08-20-07,2026-08-20 07:00:00,70.76,index,valid,synthetic_energy,5.98,0,5.98,13754
ENERGY-METER_READING_HOURLY-00-56,ST0101,DBN,KV1,active,2026-08-20-08,2026-08-20 08:00:00,57.53,index,valid,synthetic_energy,4.53,0,4.53,10419
ENERGY-METER_READING_HOURLY-00-57,ST0101,DBN,KV1,active,2026-08-20-09,2026-08-20 09:00:00,60.91,index,valid,synthetic_energy,5.48,0,5.48,12604
ENERGY-METER_READING_HOURLY-00-58,ST0101,DBN,KV1,active,2026-08-20-10,2026-08-20 10:00:00,15.64,index,valid,synthetic_energy,4.05,0,4.05,9315
ENERGY-METER_READING_HOURLY-00-59,ST0101,DBN,KV1,active,2026-08-20-11,2026-08-20 11:00:00,55.32,index,valid,synthetic_energy,3.25,0,3.25,7475
ENERGY-METER_READING_HOURLY-00-60,ST0101,DBN,KV1,active,2026-08-20-12,2026-08-20 12:00:00,30.4,index,valid,synthetic_energy,5.0,0,5.0,11500
ENERGY-METER_READING_HOURLY-00-61,ST0101,DBN,KV1,active,2026-08-20-13,2026-08-20 13:00:00,16.13,index,valid,synthetic_energy,7.39,0,7.39,16997
ENERGY-METER_READING_HOURLY-00-62,ST0101,DBN,KV1,active,2026-08-20-14,2026-08-20 14:00:00,17.54,index,valid,synthetic_energy,6.92,0,6.92,15916
ENERGY-METER_READING_HOURLY-00-63,ST0101,DBN,KV1,active,2026-08-20-15,2026-08-20 15:00:00,36.01,index,valid,synthetic_energy,7.23,0,7.23,16629
ENERGY-METER_READING_HOURLY-00-64,ST0101,DBN,KV1,active,2026-08-20-16,2026-08-20 16:00:00,57.09,index,valid,synthetic_energy,3.88,0,3.88,8924
ENERGY-METER_READING_HOURLY-00-65,ST0101,DBN,KV1,active,2026-08-20-17,2026-08-20 17:00:00,32.72,index,valid,synthetic_energy,6.08,0,6.08,13984
ENERGY-METER_READING_HOURLY-00-66,ST0101,DBN,KV1,active,2026-08-20-18,2026-08-20 18:00:00,39.85,index,valid,synthetic_energy,5.89,0,5.89,13547
ENERGY-METER_READING_HOURLY-00-67,ST0101,DBN,KV1,active,2026-08-20-19,2026-08-20 19:00:00,48.21,index,valid,synthetic_energy,6.79,0,6.79,15617
ENERGY-METER_READING_HOURLY-00-68,ST0101,DBN,KV1,active,2026-08-20-20,2026-08-20 20:00:00,61.93,index,valid,synthetic_energy,6.59,0,6.59,15157
ENERGY-METER_READING_HOURLY-00-69,ST0101,DBN,KV1,active,2026-08-20-21,2026-08-20 21:00:00,45.99,index,valid,synthetic_energy,7.39,0,7.39,16997
ENERGY-METER_READING_HOURLY-00-70,ST0101,DBN,KV1,active,2026-08-20-22,2026-08-20 22:00:00,71.76,index,valid,synthetic_energy,6.94,0,6.94,15962
ENERGY-METER_READING_HOURLY-00-71,ST0101,DBN,KV1,active,2026-08-20-23,2026-08-20 23:00:00,79.64,index,valid,synthetic_energy,7.23,0,7.23,16629
ENERGY-METER_READING_HOURLY-01-00,ST0202,SLA,KV1,active,2026-08-18-00,2026-08-18 00:00:00,27.89,index,valid,synthetic_energy,7.87,0,7.87,18101
ENERGY-METER_READING_HOURLY-01-01,ST0202,SLA,KV1,active,2026-08-18-01,2026-08-18 01:00:00,44.32,index,valid,synthetic_energy,6.6,0,6.6,15180
ENERGY-METER_READING_HOURLY-01-02,ST0202,SLA,KV1,active,2026-08-18-02,2026-08-18 02:00:00,25.24,index,valid,synthetic_energy,7.91,0,7.91,18193
ENERGY-METER_READING_HOURLY-01-03,ST0202,SLA,KV1,active,2026-08-18-03,2026-08-18 03:00:00,50.42,index,valid,synthetic_energy,5.57,0,5.57,12811
ENERGY-METER_READING_HOURLY-01-04,ST0202,SLA,KV1,active,2026-08-18-04,2026-08-18 04:00:00,66.72,index,valid,synthetic_energy,7.84,0,7.84,18032
ENERGY-METER_READING_HOURLY-01-05,ST0202,SLA,KV1,active,2026-08-18-05,2026-08-18 05:00:00,78.86,index,valid,synthetic_energy,3.14,0,3.14,7222
ENERGY-METER_READING_HOURLY-01-06,ST0202,SLA,KV1,active,2026-08-18-06,2026-08-18 06:00:00,21.96,index,valid,synthetic_energy,3.01,0,3.01,6923
ENERGY-METER_READING_HOURLY-01-07,ST0202,SLA,KV1,active,2026-08-18-07,2026-08-18 07:00:00,35.01,index,valid,synthetic_energy,4.66,0,4.66,10718
ENERGY-METER_READING_HOURLY-01-08,ST0202,SLA,KV1,active,2026-08-18-08,2026-08-18 08:00:00,43.22,index,valid,synthetic_energy,5.83,0,5.83,13409
ENERGY-METER_READING_HOURLY-01-09,ST0202,SLA,KV1,active,2026-08-18-09,2026-08-18 09:00:00,47.99,index,valid,synthetic_energy,6.0,0,6.0,13800
ENERGY-METER_READING_HOURLY-01-10,ST0202,SLA,KV1,active,2026-08-18-10,2026-08-18 10:00:00,54.86,index,valid,synthetic_energy,4.88,0,4.88,11224
ENERGY-METER_READING_HOURLY-01-11,ST0202,SLA,KV1,active,2026-08-18-11,2026-08-18 11:00:00,69.51,index,valid,synthetic_energy,5.31,0,5.31,12213
ENERGY-METER_READING_HOURLY-01-12,ST0202,SLA,KV1,active,2026-08-18-12,2026-08-18 12:00:00,39.99,index,valid,synthetic_energy,4.06,0,4.06,9338
ENERGY-METER_READING_HOURLY-01-13,ST0202,SLA,KV1,active,2026-08-18-13,2026-08-18 13:00:00,47.64,index,valid,synthetic_energy,4.54,0,4.54,10442
ENERGY-METER_READING_HOURLY-01-14,ST0202,SLA,KV1,active,2026-08-18-14,2026-08-18 14:00:00,15.42,index,valid,synthetic_energy,5.69,0,5.69,13087
ENERGY-METER_READING_HOURLY-01-15,ST0202,SLA,KV1,active,2026-08-18-15,2026-08-18 15:00:00,71.34,index,valid,synthetic_energy,5.37,0,5.37,12351
ENERGY-METER_READING_HOURLY-01-16,ST0202,SLA,KV1,active,2026-08-18-16,2026-08-18 16:00:00,74.87,index,valid,synthetic_energy,3.1,0,3.1,7130
ENERGY-METER_READING_HOURLY-01-17,ST0202,SLA,KV1,active,2026-08-18-17,2026-08-18 17:00:00,39.57,index,valid,synthetic_energy,5.81,0,5.81,13363
ENERGY-METER_READING_HOURLY-01-18,ST0202,SLA,KV1,active,2026-08-18-18,2026-08-18 18:00:00,58.92,index,valid,synthetic_energy,5.84,0,5.84,13432
ENERGY-METER_READING_HOURLY-01-19,ST0202,SLA,KV1,active,2026-08-18-19,2026-08-18 19:00:00,36.96,index,valid,synthetic_energy,3.38,0,3.38,7774
ENERGY-METER_READING_HOURLY-01-20,ST0202,SLA,KV1,active,2026-08-18-20,2026-08-18 20:00:00,43.5,index,valid,synthetic_energy,3.3,0,3.3,7590
ENERGY-METER_READING_HOURLY-01-21,ST0202,SLA,KV1,active,2026-08-18-21,2026-08-18 21:00:00,26.1,index,valid,synthetic_energy,6.61,0,6.61,15203
ENERGY-METER_READING_HOURLY-01-22,ST0202,SLA,KV1,active,2026-08-18-22,2026-08-18 22:00:00,45.15,index,valid,synthetic_energy,4.07,0,4.07,9361
ENERGY-METER_READING_HOURLY-01-23,ST0202,SLA,KV1,active,2026-08-18-23,2026-08-18 23:00:00,38.95,index,valid,synthetic_energy,4.88,0,4.88,11224
ENERGY-METER_READING_HOURLY-01-24,ST0202,SLA,KV1,active,2026-08-19-00,2026-08-19 00:00:00,82.35,index,valid,synthetic_energy,7.11,0,7.11,16353
ENERGY-METER_READING_HOURLY-01-25,ST0202,SLA,KV1,active,2026-08-19-01,2026-08-19 01:00:00,67.53,index,valid,synthetic_energy,7.68,0,7.68,17664
ENERGY-METER_READING_HOURLY-01-26,ST0202,SLA,KV1,active,2026-08-19-02,2026-08-19 02:00:00,32.01,index,valid,synthetic_energy,3.88,0,3.88,8924
ENERGY-METER_READING_HOURLY-01-27,ST0202,SLA,KV1,active,2026-08-19-03,2026-08-19 03:00:00,57.7,index,valid,synthetic_energy,6.38,0,6.38,14674
ENERGY-METER_READING_HOURLY-01-28,ST0202,SLA,KV1,active,2026-08-19-04,2026-08-19 04:00:00,55.82,index,valid,synthetic_energy,5.96,0,5.96,13708
ENERGY-METER_READING_HOURLY-01-29,ST0202,SLA,KV1,active,2026-08-19-05,2026-08-19 05:00:00,60.81,index,valid,synthetic_energy,7.71,0,7.71,17733
ENERGY-METER_READING_HOURLY-01-30,ST0202,SLA,KV1,active,2026-08-19-06,2026-08-19 06:00:00,27.72,index,valid,synthetic_energy,4.7,0,4.7,10810
ENERGY-METER_READING_HOURLY-01-31,ST0202,SLA,KV1,active,2026-08-19-07,2026-08-19 07:00:00,32.35,index,valid,synthetic_energy,3.03,0,3.03,6969
ENERGY-METER_READING_HOURLY-01-32,ST0202,SLA,KV1,active,2026-08-19-08,2026-08-19 08:00:00,39.46,index,valid,synthetic_energy,5.27,0,5.27,12121
ENERGY-METER_READING_HOURLY-01-33,ST0202,SLA,KV1,active,2026-08-19-09,2026-08-19 09:00:00,24.76,index,valid,synthetic_energy,6.63,0,6.63,15249
ENERGY-METER_READING_HOURLY-01-34,ST0202,SLA,KV1,active,2026-08-19-10,2026-08-19 10:00:00,75.77,index,valid,synthetic_energy,5.92,0,5.92,13616
ENERGY-METER_READING_HOURLY-01-35,ST0202,SLA,KV1,active,2026-08-19-11,2026-08-19 11:00:00,81.36,index,valid,synthetic_energy,6.52,0,6.52,14996
ENERGY-METER_READING_HOURLY-01-36,ST0202,SLA,KV1,active,2026-08-19-12,2026-08-19 12:00:00,44.7,index,valid,synthetic_energy,4.24,0,4.24,9752
ENERGY-METER_READING_HOURLY-01-37,ST0202,SLA,KV1,active,2026-08-19-13,2026-08-19 13:00:00,72.4,index,valid,synthetic_energy,5.46,0,5.46,12558
ENERGY-METER_READING_HOURLY-01-38,ST0202,SLA,KV1,active,2026-08-19-14,2026-08-19 14:00:00,55.67,index,valid,synthetic_energy,3.63,0,3.63,8349
ENERGY-METER_READING_HOURLY-01-39,ST0202,SLA,KV1,active,2026-08-19-15,2026-08-19 15:00:00,32.12,index,valid,synthetic_energy,3.22,0,3.22,7406
ENERGY-METER_READING_HOURLY-01-40,ST0202,SLA,KV1,active,2026-08-19-16,2026-08-19 16:00:00,71.43,index,valid,synthetic_energy,4.59,0,4.59,10557
ENERGY-METER_READING_HOURLY-01-41,ST0202,SLA,KV1,active,2026-08-19-17,2026-08-19 17:00:00,72.79,index,valid,synthetic_energy,6.05,0,6.05,13915
ENERGY-METER_READING_HOURLY-01-42,ST0202,SLA,KV1,active,2026-08-19-18,2026-08-19 18:00:00,74.19,index,valid,synthetic_energy,3.97,0,3.97,9131
ENERGY-METER_READING_HOURLY-01-43,ST0202,SLA,KV1,active,2026-08-19-19,2026-08-19 19:00:00,70.37,index,valid,synthetic_energy,6.93,0,6.93,15939
ENERGY-METER_READING_HOURLY-01-44,ST0202,SLA,KV1,active,2026-08-19-20,2026-08-19 20:00:00,63.67,index,valid,synthetic_energy,5.75,0,5.75,13225
ENERGY-METER_READING_HOURLY-01-45,ST0202,SLA,KV1,degraded,2026-08-19-21,2026-08-19 21:00:00,115.34,index,degraded,synthetic_energy,5.12,2,7.12,19776
ENERGY-METER_READING_HOURLY-01-46,ST0202,SLA,KV1,active,2026-08-19-22,2026-08-19 22:00:00,18.72,index,valid,synthetic_energy,4.29,0,4.29,9867
ENERGY-METER_READING_HOURLY-01-47,ST0202,SLA,KV1,active,2026-08-19-23,2026-08-19 23:00:00,44.97,index,valid,synthetic_energy,3.43,0,3.43,7889
ENERGY-METER_READING_HOURLY-01-48,ST0202,SLA,KV1,active,2026-08-20-00,2026-08-20 00:00:00,17.22,index,valid,synthetic_energy,4.31,0,4.31,9913
ENERGY-METER_READING_HOURLY-01-49,ST0202,SLA,KV1,active,2026-08-20-01,2026-08-20 01:00:00,43.99,index,valid,synthetic_energy,6.45,0,6.45,14835
ENERGY-METER_READING_HOURLY-01-50,ST0202,SLA,KV1,active,2026-08-20-02,2026-08-20 02:00:00,59.98,index,valid,synthetic_energy,6.34,0,6.34,14582
ENERGY-METER_READING_HOURLY-01-51,ST0202,SLA,KV1,active,2026-08-20-03,2026-08-20 03:00:00,48.37,index,valid,synthetic_energy,4.23,0,4.23,9729
ENERGY-METER_READING_HOURLY-01-52,ST0202,SLA,KV1,active,2026-08-20-04,2026-08-20 04:00:00,23.81,index,valid,synthetic_energy,3.84,0,3.84,8832
ENERGY-METER_READING_HOURLY-01-53,ST0202,SLA,KV1,active,2026-08-20-05,2026-08-20 05:00:00,57.08,index,valid,synthetic_energy,7.48,0,7.48,17204
ENERGY-METER_READING_HOURLY-01-54,ST0202,SLA,KV1,active,2026-08-20-06,2026-08-20 06:00:00,42.69,index,valid,synthetic_energy,7.34,0,7.34,16882
ENERGY-METER_READING_HOURLY-01-55,ST0202,SLA,KV1,active,2026-08-20-07,2026-08-20 07:00:00,76.54,index,valid,synthetic_energy,3.83,0,3.83,8809
ENERGY-METER_READING_HOURLY-01-56,ST0202,SLA,KV1,active,2026-08-20-08,2026-08-20 08:00:00,34.13,index,valid,synthetic_energy,3.31,0,3.31,7613
ENERGY-METER_READING_HOURLY-01-57,ST0202,SLA,KV1,active,2026-08-20-09,2026-08-20 09:00:00,78.32,index,valid,synthetic_energy,6.01,0,6.01,13823
ENERGY-METER_READING_HOURLY-01-58,ST0202,SLA,KV1,active,2026-08-20-10,2026-08-20 10:00:00,77.82,index,valid,synthetic_energy,3.22,0,3.22,7406
ENERGY-METER_READING_HOURLY-01-59,ST0202,SLA,KV1,active,2026-08-20-11,2026-08-20 11:00:00,39.61,index,valid,synthetic_energy,4.19,0,4.19,9637
ENERGY-METER_READING_HOURLY-01-60,ST0202,SLA,KV1,active,2026-08-20-12,2026-08-20 12:00:00,68.01,index,valid,synthetic_energy,3.92,0,3.92,9016
ENERGY-METER_READING_HOURLY-01-61,ST0202,SLA,KV1,active,2026-08-20-13,2026-08-20 13:00:00,58.02,index,valid,synthetic_energy,4.55,0,4.55,10465
ENERGY-METER_READING_HOURLY-01-62,ST0202,SLA,KV1,active,2026-08-20-14,2026-08-20 14:00:00,20.37,index,valid,synthetic_energy,4.63,0,4.63,10649
ENERGY-METER_READING_HOURLY-01-63,ST0202,SLA,KV1,active,2026-08-20-15,2026-08-20 15:00:00,22.48,index,valid,synthetic_energy,5.48,0,5.48,12604
ENERGY-METER_READING_HOURLY-01-64,ST0202,SLA,KV1,active,2026-08-20-16,2026-08-20 16:00:00,60.93,index,valid,synthetic_energy,4.32,0,4.32,9936
ENERGY-METER_READING_HOURLY-01-65,ST0202,SLA,KV1,active,2026-08-20-17,2026-08-20 17:00:00,53.6,index,valid,synthetic_energy,6.39,0,6.39,14697
ENERGY-METER_READING_HOURLY-01-66,ST0202,SLA,KV1,active,2026-08-20-18,2026-08-20 18:00:00,55.67,index,valid,synthetic_energy,4.79,0,4.79,11017
ENERGY-METER_READING_HOURLY-01-67,ST0202,SLA,KV1,active,2026-08-20-19,2026-08-20 19:00:00,35.9,index,valid,synthetic_energy,6.23,0,6.23,14329
ENERGY-METER_READING_HOURLY-01-68,ST0202,SLA,KV1,active,2026-08-20-20,2026-08-20 20:00:00,17.52,index,valid,synthetic_energy,6.63,0,6.63,15249
ENERGY-METER_READING_HOURLY-01-69,ST0202,SLA,KV1,active,2026-08-20-21,2026-08-20 21:00:00,57.6,index,valid,synthetic_energy,7.18,0,7.18,16514
ENERGY-METER_READING_HOURLY-01-70,ST0202,SLA,KV1,active,2026-08-20-22,2026-08-20 22:00:00,77.07,index,valid,synthetic_energy,5.59,0,5.59,12857
ENERGY-METER_READING_HOURLY-01-71,ST0202,SLA,KV1,active,2026-08-20-23,2026-08-20 23:00:00,60.4,index,valid,synthetic_energy,6.22,0,6.22,14306
ENERGY-METER_READING_HOURLY-02-00,ST0301,CMU,KV3,active,2026-08-18-00,2026-08-18 00:00:00,65.43,index,valid,synthetic_energy,3.39,0,3.39,7797
ENERGY-METER_READING_HOURLY-02-01,ST0301,CMU,KV3,active,2026-08-18-01,2026-08-18 01:00:00,61.31,index,valid,synthetic_energy,4.43,0,4.43,10189
ENERGY-METER_READING_HOURLY-02-02,ST0301,CMU,KV3,active,2026-08-18-02,2026-08-18 02:00:00,21.56,index,valid,synthetic_energy,5.49,0,5.49,12627
ENERGY-METER_READING_HOURLY-02-03,ST0301,CMU,KV3,active,2026-08-18-03,2026-08-18 03:00:00,35.98,index,valid,synthetic_energy,5.85,0,5.85,13455
ENERGY-METER_READING_HOURLY-02-04,ST0301,CMU,KV3,active,2026-08-18-04,2026-08-18 04:00:00,59.61,index,valid,synthetic_energy,4.1,0,4.1,9430
ENERGY-METER_READING_HOURLY-02-05,ST0301,CMU,KV3,active,2026-08-18-05,2026-08-18 05:00:00,43.61,index,valid,synthetic_energy,4.2,0,4.2,9660
ENERGY-METER_READING_HOURLY-02-06,ST0301,CMU,KV3,active,2026-08-18-06,2026-08-18 06:00:00,23.98,index,valid,synthetic_energy,6.56,0,6.56,15088
ENERGY-METER_READING_HOURLY-02-07,ST0301,CMU,KV3,active,2026-08-18-07,2026-08-18 07:00:00,72.44,index,valid,synthetic_energy,6.43,0,6.43,14789
ENERGY-METER_READING_HOURLY-02-08,ST0301,CMU,KV3,active,2026-08-18-08,2026-08-18 08:00:00,82.54,index,valid,synthetic_energy,4.92,0,4.92,11316
ENERGY-METER_READING_HOURLY-02-09,ST0301,CMU,KV3,active,2026-08-18-09,2026-08-18 09:00:00,29.49,index,valid,synthetic_energy,3.94,0,3.94,9062
ENERGY-METER_READING_HOURLY-02-10,ST0301,CMU,KV3,active,2026-08-18-10,2026-08-18 10:00:00,77.77,index,valid,synthetic_energy,6.23,0,6.23,14329
ENERGY-METER_READING_HOURLY-02-11,ST0301,CMU,KV3,active,2026-08-18-11,2026-08-18 11:00:00,17.55,index,valid,synthetic_energy,4.09,0,4.09,9407
ENERGY-METER_READING_HOURLY-02-12,ST0301,CMU,KV3,active,2026-08-18-12,2026-08-18 12:00:00,43.79,index,valid,synthetic_energy,3.45,0,3.45,7935
ENERGY-METER_READING_HOURLY-02-13,ST0301,CMU,KV3,active,2026-08-18-13,2026-08-18 13:00:00,52.9,index,valid,synthetic_energy,4.9,0,4.9,11270
ENERGY-METER_READING_HOURLY-02-14,ST0301,CMU,KV3,active,2026-08-18-14,2026-08-18 14:00:00,48.89,index,valid,synthetic_energy,5.84,0,5.84,13432
ENERGY-METER_READING_HOURLY-02-15,ST0301,CMU,KV3,active,2026-08-18-15,2026-08-18 15:00:00,45.89,index,valid,synthetic_energy,4.26,0,4.26,9798
ENERGY-METER_READING_HOURLY-02-16,ST0301,CMU,KV3,active,2026-08-18-16,2026-08-18 16:00:00,23.53,index,valid,synthetic_energy,4.85,0,4.85,11155
ENERGY-METER_READING_HOURLY-02-17,ST0301,CMU,KV3,active,2026-08-18-17,2026-08-18 17:00:00,73.48,index,valid,synthetic_energy,7.28,0,7.28,16744
ENERGY-METER_READING_HOURLY-02-18,ST0301,CMU,KV3,active,2026-08-18-18,2026-08-18 18:00:00,55.5,index,valid,synthetic_energy,7.96,0,7.96,18308
ENERGY-METER_READING_HOURLY-02-19,ST0301,CMU,KV3,active,2026-08-18-19,2026-08-18 19:00:00,81.44,index,valid,synthetic_energy,7.83,0,7.83,18009
ENERGY-METER_READING_HOURLY-02-20,ST0301,CMU,KV3,active,2026-08-18-20,2026-08-18 20:00:00,70.6,index,valid,synthetic_energy,6.95,0,6.95,15985
ENERGY-METER_READING_HOURLY-02-21,ST0301,CMU,KV3,active,2026-08-18-21,2026-08-18 21:00:00,69.43,index,valid,synthetic_energy,4.9,0,4.9,11270
ENERGY-METER_READING_HOURLY-02-22,ST0301,CMU,KV3,active,2026-08-18-22,2026-08-18 22:00:00,25.72,index,valid,synthetic_energy,3.45,0,3.45,7935
ENERGY-METER_READING_HOURLY-02-23,ST0301,CMU,KV3,active,2026-08-18-23,2026-08-18 23:00:00,15.58,index,valid,synthetic_energy,6.35,0,6.35,14605
ENERGY-METER_READING_HOURLY-02-24,ST0301,CMU,KV3,active,2026-08-19-00,2026-08-19 00:00:00,67.72,index,valid,synthetic_energy,6.78,0,6.78,15594
ENERGY-METER_READING_HOURLY-02-25,ST0301,CMU,KV3,active,2026-08-19-01,2026-08-19 01:00:00,47.89,index,valid,synthetic_energy,4.43,0,4.43,10189
ENERGY-METER_READING_HOURLY-02-26,ST0301,CMU,KV3,active,2026-08-19-02,2026-08-19 02:00:00,70.44,index,valid,synthetic_energy,7.4,0,7.4,17020
ENERGY-METER_READING_HOURLY-02-27,ST0301,CMU,KV3,active,2026-08-19-03,2026-08-19 03:00:00,24.15,index,valid,synthetic_energy,5.99,0,5.99,13777
ENERGY-METER_READING_HOURLY-02-28,ST0301,CMU,KV3,active,2026-08-19-04,2026-08-19 04:00:00,83.8,index,valid,synthetic_energy,7.02,0,7.02,16146
ENERGY-METER_READING_HOURLY-02-29,ST0301,CMU,KV3,active,2026-08-19-05,2026-08-19 05:00:00,37.33,index,valid,synthetic_energy,4.97,0,4.97,11431
ENERGY-METER_READING_HOURLY-02-30,ST0301,CMU,KV3,active,2026-08-19-06,2026-08-19 06:00:00,65.22,index,valid,synthetic_energy,5.37,0,5.37,12351
ENERGY-METER_READING_HOURLY-02-31,ST0301,CMU,KV3,active,2026-08-19-07,2026-08-19 07:00:00,56.66,index,valid,synthetic_energy,7.75,0,7.75,17825
ENERGY-METER_READING_HOURLY-02-32,ST0301,CMU,KV3,active,2026-08-19-08,2026-08-19 08:00:00,83.66,index,valid,synthetic_energy,5.53,0,5.53,12719
ENERGY-METER_READING_HOURLY-02-33,ST0301,CMU,KV3,active,2026-08-19-09,2026-08-19 09:00:00,41.3,index,valid,synthetic_energy,7.09,0,7.09,16307
ENERGY-METER_READING_HOURLY-02-34,ST0301,CMU,KV3,active,2026-08-19-10,2026-08-19 10:00:00,71.35,index,valid,synthetic_energy,3.97,0,3.97,9131
ENERGY-METER_READING_HOURLY-02-35,ST0301,CMU,KV3,active,2026-08-19-11,2026-08-19 11:00:00,25.93,index,valid,synthetic_energy,5.5,0,5.5,12650
ENERGY-METER_READING_HOURLY-02-36,ST0301,CMU,KV3,active,2026-08-19-12,2026-08-19 12:00:00,70.0,index,valid,synthetic_energy,5.61,0,5.61,12903
ENERGY-METER_READING_HOURLY-02-37,ST0301,CMU,KV3,active,2026-08-19-13,2026-08-19 13:00:00,19.87,index,valid,synthetic_energy,7.55,0,7.55,17365
ENERGY-METER_READING_HOURLY-02-38,ST0301,CMU,KV3,active,2026-08-19-14,2026-08-19 14:00:00,17.11,index,valid,synthetic_energy,5.69,0,5.69,13087
ENERGY-METER_READING_HOURLY-02-39,ST0301,CMU,KV3,active,2026-08-19-15,2026-08-19 15:00:00,76.74,index,valid,synthetic_energy,6.63,0,6.63,15249
ENERGY-METER_READING_HOURLY-02-40,ST0301,CMU,KV3,active,2026-08-19-16,2026-08-19 16:00:00,18.62,index,valid,synthetic_energy,4.65,0,4.65,10695
ENERGY-METER_READING_HOURLY-02-41,ST0301,CMU,KV3,active,2026-08-19-17,2026-08-19 17:00:00,18.34,index,valid,synthetic_energy,7.79,0,7.79,17917
ENERGY-METER_READING_HOURLY-02-42,ST0301,CMU,KV3,active,2026-08-19-18,2026-08-19 18:00:00,57.32,index,valid,synthetic_energy,7.33,0,7.33,16859
ENERGY-METER_READING_HOURLY-02-43,ST0301,CMU,KV3,active,2026-08-19-19,2026-08-19 19:00:00,20.84,index,valid,synthetic_energy,6.9,0,6.9,15870
ENERGY-METER_READING_HOURLY-02-44,ST0301,CMU,KV3,active,2026-08-19-20,2026-08-19 20:00:00,64.0,index,valid,synthetic_energy,6.55,0,6.55,15065
ENERGY-METER_READING_HOURLY-02-45,ST0301,CMU,KV3,active,2026-08-19-21,2026-08-19 21:00:00,77.29,index,valid,synthetic_energy,6.16,0,6.16,14168
ENERGY-METER_READING_HOURLY-02-46,ST0301,CMU,KV3,active,2026-08-19-22,2026-08-19 22:00:00,46.55,index,valid,synthetic_energy,3.98,0,3.98,9154
ENERGY-METER_READING_HOURLY-02-47,ST0301,CMU,KV3,active,2026-08-19-23,2026-08-19 23:00:00,67.25,index,valid,synthetic_energy,6.25,0,6.25,14375
ENERGY-METER_READING_HOURLY-02-48,ST0301,CMU,KV3,active,2026-08-20-00,2026-08-20 00:00:00,35.66,index,valid,synthetic_energy,5.09,0,5.09,11707
ENERGY-METER_READING_HOURLY-02-49,ST0301,CMU,KV3,active,2026-08-20-01,2026-08-20 01:00:00,18.36,index,valid,synthetic_energy,6.29,0,6.29,14467
ENERGY-METER_READING_HOURLY-02-50,ST0301,CMU,KV3,active,2026-08-20-02,2026-08-20 02:00:00,71.41,index,valid,synthetic_energy,4.62,0,4.62,10626
ENERGY-METER_READING_HOURLY-02-51,ST0301,CMU,KV3,active,2026-08-20-03,2026-08-20 03:00:00,68.65,index,valid,synthetic_energy,7.18,0,7.18,16514
ENERGY-METER_READING_HOURLY-02-52,ST0301,CMU,KV3,active,2026-08-20-04,2026-08-20 04:00:00,72.06,index,valid,synthetic_energy,6.07,0,6.07,13961
ENERGY-METER_READING_HOURLY-02-53,ST0301,CMU,KV3,active,2026-08-20-05,2026-08-20 05:00:00,69.08,index,valid,synthetic_energy,6.53,0,6.53,15019
ENERGY-METER_READING_HOURLY-02-54,ST0301,CMU,KV3,active,2026-08-20-06,2026-08-20 06:00:00,41.22,index,valid,synthetic_energy,6.32,0,6.32,14536
ENERGY-METER_READING_HOURLY-02-55,ST0301,CMU,KV3,active,2026-08-20-07,2026-08-20 07:00:00,53.06,index,valid,synthetic_energy,5.33,0,5.33,12259
ENERGY-METER_READING_HOURLY-02-56,ST0301,CMU,KV3,active,2026-08-20-08,2026-08-20 08:00:00,20.14,index,valid,synthetic_energy,5.86,0,5.86,13478
ENERGY-METER_READING_HOURLY-02-57,ST0301,CMU,KV3,active,2026-08-20-09,2026-08-20 09:00:00,79.57,index,valid,synthetic_energy,5.3,0,5.3,12190
ENERGY-METER_READING_HOURLY-02-58,ST0301,CMU,KV3,active,2026-08-20-10,2026-08-20 10:00:00,63.36,index,valid,synthetic_energy,5.93,0,5.93,13639
ENERGY-METER_READING_HOURLY-02-59,ST0301,CMU,KV3,active,2026-08-20-11,2026-08-20 11:00:00,50.88,index,valid,synthetic_energy,5.55,0,5.55,12765
ENERGY-METER_READING_HOURLY-02-60,ST0301,CMU,KV3,active,2026-08-20-12,2026-08-20 12:00:00,29.98,index,valid,synthetic_energy,7.9,0,7.9,18170
ENERGY-METER_READING_HOURLY-02-61,ST0301,CMU,KV3,active,2026-08-20-13,2026-08-20 13:00:00,61.69,index,valid,synthetic_energy,4.03,0,4.03,9269
ENERGY-METER_READING_HOURLY-02-62,ST0301,CMU,KV3,active,2026-08-20-14,2026-08-20 14:00:00,52.72,index,valid,synthetic_energy,4.32,0,4.32,9936
ENERGY-METER_READING_HOURLY-02-63,ST0301,CMU,KV3,active,2026-08-20-15,2026-08-20 15:00:00,76.13,index,valid,synthetic_energy,7.63,0,7.63,17549
ENERGY-METER_READING_HOURLY-02-64,ST0301,CMU,KV3,active,2026-08-20-16,2026-08-20 16:00:00,35.55,index,valid,synthetic_energy,4.24,0,4.24,9752
ENERGY-METER_READING_HOURLY-02-65,ST0301,CMU,KV3,active,2026-08-20-17,2026-08-20 17:00:00,84.77,index,valid,synthetic_energy,3.08,0,3.08,7084
ENERGY-METER_READING_HOURLY-02-66,ST0301,CMU,KV3,active,2026-08-20-18,2026-08-20 18:00:00,55.96,index,valid,synthetic_energy,6.95,0,6.95,15985
ENERGY-METER_READING_HOURLY-02-67,ST0301,CMU,KV3,active,2026-08-20-19,2026-08-20 19:00:00,73.19,index,valid,synthetic_energy,4.38,0,4.38,10074
ENERGY-METER_READING_HOURLY-02-68,ST0301,CMU,KV3,active,2026-08-20-20,2026-08-20 20:00:00,15.9,index,valid,synthetic_energy,3.5,0,3.5,8050
ENERGY-METER_READING_HOURLY-02-69,ST0301,CMU,KV3,active,2026-08-20-21,2026-08-20 21:00:00,59.02,index,valid,synthetic_energy,7.72,0,7.72,17756
ENERGY-METER_READING_HOURLY-02-70,ST0301,CMU,KV3,active,2026-08-20-22,2026-08-20 22:00:00,23.21,index,valid,synthetic_energy,3.64,0,3.64,8372
ENERGY-METER_READING_HOURLY-02-71,ST0301,CMU,KV3,active,2026-08-20-23,2026-08-20 23:00:00,56.32,index,valid,synthetic_energy,6.93,0,6.93,15939
ENERGY-METER_READING_HOURLY-03-00,ST0402,NBH,KV1,active,2026-08-18-00,2026-08-18 00:00:00,57.12,index,valid,synthetic_energy,5.86,0,5.86,13478
ENERGY-METER_READING_HOURLY-03-01,ST0402,NBH,KV1,active,2026-08-18-01,2026-08-18 01:00:00,59.97,index,valid,synthetic_energy,4.44,0,4.44,10212
ENERGY-METER_READING_HOURLY-03-02,ST0402,NBH,KV1,active,2026-08-18-02,2026-08-18 02:00:00,54.41,index,valid,synthetic_energy,4.65,0,4.65,10695
ENERGY-METER_READING_HOURLY-03-03,ST0402,NBH,KV1,active,2026-08-18-03,2026-08-18 03:00:00,36.02,index,valid,synthetic_energy,6.0,0,6.0,13800
ENERGY-METER_READING_HOURLY-03-04,ST0402,NBH,KV1,active,2026-08-18-04,2026-08-18 04:00:00,57.09,index,valid,synthetic_energy,4.46,0,4.46,10258
ENERGY-METER_READING_HOURLY-03-05,ST0402,NBH,KV1,active,2026-08-18-05,2026-08-18 05:00:00,55.71,index,valid,synthetic_energy,7.26,0,7.26,16698
ENERGY-METER_READING_HOURLY-03-06,ST0402,NBH,KV1,active,2026-08-18-06,2026-08-18 06:00:00,71.7,index,valid,synthetic_energy,7.78,0,7.78,17894
ENERGY-METER_READING_HOURLY-03-07,ST0402,NBH,KV1,active,2026-08-18-07,2026-08-18 07:00:00,42.7,index,valid,synthetic_energy,3.68,0,3.68,8464
ENERGY-METER_READING_HOURLY-03-08,ST0402,NBH,KV1,active,2026-08-18-08,2026-08-18 08:00:00,39.14,index,valid,synthetic_energy,3.2,0,3.2,7360
ENERGY-METER_READING_HOURLY-03-09,ST0402,NBH,KV1,active,2026-08-18-09,2026-08-18 09:00:00,34.04,index,valid,synthetic_energy,3.48,0,3.48,8004
ENERGY-METER_READING_HOURLY-03-10,ST0402,NBH,KV1,active,2026-08-18-10,2026-08-18 10:00:00,44.82,index,valid,synthetic_energy,4.38,0,4.38,10074
ENERGY-METER_READING_HOURLY-03-11,ST0402,NBH,KV1,active,2026-08-18-11,2026-08-18 11:00:00,53.31,index,valid,synthetic_energy,5.37,0,5.37,12351
ENERGY-METER_READING_HOURLY-03-12,ST0402,NBH,KV1,active,2026-08-18-12,2026-08-18 12:00:00,47.02,index,valid,synthetic_energy,6.81,0,6.81,15663
ENERGY-METER_READING_HOURLY-03-13,ST0402,NBH,KV1,active,2026-08-18-13,2026-08-18 13:00:00,79.26,index,valid,synthetic_energy,3.62,0,3.62,8326
ENERGY-METER_READING_HOURLY-03-14,ST0402,NBH,KV1,active,2026-08-18-14,2026-08-18 14:00:00,54.56,index,valid,synthetic_energy,4.65,0,4.65,10695
ENERGY-METER_READING_HOURLY-03-15,ST0402,NBH,KV1,active,2026-08-18-15,2026-08-18 15:00:00,71.15,index,valid,synthetic_energy,3.83,0,3.83,8809
ENERGY-METER_READING_HOURLY-03-16,ST0402,NBH,KV1,active,2026-08-18-16,2026-08-18 16:00:00,58.94,index,valid,synthetic_energy,5.93,0,5.93,13639
ENERGY-METER_READING_HOURLY-03-17,ST0402,NBH,KV1,active,2026-08-18-17,2026-08-18 17:00:00,66.59,index,valid,synthetic_energy,3.3,0,3.3,7590
ENERGY-METER_READING_HOURLY-03-18,ST0402,NBH,KV1,active,2026-08-18-18,2026-08-18 18:00:00,25.59,index,valid,synthetic_energy,5.75,0,5.75,13225
ENERGY-METER_READING_HOURLY-03-19,ST0402,NBH,KV1,active,2026-08-18-19,2026-08-18 19:00:00,78.13,index,valid,synthetic_energy,5.56,0,5.56,12788
ENERGY-METER_READING_HOURLY-03-20,ST0402,NBH,KV1,active,2026-08-18-20,2026-08-18 20:00:00,25.56,index,valid,synthetic_energy,7.41,0,7.41,17043
ENERGY-METER_READING_HOURLY-03-21,ST0402,NBH,KV1,active,2026-08-18-21,2026-08-18 21:00:00,20.68,index,valid,synthetic_energy,7.88,0,7.88,18124
ENERGY-METER_READING_HOURLY-03-22,ST0402,NBH,KV1,active,2026-08-18-22,2026-08-18 22:00:00,19.91,index,valid,synthetic_energy,7.99,0,7.99,18377
ENERGY-METER_READING_HOURLY-03-23,ST0402,NBH,KV1,active,2026-08-18-23,2026-08-18 23:00:00,83.26,index,valid,synthetic_energy,6.9,0,6.9,15870
ENERGY-METER_READING_HOURLY-03-24,ST0402,NBH,KV1,active,2026-08-19-00,2026-08-19 00:00:00,54.4,index,valid,synthetic_energy,3.92,0,3.92,9016
ENERGY-METER_READING_HOURLY-03-25,ST0402,NBH,KV1,active,2026-08-19-01,2026-08-19 01:00:00,21.41,index,valid,synthetic_energy,5.37,0,5.37,12351
ENERGY-METER_READING_HOURLY-03-26,ST0402,NBH,KV1,active,2026-08-19-02,2026-08-19 02:00:00,40.09,index,valid,synthetic_energy,5.08,0,5.08,11684
ENERGY-METER_READING_HOURLY-03-27,ST0402,NBH,KV1,active,2026-08-19-03,2026-08-19 03:00:00,73.43,index,valid,synthetic_energy,5.24,0,5.24,12052
ENERGY-METER_READING_HOURLY-03-28,ST0402,NBH,KV1,active,2026-08-19-04,2026-08-19 04:00:00,53.53,index,valid,synthetic_energy,3.51,0,3.51,8073
ENERGY-METER_READING_HOURLY-03-29,ST0402,NBH,KV1,active,2026-08-19-05,2026-08-19 05:00:00,50.09,index,valid,synthetic_energy,6.91,0,6.91,15893
ENERGY-METER_READING_HOURLY-03-30,ST0402,NBH,KV1,active,2026-08-19-06,2026-08-19 06:00:00,65.87,index,valid,synthetic_energy,7.89,0,7.89,18147
ENERGY-METER_READING_HOURLY-03-31,ST0402,NBH,KV1,active,2026-08-19-07,2026-08-19 07:00:00,63.05,index,valid,synthetic_energy,6.78,0,6.78,15594
ENERGY-METER_READING_HOURLY-03-32,ST0402,NBH,KV1,active,2026-08-19-08,2026-08-19 08:00:00,36.46,index,valid,synthetic_energy,6.74,0,6.74,15502
ENERGY-METER_READING_HOURLY-03-33,ST0402,NBH,KV1,active,2026-08-19-09,2026-08-19 09:00:00,25.94,index,valid,synthetic_energy,4.37,0,4.37,10051
ENERGY-METER_READING_HOURLY-03-34,ST0402,NBH,KV1,active,2026-08-19-10,2026-08-19 10:00:00,29.8,index,valid,synthetic_energy,6.14,0,6.14,14122
ENERGY-METER_READING_HOURLY-03-35,ST0402,NBH,KV1,active,2026-08-19-11,2026-08-19 11:00:00,81.48,index,valid,synthetic_energy,6.12,0,6.12,14076
ENERGY-METER_READING_HOURLY-03-36,ST0402,NBH,KV1,active,2026-08-19-12,2026-08-19 12:00:00,34.66,index,valid,synthetic_energy,5.09,0,5.09,11707
ENERGY-METER_READING_HOURLY-03-37,ST0402,NBH,KV1,active,2026-08-19-13,2026-08-19 13:00:00,45.99,index,valid,synthetic_energy,7.16,0,7.16,16468
ENERGY-METER_READING_HOURLY-03-38,ST0402,NBH,KV1,active,2026-08-19-14,2026-08-19 14:00:00,74.82,index,valid,synthetic_energy,5.43,0,5.43,12489
ENERGY-METER_READING_HOURLY-03-39,ST0402,NBH,KV1,active,2026-08-19-15,2026-08-19 15:00:00,57.06,index,valid,synthetic_energy,3.95,0,3.95,9085
ENERGY-METER_READING_HOURLY-03-40,ST0402,NBH,KV1,active,2026-08-19-16,2026-08-19 16:00:00,16.59,index,valid,synthetic_energy,6.65,0,6.65,15295
ENERGY-METER_READING_HOURLY-03-41,ST0402,NBH,KV1,active,2026-08-19-17,2026-08-19 17:00:00,64.94,index,valid,synthetic_energy,3.78,0,3.78,8694
ENERGY-METER_READING_HOURLY-03-42,ST0402,NBH,KV1,active,2026-08-19-18,2026-08-19 18:00:00,62.3,index,valid,synthetic_energy,4.54,0,4.54,10442
ENERGY-METER_READING_HOURLY-03-43,ST0402,NBH,KV1,active,2026-08-19-19,2026-08-19 19:00:00,37.22,index,valid,synthetic_energy,4.37,0,4.37,10051
ENERGY-METER_READING_HOURLY-03-44,ST0402,NBH,KV1,active,2026-08-19-20,2026-08-19 20:00:00,18.91,index,valid,synthetic_energy,5.67,0,5.67,13041
ENERGY-METER_READING_HOURLY-03-45,ST0402,NBH,KV1,active,2026-08-19-21,2026-08-19 21:00:00,75.9,index,valid,synthetic_energy,7.0,0,7.0,16100
ENERGY-METER_READING_HOURLY-03-46,ST0402,NBH,KV1,active,2026-08-19-22,2026-08-19 22:00:00,32.81,index,valid,synthetic_energy,6.03,0,6.03,13869
ENERGY-METER_READING_HOURLY-03-47,ST0402,NBH,KV1,active,2026-08-19-23,2026-08-19 23:00:00,79.95,index,valid,synthetic_energy,6.56,0,6.56,15088
ENERGY-METER_READING_HOURLY-03-48,ST0402,NBH,KV1,active,2026-08-20-00,2026-08-20 00:00:00,79.82,index,valid,synthetic_energy,3.81,0,3.81,8763
ENERGY-METER_READING_HOURLY-03-49,ST0402,NBH,KV1,active,2026-08-20-01,2026-08-20 01:00:00,48.77,index,valid,synthetic_energy,7.52,0,7.52,17296
ENERGY-METER_READING_HOURLY-03-50,ST0402,NBH,KV1,active,2026-08-20-02,2026-08-20 02:00:00,65.21,index,valid,synthetic_energy,6.08,0,6.08,13984
ENERGY-METER_READING_HOURLY-03-51,ST0402,NBH,KV1,active,2026-08-20-03,2026-08-20 03:00:00,24.86,index,valid,synthetic_energy,7.71,0,7.71,17733
ENERGY-METER_READING_HOURLY-03-52,ST0402,NBH,KV1,active,2026-08-20-04,2026-08-20 04:00:00,57.36,index,valid,synthetic_energy,3.98,0,3.98,9154
ENERGY-METER_READING_HOURLY-03-53,ST0402,NBH,KV1,active,2026-08-20-05,2026-08-20 05:00:00,78.65,index,valid,synthetic_energy,6.1,0,6.1,14030
ENERGY-METER_READING_HOURLY-03-54,ST0402,NBH,KV1,active,2026-08-20-06,2026-08-20 06:00:00,63.22,index,valid,synthetic_energy,4.75,0,4.75,10925
ENERGY-METER_READING_HOURLY-03-55,ST0402,NBH,KV1,active,2026-08-20-07,2026-08-20 07:00:00,67.53,index,valid,synthetic_energy,7.79,0,7.79,17917
ENERGY-METER_READING_HOURLY-03-56,ST0402,NBH,KV1,active,2026-08-20-08,2026-08-20 08:00:00,61.26,index,valid,synthetic_energy,3.95,0,3.95,9085
ENERGY-METER_READING_HOURLY-03-57,ST0402,NBH,KV1,active,2026-08-20-09,2026-08-20 09:00:00,18.34,index,valid,synthetic_energy,5.48,0,5.48,12604
ENERGY-METER_READING_HOURLY-03-58,ST0402,NBH,KV1,active,2026-08-20-10,2026-08-20 10:00:00,83.64,index,valid,synthetic_energy,6.12,0,6.12,14076
ENERGY-METER_READING_HOURLY-03-59,ST0402,NBH,KV1,active,2026-08-20-11,2026-08-20 11:00:00,18.16,index,valid,synthetic_energy,7.5,0,7.5,17250
ENERGY-METER_READING_HOURLY-03-60,ST0402,NBH,KV1,active,2026-08-20-12,2026-08-20 12:00:00,27.78,index,valid,synthetic_energy,5.69,0,5.69,13087
ENERGY-METER_READING_HOURLY-03-61,ST0402,NBH,KV1,active,2026-08-20-13,2026-08-20 13:00:00,49.87,index,valid,synthetic_energy,5.53,0,5.53,12719
ENERGY-METER_READING_HOURLY-03-62,ST0402,NBH,KV1,active,2026-08-20-14,2026-08-20 14:00:00,30.03,index,valid,synthetic_energy,6.09,0,6.09,14007
ENERGY-METER_READING_HOURLY-03-63,ST0402,NBH,KV1,active,2026-08-20-15,2026-08-20 15:00:00,79.83,index,valid,synthetic_energy,4.44,0,4.44,10212
ENERGY-METER_READING_HOURLY-03-64,ST0402,NBH,KV1,active,2026-08-20-16,2026-08-20 16:00:00,53.61,index,valid,synthetic_energy,3.11,0,3.11,7153
ENERGY-METER_READING_HOURLY-03-65,ST0402,NBH,KV1,active,2026-08-20-17,2026-08-20 17:00:00,20.19,index,valid,synthetic_energy,3.41,0,3.41,7843
ENERGY-METER_READING_HOURLY-03-66,ST0402,NBH,KV1,active,2026-08-20-18,2026-08-20 18:00:00,59.03,index,valid,synthetic_energy,5.8,0,5.8,13340
ENERGY-METER_READING_HOURLY-03-67,ST0402,NBH,KV1,active,2026-08-20-19,2026-08-20 19:00:00,82.09,index,valid,synthetic_energy,3.89,0,3.89,8947
ENERGY-METER_READING_HOURLY-03-68,ST0402,NBH,KV1,active,2026-08-20-20,2026-08-20 20:00:00,84.93,index,valid,synthetic_energy,3.34,0,3.34,7682
ENERGY-METER_READING_HOURLY-03-69,ST0402,NBH,KV1,active,2026-08-20-21,2026-08-20 21:00:00,28.37,index,valid,synthetic_energy,5.82,0,5.82,13386
ENERGY-METER_READING_HOURLY-03-70,ST0402,NBH,KV1,active,2026-08-20-22,2026-08-20 22:00:00,15.84,index,valid,synthetic_energy,7.14,0,7.14,16422
ENERGY-METER_READING_HOURLY-03-71,ST0402,NBH,KV1,active,2026-08-20-23,2026-08-20 23:00:00,43.19,index,valid,synthetic_energy,4.2,0,4.2,9660
ENERGY-METER_READING_HOURLY-04-00,ST0501,HCM,KV3,active,2026-08-18-00,2026-08-18 00:00:00,56.16,index,valid,synthetic_energy,7.8,0,7.8,17940
ENERGY-METER_READING_HOURLY-04-01,ST0501,HCM,KV3,active,2026-08-18-01,2026-08-18 01:00:00,69.46,index,valid,synthetic_energy,3.23,0,3.23,7429
ENERGY-METER_READING_HOURLY-04-02,ST0501,HCM,KV3,active,2026-08-18-02,2026-08-18 02:00:00,71.7,index,valid,synthetic_energy,5.99,0,5.99,13777
ENERGY-METER_READING_HOURLY-04-03,ST0501,HCM,KV3,active,2026-08-18-03,2026-08-18 03:00:00,76.42,index,valid,synthetic_energy,4.27,0,4.27,9821
ENERGY-METER_READING_HOURLY-04-04,ST0501,HCM,KV3,active,2026-08-18-04,2026-08-18 04:00:00,83.75,index,valid,synthetic_energy,3.19,0,3.19,7337
ENERGY-METER_READING_HOURLY-04-05,ST0501,HCM,KV3,active,2026-08-18-05,2026-08-18 05:00:00,26.8,index,valid,synthetic_energy,4.8,0,4.8,11040
ENERGY-METER_READING_HOURLY-04-06,ST0501,HCM,KV3,active,2026-08-18-06,2026-08-18 06:00:00,52.63,index,valid,synthetic_energy,6.35,0,6.35,14605
ENERGY-METER_READING_HOURLY-04-07,ST0501,HCM,KV3,active,2026-08-18-07,2026-08-18 07:00:00,81.43,index,valid,synthetic_energy,7.62,0,7.62,17526
ENERGY-METER_READING_HOURLY-04-08,ST0501,HCM,KV3,active,2026-08-18-08,2026-08-18 08:00:00,47.11,index,valid,synthetic_energy,7.14,0,7.14,16422
ENERGY-METER_READING_HOURLY-04-09,ST0501,HCM,KV3,active,2026-08-18-09,2026-08-18 09:00:00,45.04,index,valid,synthetic_energy,7.02,0,7.02,16146
ENERGY-METER_READING_HOURLY-04-10,ST0501,HCM,KV3,active,2026-08-18-10,2026-08-18 10:00:00,24.85,index,valid,synthetic_energy,5.56,0,5.56,12788
ENERGY-METER_READING_HOURLY-04-11,ST0501,HCM,KV3,active,2026-08-18-11,2026-08-18 11:00:00,76.28,index,valid,synthetic_energy,7.01,0,7.01,16123
ENERGY-METER_READING_HOURLY-04-12,ST0501,HCM,KV3,active,2026-08-18-12,2026-08-18 12:00:00,42.05,index,valid,synthetic_energy,3.53,0,3.53,8119
ENERGY-METER_READING_HOURLY-04-13,ST0501,HCM,KV3,active,2026-08-18-13,2026-08-18 13:00:00,70.0,index,valid,synthetic_energy,5.73,0,5.73,13179
ENERGY-METER_READING_HOURLY-04-14,ST0501,HCM,KV3,active,2026-08-18-14,2026-08-18 14:00:00,77.71,index,valid,synthetic_energy,7.24,0,7.24,16652
ENERGY-METER_READING_HOURLY-04-15,ST0501,HCM,KV3,active,2026-08-18-15,2026-08-18 15:00:00,33.84,index,valid,synthetic_energy,4.01,0,4.01,9223
ENERGY-METER_READING_HOURLY-04-16,ST0501,HCM,KV3,active,2026-08-18-16,2026-08-18 16:00:00,22.9,index,valid,synthetic_energy,3.86,0,3.86,8878
ENERGY-METER_READING_HOURLY-04-17,ST0501,HCM,KV3,active,2026-08-18-17,2026-08-18 17:00:00,42.1,index,valid,synthetic_energy,3.6,0,3.6,8280
ENERGY-METER_READING_HOURLY-04-18,ST0501,HCM,KV3,active,2026-08-18-18,2026-08-18 18:00:00,56.21,index,valid,synthetic_energy,3.37,0,3.37,7751
ENERGY-METER_READING_HOURLY-04-19,ST0501,HCM,KV3,active,2026-08-18-19,2026-08-18 19:00:00,49.01,index,valid,synthetic_energy,4.52,0,4.52,10396
ENERGY-METER_READING_HOURLY-04-20,ST0501,HCM,KV3,active,2026-08-18-20,2026-08-18 20:00:00,64.87,index,valid,synthetic_energy,7.1,0,7.1,16330
ENERGY-METER_READING_HOURLY-04-21,ST0501,HCM,KV3,active,2026-08-18-21,2026-08-18 21:00:00,73.97,index,valid,synthetic_energy,4.22,0,4.22,9706
ENERGY-METER_READING_HOURLY-04-22,ST0501,HCM,KV3,active,2026-08-18-22,2026-08-18 22:00:00,53.11,index,valid,synthetic_energy,6.04,0,6.04,13892
ENERGY-METER_READING_HOURLY-04-23,ST0501,HCM,KV3,active,2026-08-18-23,2026-08-18 23:00:00,32.87,index,valid,synthetic_energy,6.58,0,6.58,15134
ENERGY-METER_READING_HOURLY-04-24,ST0501,HCM,KV3,active,2026-08-19-00,2026-08-19 00:00:00,69.51,index,valid,synthetic_energy,6.3,0,6.3,14490
ENERGY-METER_READING_HOURLY-04-25,ST0501,HCM,KV3,active,2026-08-19-01,2026-08-19 01:00:00,18.75,index,valid,synthetic_energy,6.18,0,6.18,14214
ENERGY-METER_READING_HOURLY-04-26,ST0501,HCM,KV3,active,2026-08-19-02,2026-08-19 02:00:00,46.19,index,valid,synthetic_energy,3.07,0,3.07,7061
ENERGY-METER_READING_HOURLY-04-27,ST0501,HCM,KV3,active,2026-08-19-03,2026-08-19 03:00:00,26.6,index,valid,synthetic_energy,5.39,0,5.39,12397
ENERGY-METER_READING_HOURLY-04-28,ST0501,HCM,KV3,active,2026-08-19-04,2026-08-19 04:00:00,44.51,index,valid,synthetic_energy,5.28,0,5.28,12144
ENERGY-METER_READING_HOURLY-04-29,ST0501,HCM,KV3,active,2026-08-19-05,2026-08-19 05:00:00,48.16,index,valid,synthetic_energy,5.96,0,5.96,13708
ENERGY-METER_READING_HOURLY-04-30,ST0501,HCM,KV3,active,2026-08-19-06,2026-08-19 06:00:00,37.66,index,valid,synthetic_energy,3.91,0,3.91,8993
ENERGY-METER_READING_HOURLY-04-31,ST0501,HCM,KV3,active,2026-08-19-07,2026-08-19 07:00:00,21.38,index,valid,synthetic_energy,5.32,0,5.32,12236
ENERGY-METER_READING_HOURLY-04-32,ST0501,HCM,KV3,active,2026-08-19-08,2026-08-19 08:00:00,29.19,index,valid,synthetic_energy,7.07,0,7.07,16261
ENERGY-METER_READING_HOURLY-04-33,ST0501,HCM,KV3,active,2026-08-19-09,2026-08-19 09:00:00,55.18,index,valid,synthetic_energy,5.67,0,5.67,13041
ENERGY-METER_READING_HOURLY-04-34,ST0501,HCM,KV3,active,2026-08-19-10,2026-08-19 10:00:00,71.76,index,valid,synthetic_energy,3.27,0,3.27,7521
ENERGY-METER_READING_HOURLY-04-35,ST0501,HCM,KV3,active,2026-08-19-11,2026-08-19 11:00:00,29.22,index,valid,synthetic_energy,3.95,0,3.95,9085
ENERGY-METER_READING_HOURLY-04-36,ST0501,HCM,KV3,active,2026-08-19-12,2026-08-19 12:00:00,57.62,index,valid,synthetic_energy,7.49,0,7.49,17227
ENERGY-METER_READING_HOURLY-04-37,ST0501,HCM,KV3,active,2026-08-19-13,2026-08-19 13:00:00,66.66,index,valid,synthetic_energy,6.73,0,6.73,15479
ENERGY-METER_READING_HOURLY-04-38,ST0501,HCM,KV3,active,2026-08-19-14,2026-08-19 14:00:00,81.35,index,valid,synthetic_energy,7.52,0,7.52,17296
ENERGY-METER_READING_HOURLY-04-39,ST0501,HCM,KV3,active,2026-08-19-15,2026-08-19 15:00:00,31.19,index,valid,synthetic_energy,5.96,0,5.96,13708
ENERGY-METER_READING_HOURLY-04-40,ST0501,HCM,KV3,active,2026-08-19-16,2026-08-19 16:00:00,84.94,index,valid,synthetic_energy,3.64,0,3.64,8372
ENERGY-METER_READING_HOURLY-04-41,ST0501,HCM,KV3,active,2026-08-19-17,2026-08-19 17:00:00,28.61,index,valid,synthetic_energy,3.59,0,3.59,8257
ENERGY-METER_READING_HOURLY-04-42,ST0501,HCM,KV3,active,2026-08-19-18,2026-08-19 18:00:00,46.53,index,valid,synthetic_energy,5.06,0,5.06,11638
ENERGY-METER_READING_HOURLY-04-43,ST0501,HCM,KV3,active,2026-08-19-19,2026-08-19 19:00:00,60.29,index,valid,synthetic_energy,5.09,0,5.09,11707
ENERGY-METER_READING_HOURLY-04-44,ST0501,HCM,KV3,active,2026-08-19-20,2026-08-19 20:00:00,15.86,index,valid,synthetic_energy,6.46,0,6.46,14858
ENERGY-METER_READING_HOURLY-04-45,ST0501,HCM,KV3,active,2026-08-19-21,2026-08-19 21:00:00,60.67,index,valid,synthetic_energy,5.73,0,5.73,13179
ENERGY-METER_READING_HOURLY-04-46,ST0501,HCM,KV3,active,2026-08-19-22,2026-08-19 22:00:00,81.31,index,valid,synthetic_energy,5.73,0,5.73,13179
ENERGY-METER_READING_HOURLY-04-47,ST0501,HCM,KV3,active,2026-08-19-23,2026-08-19 23:00:00,25.5,index,valid,synthetic_energy,5.38,0,5.38,12374
ENERGY-METER_READING_HOURLY-04-48,ST0501,HCM,KV3,active,2026-08-20-00,2026-08-20 00:00:00,76.89,index,valid,synthetic_energy,3.06,0,3.06,7038
ENERGY-METER_READING_HOURLY-04-49,ST0501,HCM,KV3,active,2026-08-20-01,2026-08-20 01:00:00,21.8,index,valid,synthetic_energy,3.1,0,3.1,7130
ENERGY-METER_READING_HOURLY-04-50,ST0501,HCM,KV3,active,2026-08-20-02,2026-08-20 02:00:00,38.88,index,valid,synthetic_energy,4.38,0,4.38,10074
ENERGY-METER_READING_HOURLY-04-51,ST0501,HCM,KV3,active,2026-08-20-03,2026-08-20 03:00:00,82.05,index,valid,synthetic_energy,3.19,0,3.19,7337
ENERGY-METER_READING_HOURLY-04-52,ST0501,HCM,KV3,active,2026-08-20-04,2026-08-20 04:00:00,56.5,index,valid,synthetic_energy,3.55,0,3.55,8165
ENERGY-METER_READING_HOURLY-04-53,ST0501,HCM,KV3,active,2026-08-20-05,2026-08-20 05:00:00,22.75,index,valid,synthetic_energy,3.34,0,3.34,7682
ENERGY-METER_READING_HOURLY-04-54,ST0501,HCM,KV3,active,2026-08-20-06,2026-08-20 06:00:00,83.48,index,valid,synthetic_energy,5.66,0,5.66,13018
ENERGY-METER_READING_HOURLY-04-55,ST0501,HCM,KV3,active,2026-08-20-07,2026-08-20 07:00:00,73.94,index,valid,synthetic_energy,4.69,0,4.69,10787
ENERGY-METER_READING_HOURLY-04-56,ST0501,HCM,KV3,active,2026-08-20-08,2026-08-20 08:00:00,15.26,index,valid,synthetic_energy,6.75,0,6.75,15525
ENERGY-METER_READING_HOURLY-04-57,ST0501,HCM,KV3,active,2026-08-20-09,2026-08-20 09:00:00,20.16,index,valid,synthetic_energy,4.29,0,4.29,9867
ENERGY-METER_READING_HOURLY-04-58,ST0501,HCM,KV3,active,2026-08-20-10,2026-08-20 10:00:00,84.0,index,valid,synthetic_energy,7.95,0,7.95,18285
ENERGY-METER_READING_HOURLY-04-59,ST0501,HCM,KV3,active,2026-08-20-11,2026-08-20 11:00:00,73.56,index,valid,synthetic_energy,7.49,0,7.49,17227
ENERGY-METER_READING_HOURLY-04-60,ST0501,HCM,KV3,active,2026-08-20-12,2026-08-20 12:00:00,31.3,index,valid,synthetic_energy,7.08,0,7.08,16284
ENERGY-METER_READING_HOURLY-04-61,ST0501,HCM,KV3,active,2026-08-20-13,2026-08-20 13:00:00,48.6,index,valid,synthetic_energy,6.12,0,6.12,14076
ENERGY-METER_READING_HOURLY-04-62,ST0501,HCM,KV3,active,2026-08-20-14,2026-08-20 14:00:00,44.02,index,valid,synthetic_energy,6.09,0,6.09,14007
ENERGY-METER_READING_HOURLY-04-63,ST0501,HCM,KV3,active,2026-08-20-15,2026-08-20 15:00:00,29.88,index,valid,synthetic_energy,4.7,0,4.7,10810
ENERGY-METER_READING_HOURLY-04-64,ST0501,HCM,KV3,active,2026-08-20-16,2026-08-20 16:00:00,45.47,index,valid,synthetic_energy,6.75,0,6.75,15525
ENERGY-METER_READING_HOURLY-04-65,ST0501,HCM,KV3,active,2026-08-20-17,2026-08-20 17:00:00,84.46,index,valid,synthetic_energy,4.46,0,4.46,10258
ENERGY-METER_READING_HOURLY-04-66,ST0501,HCM,KV3,active,2026-08-20-18,2026-08-20 18:00:00,17.33,index,valid,synthetic_energy,7.07,0,7.07,16261
ENERGY-METER_READING_HOURLY-04-67,ST0501,HCM,KV3,active,2026-08-20-19,2026-08-20 19:00:00,53.99,index,valid,synthetic_energy,5.53,0,5.53,12719
ENERGY-METER_READING_HOURLY-04-68,ST0501,HCM,KV3,active,2026-08-20-20,2026-08-20 20:00:00,17.04,index,valid,synthetic_energy,7.09,0,7.09,16307
ENERGY-METER_READING_HOURLY-04-69,ST0501,HCM,KV3,active,2026-08-20-21,2026-08-20 21:00:00,36.98,index,valid,synthetic_energy,3.14,0,3.14,7222
ENERGY-METER_READING_HOURLY-04-70,ST0501,HCM,KV3,active,2026-08-20-22,2026-08-20 22:00:00,50.12,index,valid,synthetic_energy,7.85,0,7.85,18055
ENERGY-METER_READING_HOURLY-04-71,ST0501,HCM,KV3,active,2026-08-20-23,2026-08-20 23:00:00,15.47,index,valid,synthetic_energy,7.83,0,7.83,18009
ENERGY-METER_READING_HOURLY-05-00,ST0601,KHA,KV2,active,2026-08-18-00,2026-08-18 00:00:00,65.9,index,valid,synthetic_energy,7.25,0,7.25,16675
ENERGY-METER_READING_HOURLY-05-01,ST0601,KHA,KV2,active,2026-08-18-01,2026-08-18 01:00:00,16.89,index,valid,synthetic_energy,3.61,0,3.61,8303
ENERGY-METER_READING_HOURLY-05-02,ST0601,KHA,KV2,active,2026-08-18-02,2026-08-18 02:00:00,52.58,index,valid,synthetic_energy,5.91,0,5.91,13593
ENERGY-METER_READING_HOURLY-05-03,ST0601,KHA,KV2,active,2026-08-18-03,2026-08-18 03:00:00,67.89,index,valid,synthetic_energy,5.36,0,5.36,12328
ENERGY-METER_READING_HOURLY-05-04,ST0601,KHA,KV2,active,2026-08-18-04,2026-08-18 04:00:00,81.67,index,valid,synthetic_energy,4.52,0,4.52,10396
ENERGY-METER_READING_HOURLY-05-05,ST0601,KHA,KV2,active,2026-08-18-05,2026-08-18 05:00:00,37.17,index,valid,synthetic_energy,7.46,0,7.46,17158
ENERGY-METER_READING_HOURLY-05-06,ST0601,KHA,KV2,active,2026-08-18-06,2026-08-18 06:00:00,68.86,index,valid,synthetic_energy,5.77,0,5.77,13271
ENERGY-METER_READING_HOURLY-05-07,ST0601,KHA,KV2,active,2026-08-18-07,2026-08-18 07:00:00,82.59,index,valid,synthetic_energy,7.05,0,7.05,16215
ENERGY-METER_READING_HOURLY-05-08,ST0601,KHA,KV2,active,2026-08-18-08,2026-08-18 08:00:00,72.25,index,valid,synthetic_energy,3.74,0,3.74,8602
ENERGY-METER_READING_HOURLY-05-09,ST0601,KHA,KV2,active,2026-08-18-09,2026-08-18 09:00:00,49.32,index,valid,synthetic_energy,3.77,0,3.77,8671
ENERGY-METER_READING_HOURLY-05-10,ST0601,KHA,KV2,active,2026-08-18-10,2026-08-18 10:00:00,51.24,index,valid,synthetic_energy,6.29,0,6.29,14467
ENERGY-METER_READING_HOURLY-05-11,ST0601,KHA,KV2,active,2026-08-18-11,2026-08-18 11:00:00,17.67,index,valid,synthetic_energy,7.34,0,7.34,16882
ENERGY-METER_READING_HOURLY-05-12,ST0601,KHA,KV2,active,2026-08-18-12,2026-08-18 12:00:00,53.52,index,valid,synthetic_energy,7.83,0,7.83,18009
ENERGY-METER_READING_HOURLY-05-13,ST0601,KHA,KV2,active,2026-08-18-13,2026-08-18 13:00:00,56.51,index,valid,synthetic_energy,3.8,0,3.8,8740
ENERGY-METER_READING_HOURLY-05-14,ST0601,KHA,KV2,active,2026-08-18-14,2026-08-18 14:00:00,31.4,index,valid,synthetic_energy,7.97,0,7.97,18331
ENERGY-METER_READING_HOURLY-05-15,ST0601,KHA,KV2,active,2026-08-18-15,2026-08-18 15:00:00,15.18,index,valid,synthetic_energy,7.68,0,7.68,17664
ENERGY-METER_READING_HOURLY-05-16,ST0601,KHA,KV2,active,2026-08-18-16,2026-08-18 16:00:00,78.06,index,valid,synthetic_energy,7.9,0,7.9,18170
ENERGY-METER_READING_HOURLY-05-17,ST0601,KHA,KV2,active,2026-08-18-17,2026-08-18 17:00:00,48.15,index,valid,synthetic_energy,3.42,0,3.42,7866
ENERGY-METER_READING_HOURLY-05-18,ST0601,KHA,KV2,active,2026-08-18-18,2026-08-18 18:00:00,77.7,index,valid,synthetic_energy,6.85,0,6.85,15755
ENERGY-METER_READING_HOURLY-05-19,ST0601,KHA,KV2,active,2026-08-18-19,2026-08-18 19:00:00,28.55,index,valid,synthetic_energy,6.19,0,6.19,14237
ENERGY-METER_READING_HOURLY-05-20,ST0601,KHA,KV2,active,2026-08-18-20,2026-08-18 20:00:00,18.43,index,valid,synthetic_energy,3.12,0,3.12,7176
ENERGY-METER_READING_HOURLY-05-21,ST0601,KHA,KV2,active,2026-08-18-21,2026-08-18 21:00:00,34.62,index,valid,synthetic_energy,6.64,0,6.64,15272
ENERGY-METER_READING_HOURLY-05-22,ST0601,KHA,KV2,active,2026-08-18-22,2026-08-18 22:00:00,60.66,index,valid,synthetic_energy,4.2,0,4.2,9660
ENERGY-METER_READING_HOURLY-05-23,ST0601,KHA,KV2,active,2026-08-18-23,2026-08-18 23:00:00,48.1,index,valid,synthetic_energy,6.37,0,6.37,14651
ENERGY-METER_READING_HOURLY-05-24,ST0601,KHA,KV2,active,2026-08-19-00,2026-08-19 00:00:00,64.39,index,valid,synthetic_energy,6.61,0,6.61,15203
ENERGY-METER_READING_HOURLY-05-25,ST0601,KHA,KV2,active,2026-08-19-01,2026-08-19 01:00:00,64.35,index,valid,synthetic_energy,3.24,0,3.24,7452
ENERGY-METER_READING_HOURLY-05-26,ST0601,KHA,KV2,active,2026-08-19-02,2026-08-19 02:00:00,76.03,index,valid,synthetic_energy,6.43,0,6.43,14789
ENERGY-METER_READING_HOURLY-05-27,ST0601,KHA,KV2,active,2026-08-19-03,2026-08-19 03:00:00,63.16,index,valid,synthetic_energy,3.33,0,3.33,7659
ENERGY-METER_READING_HOURLY-05-28,ST0601,KHA,KV2,active,2026-08-19-04,2026-08-19 04:00:00,39.26,index,valid,synthetic_energy,4.99,0,4.99,11477
ENERGY-METER_READING_HOURLY-05-29,ST0601,KHA,KV2,active,2026-08-19-05,2026-08-19 05:00:00,29.35,index,valid,synthetic_energy,6.76,0,6.76,15548
ENERGY-METER_READING_HOURLY-05-30,ST0601,KHA,KV2,active,2026-08-19-06,2026-08-19 06:00:00,19.23,index,valid,synthetic_energy,6.14,0,6.14,14122
ENERGY-METER_READING_HOURLY-05-31,ST0601,KHA,KV2,active,2026-08-19-07,2026-08-19 07:00:00,75.3,index,valid,synthetic_energy,4.84,0,4.84,11132
ENERGY-METER_READING_HOURLY-05-32,ST0601,KHA,KV2,active,2026-08-19-08,2026-08-19 08:00:00,57.85,index,valid,synthetic_energy,3.22,0,3.22,7406
ENERGY-METER_READING_HOURLY-05-33,ST0601,KHA,KV2,active,2026-08-19-09,2026-08-19 09:00:00,23.69,index,valid,synthetic_energy,7.53,0,7.53,17319
ENERGY-METER_READING_HOURLY-05-34,ST0601,KHA,KV2,active,2026-08-19-10,2026-08-19 10:00:00,40.25,index,valid,synthetic_energy,5.51,0,5.51,12673
ENERGY-METER_READING_HOURLY-05-35,ST0601,KHA,KV2,active,2026-08-19-11,2026-08-19 11:00:00,20.87,index,valid,synthetic_energy,6.24,0,6.24,14352
ENERGY-METER_READING_HOURLY-05-36,ST0601,KHA,KV2,active,2026-08-19-12,2026-08-19 12:00:00,47.18,index,valid,synthetic_energy,4.99,0,4.99,11477
ENERGY-METER_READING_HOURLY-05-37,ST0601,KHA,KV2,active,2026-08-19-13,2026-08-19 13:00:00,79.03,index,valid,synthetic_energy,7.55,0,7.55,17365
ENERGY-METER_READING_HOURLY-05-38,ST0601,KHA,KV2,active,2026-08-19-14,2026-08-19 14:00:00,63.27,index,valid,synthetic_energy,4.48,0,4.48,10304
ENERGY-METER_READING_HOURLY-05-39,ST0601,KHA,KV2,active,2026-08-19-15,2026-08-19 15:00:00,42.18,index,valid,synthetic_energy,6.89,0,6.89,15847
ENERGY-METER_READING_HOURLY-05-40,ST0601,KHA,KV2,active,2026-08-19-16,2026-08-19 16:00:00,50.34,index,valid,synthetic_energy,6.45,0,6.45,14835
ENERGY-METER_READING_HOURLY-05-41,ST0601,KHA,KV2,active,2026-08-19-17,2026-08-19 17:00:00,50.43,index,valid,synthetic_energy,4.95,0,4.95,11385
ENERGY-METER_READING_HOURLY-05-42,ST0601,KHA,KV2,active,2026-08-19-18,2026-08-19 18:00:00,76.95,index,valid,synthetic_energy,6.81,0,6.81,15663
ENERGY-METER_READING_HOURLY-05-43,ST0601,KHA,KV2,active,2026-08-19-19,2026-08-19 19:00:00,63.44,index,valid,synthetic_energy,4.83,0,4.83,11109
ENERGY-METER_READING_HOURLY-05-44,ST0601,KHA,KV2,active,2026-08-19-20,2026-08-19 20:00:00,48.84,index,valid,synthetic_energy,5.98,0,5.98,13754
ENERGY-METER_READING_HOURLY-05-45,ST0601,KHA,KV2,active,2026-08-19-21,2026-08-19 21:00:00,33.38,index,valid,synthetic_energy,7.5,0,7.5,17250
ENERGY-METER_READING_HOURLY-05-46,ST0601,KHA,KV2,active,2026-08-19-22,2026-08-19 22:00:00,48.86,index,valid,synthetic_energy,6.67,0,6.67,15341
ENERGY-METER_READING_HOURLY-05-47,ST0601,KHA,KV2,active,2026-08-19-23,2026-08-19 23:00:00,56.9,index,valid,synthetic_energy,3.07,0,3.07,7061
ENERGY-METER_READING_HOURLY-05-48,ST0601,KHA,KV2,active,2026-08-20-00,2026-08-20 00:00:00,54.73,index,valid,synthetic_energy,5.27,0,5.27,12121
ENERGY-METER_READING_HOURLY-05-49,ST0601,KHA,KV2,active,2026-08-20-01,2026-08-20 01:00:00,74.53,index,valid,synthetic_energy,6.47,0,6.47,14881
ENERGY-METER_READING_HOURLY-05-50,ST0601,KHA,KV2,active,2026-08-20-02,2026-08-20 02:00:00,38.75,index,valid,synthetic_energy,4.61,0,4.61,10603
ENERGY-METER_READING_HOURLY-05-51,ST0601,KHA,KV2,active,2026-08-20-03,2026-08-20 03:00:00,25.08,index,valid,synthetic_energy,6.98,0,6.98,16054
ENERGY-METER_READING_HOURLY-05-52,ST0601,KHA,KV2,active,2026-08-20-04,2026-08-20 04:00:00,68.71,index,valid,synthetic_energy,3.02,0,3.02,6946
ENERGY-METER_READING_HOURLY-05-53,ST0601,KHA,KV2,active,2026-08-20-05,2026-08-20 05:00:00,47.84,index,valid,synthetic_energy,3.71,0,3.71,8533
ENERGY-METER_READING_HOURLY-05-54,ST0601,KHA,KV2,active,2026-08-20-06,2026-08-20 06:00:00,42.64,index,valid,synthetic_energy,6.3,0,6.3,14490
ENERGY-METER_READING_HOURLY-05-55,ST0601,KHA,KV2,active,2026-08-20-07,2026-08-20 07:00:00,52.74,index,valid,synthetic_energy,3.23,0,3.23,7429
ENERGY-METER_READING_HOURLY-05-56,ST0601,KHA,KV2,active,2026-08-20-08,2026-08-20 08:00:00,84.13,index,valid,synthetic_energy,3.87,0,3.87,8901
ENERGY-METER_READING_HOURLY-05-57,ST0601,KHA,KV2,active,2026-08-20-09,2026-08-20 09:00:00,49.64,index,valid,synthetic_energy,3.42,0,3.42,7866
ENERGY-METER_READING_HOURLY-05-58,ST0601,KHA,KV2,active,2026-08-20-10,2026-08-20 10:00:00,44.24,index,valid,synthetic_energy,7.12,0,7.12,16376
ENERGY-METER_READING_HOURLY-05-59,ST0601,KHA,KV2,active,2026-08-20-11,2026-08-20 11:00:00,60.7,index,valid,synthetic_energy,4.09,0,4.09,9407
ENERGY-METER_READING_HOURLY-05-60,ST0601,KHA,KV2,active,2026-08-20-12,2026-08-20 12:00:00,66.71,index,valid,synthetic_energy,5.06,0,5.06,11638
ENERGY-METER_READING_HOURLY-05-61,ST0601,KHA,KV2,active,2026-08-20-13,2026-08-20 13:00:00,26.24,index,valid,synthetic_energy,3.54,0,3.54,8142
ENERGY-METER_READING_HOURLY-05-62,ST0601,KHA,KV2,active,2026-08-20-14,2026-08-20 14:00:00,57.4,index,valid,synthetic_energy,7.17,0,7.17,16491
ENERGY-METER_READING_HOURLY-05-63,ST0601,KHA,KV2,active,2026-08-20-15,2026-08-20 15:00:00,57.24,index,valid,synthetic_energy,5.73,0,5.73,13179
ENERGY-METER_READING_HOURLY-05-64,ST0601,KHA,KV2,active,2026-08-20-16,2026-08-20 16:00:00,84.45,index,valid,synthetic_energy,7.57,0,7.57,17411
ENERGY-METER_READING_HOURLY-05-65,ST0601,KHA,KV2,active,2026-08-20-17,2026-08-20 17:00:00,47.35,index,valid,synthetic_energy,6.4,0,6.4,14720
ENERGY-METER_READING_HOURLY-05-66,ST0601,KHA,KV2,active,2026-08-20-18,2026-08-20 18:00:00,64.37,index,valid,synthetic_energy,4.82,0,4.82,11086
ENERGY-METER_READING_HOURLY-05-67,ST0601,KHA,KV2,active,2026-08-20-19,2026-08-20 19:00:00,18.22,index,valid,synthetic_energy,5.71,0,5.71,13133
ENERGY-METER_READING_HOURLY-05-68,ST0601,KHA,KV2,active,2026-08-20-20,2026-08-20 20:00:00,23.77,index,valid,synthetic_energy,3.51,0,3.51,8073
ENERGY-METER_READING_HOURLY-05-69,ST0601,KHA,KV2,active,2026-08-20-21,2026-08-20 21:00:00,77.37,index,valid,synthetic_energy,6.06,0,6.06,13938
ENERGY-METER_READING_HOURLY-05-70,ST0601,KHA,KV2,active,2026-08-20-22,2026-08-20 22:00:00,22.11,index,valid,synthetic_energy,3.9,0,3.9,8970
ENERGY-METER_READING_HOURLY-05-71,ST0601,KHA,KV2,active,2026-08-20-23,2026-08-20 23:00:00,16.36,index,valid,synthetic_energy,7.33,0,7.33,16859
