solar_hourly_id,station_id,province_code,area_code,status,date_hour,observed_at,metric_value,metric_unit,quality_flag,source_system,grid_kwh,generator_kwh,load_kw,cost_vnd
ENERGY-SOLAR_HOURLY-00-00,ST0101,DBN,KV1,active,2026-08-18-00,2026-08-18 00:00:00,32.63,index,valid,synthetic_energy,7.9,0,7.9,18170
ENERGY-SOLAR_HOURLY-00-01,ST0101,DBN,KV1,active,2026-08-18-01,2026-08-18 01:00:00,55.51,index,valid,synthetic_energy,6.73,0,6.73,15479
ENERGY-SOLAR_HOURLY-00-02,ST0101,DBN,KV1,active,2026-08-18-02,2026-08-18 02:00:00,84.05,index,valid,synthetic_energy,4.89,0,4.89,11247
ENERGY-SOLAR_HOURLY-00-03,ST0101,DBN,KV1,active,2026-08-18-03,2026-08-18 03:00:00,64.87,index,valid,synthetic_energy,7.97,0,7.97,18331
ENERGY-SOLAR_HOURLY-00-04,ST0101,DBN,KV1,active,2026-08-18-04,2026-08-18 04:00:00,84.67,index,valid,synthetic_energy,7.97,0,7.97,18331
ENERGY-SOLAR_HOURLY-00-05,ST0101,DBN,KV1,active,2026-08-18-05,2026-08-18 05:00:00,16.38,index,valid,synthetic_energy,3.73,0,3.73,8579
ENERGY-SOLAR_HOURLY-00-06,ST0101,DBN,KV1,active,2026-08-18-06,2026-08-18 06:00:00,34.6,index,valid,synthetic_energy,4.73,0,4.73,10879
ENERGY-SOLAR_HOURLY-00-07,ST0101,DBN,KV1,active,2026-08-18-07,2026-08-18 07:00:00,31.5,index,valid,synthetic_energy,6.33,0,6.33,14559
ENERGY-SOLAR_HOURLY-00-08,ST0101,DBN,KV1,active,2026-08-18-08,2026-08-18 08:00:00,54.97,index,valid,synthetic_energy,7.27,0,7.27,16721
ENERGY-SOLAR_HOURLY-00-09,ST0101,DBN,KV1,active,2026-08-18-09,2026-08-18 09:00:00,67.88,index,valid,synthetic_energy,5.14,0,5.14,11822
ENERGY-SOLAR_HOURLY-00-10,ST0101,DBN,KV1,active,2026-08-18-10,2026-08-18 10:00:00,54.38,index,valid,synthetic_energy,5.81,0,5.81,13363
ENERGY-SOLAR_HOURLY-00-11,ST0101,DBN,KV1,active,2026-08-18-11,2026-08-18 11:00:00,50.59,index,valid,synthetic_energy,5.99,0,5.99,13777
ENERGY-SOLAR_HOURLY-00-12,ST0101,DBN,KV1,active,2026-08-18-12,2026-08-18 12:00:00,40.78,index,valid,synthetic_energy,3.09,0,3.09,7107
ENERGY-SOLAR_HOURLY-00-13,ST0101,DBN,KV1,active,2026-08-18-13,2026-08-18 13:00:00,30.31,index,valid,synthetic_energy,5.98,0,5.98,13754
ENERGY-SOLAR_HOURLY-00-14,ST0101,DBN,KV1,active,2026-08-18-14,2026-08-18 14:00:00,44.4,index,valid,synthetic_energy,3.97,0,3.97,9131
ENERGY-SOLAR_HOURLY-00-15,ST0101,DBN,KV1,active,2026-08-18-15,2026-08-18 15:00:00,40.64,index,valid,synthetic_energy,6.25,0,6.25,14375
ENERGY-SOLAR_HOURLY-00-16,ST0101,DBN,KV1,active,2026-08-18-16,2026-08-18 16:00:00,49.87,index,valid,synthetic_energy,6.88,0,6.88,15824
ENERGY-SOLAR_HOURLY-00-17,ST0101,DBN,KV1,active,2026-08-18-17,2026-08-18 17:00:00,54.37,index,valid,synthetic_energy,6.65,0,6.65,15295
ENERGY-SOLAR_HOURLY-00-18,ST0101,DBN,KV1,active,2026-08-18-18,2026-08-18 18:00:00,26.62,index,valid,synthetic_energy,3.88,0,3.88,8924
ENERGY-SOLAR_HOURLY-00-19,ST0101,DBN,KV1,active,2026-08-18-19,2026-08-18 19:00:00,26.44,index,valid,synthetic_energy,7.76,0,7.76,17848
ENERGY-SOLAR_HOURLY-00-20,ST0101,DBN,KV1,active,2026-08-18-20,2026-08-18 20:00:00,30.56,index,valid,synthetic_energy,3.74,0,3.74,8602
ENERGY-SOLAR_HOURLY-00-21,ST0101,DBN,KV1,active,2026-08-18-21,2026-08-18 21:00:00,60.88,index,valid,synthetic_energy,3.31,0,3.31,7613
ENERGY-SOLAR_HOURLY-00-22,ST0101,DBN,KV1,active,2026-08-18-22,2026-08-18 22:00:00,38.26,index,valid,synthetic_energy,4.21,0,4.21,9683
ENERGY-SOLAR_HOURLY-00-23,ST0101,DBN,KV1,active,2026-08-18-23,2026-08-18 23:00:00,69.11,index,valid,synthetic_energy,5.1,0,5.1,11730
ENERGY-SOLAR_HOURLY-00-24,ST0101,DBN,KV1,active,2026-08-19-00,2026-08-19 00:00:00,81.35,index,valid,synthetic_energy,7.54,0,7.54,17342
ENERGY-SOLAR_HOURLY-00-25,ST0101,DBN,KV1,active,2026-08-19-01,2026-08-19 01:00:00,27.57,index,valid,synthetic_energy,4.02,0,4.02,9246
ENERGY-SOLAR_HOURLY-00-26,ST0101,DBN,KV1,active,2026-08-19-02,2026-08-19 02:00:00,22.69,index,valid,synthetic_energy,5.58,0,5.58,12834
ENERGY-SOLAR_HOURLY-00-27,ST0101,DBN,KV1,degraded,2026-08-19-03,2026-08-19 03:00:00,55.28,index,degraded,synthetic_energy,4.28,2,6.28,17844
ENERGY-SOLAR_HOURLY-00-28,ST0101,DBN,KV1,active,2026-08-19-04,2026-08-19 04:00:00,33.98,index,valid,synthetic_energy,4.48,0,4.48,10304
ENERGY-SOLAR_HOURLY-00-29,ST0101,DBN,KV1,active,2026-08-19-05,2026-08-19 05:00:00,25.53,index,valid,synthetic_energy,3.27,0,3.27,7521
ENERGY-SOLAR_HOURLY-00-30,ST0101,DBN,KV1,active,2026-08-19-06,2026-08-19 06:00:00,59.27,index,valid,synthetic_energy,5.28,0,5.28,12144
ENERGY-SOLAR_HOURLY-00-31,ST0101,DBN,KV1,active,2026-08-19-07,2026-08-19 07:00:00,15.07,index,valid,synthetic_energy,5.55,0,5.55,12765
ENERGY-SOLAR_HOURLY-00-32,ST0101,DBN,KV1,active,2026-08-19-08,2026-08-19 08:00:00,15.85,index,valid,synthetic_energy,4.14,0,4.14,9522
ENERGY-SOLAR_HOURLY-00-33,ST0101,DBN,KV1,active,2026-08-19-09,2026-08-19 09:00:00,79.77,index,valid,synthetic_energy,7.68,0,7.68,17664
ENERGY-SOLAR_HOURLY-00-34,ST0101,DBN,KV1,active,2026-08-19-10,2026-08-19 10:00:00,63.87,index,valid,synthetic_energy,4.9,0,4.9,11270
ENERGY-SOLAR_HOURLY-00-35,ST0101,DBN,KV1,active,2026-08-19-11,2026-08-19 11:00:00,31.62,index,valid,synthetic_energy,3.66,0,3.66,8418
ENERGY-SOLAR_HOURLY-00-36,ST0101,DBN,KV1,active,2026-08-19-12,2026-08-19 12:00:00,45.85,index,valid,synthetic_energy,5.6,0,5.6,12880
ENERGY-SOLAR_HOURLY-00-37,ST0101,DBN,KV1,active,2026-08-19-13,2026-08-19 13:00:00,31.76,index,valid,synthetic_energy,5.5,0,5.5,12650
ENERGY-SOLAR_HOURLY-00-38,ST0101,DBN,KV1,active,2026-08-19-14,2026-08-19 14:00:00,71.12,index,valid,synthetic_energy,7.64,0,7.64,17572
ENERGY-SOLAR_HOURLY-00-39,ST0101,DBN,KV1,active,2026-08-19-15,2026-08-19 15:00:00,51.69,index,valid,synthetic_energy,6.46,0,6.46,14858
ENERGY-SOLAR_HOURLY-00-40,ST0101,DBN,KV1,active,2026-08-19-16,2026-08-19 16:00:00,45.63,index,valid,synthetic_energy,6.89,0,6.89,15847
ENERGY-SOLAR_HOURLY-00-41,ST0101,DBN,KV1,active,2026-08-19-17,2026-08-19 17:00:00,39.83,index,valid,synthetic_energy,6.71,0,6.71,15433
ENERGY-SOLAR_HOURLY-00-42,ST0101,DBN,KV1,active,2026-08-19-18,2026-08-19 18:00:00,75.91,index,valid,synthetic_energy,6.35,0,6.35,14605
ENERGY-SOLAR_HOURLY-00-43,ST0101,DBN,KV1,active,2026-08-19-19,2026-08-19 19:00:00,16.46,index,valid,synthetic_energy,6.79,0,6.79,15617
ENERGY-SOLAR_HOURLY-00-44,ST0101,DBN,KV1,active,2026-08-19-20,2026-08-19 20:00:00,27.07,index,valid,synthetic_energy,3.25,0,3.25,7475
ENERGY-SOLAR_HOURLY-00-45,ST0101,DBN,KV1,active,2026-08-19-21,2026-08-19 21:00:00,58.25,index,valid,synthetic_energy,4.78,0,4.78,10994
ENERGY-SOLAR_HOURLY-00-46,ST0101,DBN,KV1,active,2026-08-19-22,2026-08-19 22:00:00,53.22,index,valid,synthetic_energy,5.85,0,5.85,13455
ENERGY-SOLAR_HOURLY-00-47,ST0101,DBN,KV1,active,2026-08-19-23,2026-08-19 23:00:00,20.16,index,valid,synthetic_energy,5.07,0,5.07,11661
ENERGY-SOLAR_HOURLY-00-48,ST0101,DBN,KV1,active,2026-08-20-00,2026-08-20 00:00:00,44.7,index,valid,synthetic_energy,5.65,0,5.65,12995
ENERGY-SOLAR_HOURLY-00-49,ST0101,DBN,KV1,active,2026-08-20-01,2026-08-20 01:00:00,77.96,index,valid,synthetic_energy,7.57,0,7.57,17411
ENERGY-SOLAR_HOURLY-00-50,ST0101,DBN,KV1,active,2026-08-20-02,2026-08-20 02:00:00,48.77,index,valid,synthetic_energy,5.79,0,5.79,13317
ENERGY-SOLAR_HOURLY-00-51,ST0101,DBN,KV1,active,2026-08-20-03,2026-08-20 03:00:00,62.78,index,valid,synthetic_energy,7.03,0,7.03,16169
ENERGY-SOLAR_HOURLY-00-52,ST0101,DBN,KV1,active,2026-08-20-04,2026-08-20 04:00:00,30.85,index,valid,synthetic_energy,3.12,0,3.12,7176
ENERGY-SOLAR_HOURLY-00-53,ST0101,DBN,KV1,active,2026-08-20-05,2026-08-20 05:00:00,16.25,index,valid,synthetic_energy,3.6,0,3.6,8280
ENERGY-SOLAR_HOURLY-00-54,ST0101,DBN,KV1,active,2026-08-20-06,2026-08-20 06:00:00,28.54,index,valid,synthetic_energy,3.51,0,3.51,8073
ENERGY-SOLAR_HOURLY-00-55,ST0101,DBN,KV1,active,2026-08-20-07,2026-08-20 07:00:00,42.71,index,valid,synthetic_energy,3.69,0,3.69,8487
ENERGY-SOLAR_HOURLY-00-56,ST0101,DBN,KV1,active,2026-08-20-08,2026-08-20 08:00:00,54.41,index,valid,synthetic_energy,7.92,0,7.92,18216
ENERGY-SOLAR_HOURLY-00-57,ST0101,DBN,KV1,active,2026-08-20-09,2026-08-20 09:00:00,62.96,index,valid,synthetic_energy,7.11,0,7.11,16353
ENERGY-SOLAR_HOURLY-00-58,ST0101,DBN,KV1,active,2026-08-20-10,2026-08-20 10:00:00,42.25,index,valid,synthetic_energy,3.08,0,3.08,7084
ENERGY-SOLAR_HOURLY-00-59,ST0101,DBN,KV1,active,2026-08-20-11,2026-08-20 11:00:00,44.09,index,valid,synthetic_energy,6.97,0,6.97,16031
ENERGY-SOLAR_HOURLY-00-60,ST0101,DBN,KV1,active,2026-08-20-12,2026-08-20 12:00:00,17.02,index,valid,synthetic_energy,3.75,0,3.75,8625
ENERGY-SOLAR_HOURLY-00-61,ST0101,DBN,KV1,active,2026-08-20-13,2026-08-20 13:00:00,38.67,index,valid,synthetic_energy,3.36,0,3.36,7728
ENERGY-SOLAR_HOURLY-00-62,ST0101,DBN,KV1,active,2026-08-20-14,2026-08-20 14:00:00,43.92,index,valid,synthetic_energy,3.04,0,3.04,6992
ENERGY-SOLAR_HOURLY-00-63,ST0101,DBN,KV1,active,2026-08-20-15,2026-08-20 15:00:00,15.6,index,valid,synthetic_energy,3.82,0,3.82,8786
ENERGY-SOLAR_HOURLY-00-64,ST0101,DBN,KV1,active,2026-08-20-16,2026-08-20 16:00:00,54.94,index,valid,synthetic_energy,4.74,0,4.74,10902
ENERGY-SOLAR_HOURLY-00-65,ST0101,DBN,KV1,active,2026-08-20-17,2026-08-20 17:00:00,75.6,index,valid,synthetic_energy,7.3,0,7.3,16790
ENERGY-SOLAR_HOURLY-00-66,ST0101,DBN,KV1,active,2026-08-20-18,2026-08-20 18:00:00,33.47,index,valid,synthetic_energy,7.23,0,7.23,16629
ENERGY-SOLAR_HOURLY-00-67,ST0101,DBN,KV1,active,2026-08-20-19,2026-08-20 19:00:00,68.83,index,valid,synthetic_energy,3.97,0,3.97,9131
ENERGY-SOLAR_HOURLY-00-68,ST0101,DBN,KV1,active,2026-08-20-20,2026-08-20 20:00:00,45.21,index,valid,synthetic_energy,7.75,0,7.75,17825
ENERGY-SOLAR_HOURLY-00-69,ST0101,DBN,KV1,active,2026-08-20-21,2026-08-20 21:00:00,32.32,index,valid,synthetic_energy,3.61,0,3.61,8303
ENERGY-SOLAR_HOURLY-00-70,ST0101,DBN,KV1,active,2026-08-20-22,2026-08-20 22:00:00,82.23,index,valid,synthetic_energy,3.66,0,3.66,8418
ENERGY-SOLAR_HOURLY-00-71,ST0101,DBN,KV1,active,2026-08-20-23,2026-08-20 23:00:00,17.01,index,valid,synthetic_energy,6.99,0,6.99,16077
ENERGY-SOLAR_HOURLY-01-00,ST0202,SLA,KV1,active,2026-08-18-00,2026-08-18 00:00:00,24.14,index,valid,synthetic_energy,4.55,0,4.55,10465
ENERGY-SOLAR_HOURLY-01-01,ST0202,SLA,KV1,active,2026-08-18-01,2026-08-18 01:00:00,40.78,index,valid,synthetic_energy,3.89,0,3.89,8947
ENERGY-SOLAR_HOURLY-01-02,ST0202,SLA,KV1,active,2026-08-18-02,2026-08-18 02:00:00,25.15,index,valid,synthetic_energy,3.69,0,3.69,8487
ENERGY-SOLAR_HOURLY-01-03,ST0202,SLA,KV1,active,2026-08-18-03,2026-08-18 03:00:00,53.48,index,valid,synthetic_energy,3.01,0,3.01,6923
ENERGY-SOLAR_HOURLY-01-04,ST0202,SLA,KV1,active,2026-08-18-04,2026-08-18 04:00:00,44.82,index,valid,synthetic_energy,3.47,0,3.47,7981
ENERGY-SOLAR_HOURLY-01-05,ST0202,SLA,KV1,active,2026-08-18-05,2026-08-18 05:00:00,61.81,index,valid,synthetic_energy,5.0,0,5.0,11500
ENERGY-SOLAR_HOURLY-01-06,ST0202,SLA,KV1,active,2026-08-18-06,2026-08-18 06:00:00,63.27,index,valid,synthetic_energy,6.98,0,6.98,16054
ENERGY-SOLAR_HOURLY-01-07,ST0202,SLA,KV1,active,2026-08-18-07,2026-08-18 07:00:00,26.89,index,valid,synthetic_energy,5.56,0,5.56,12788
ENERGY-SOLAR_HOURLY-01-08,ST0202,SLA,KV1,active,2026-08-18-08,2026-08-18 08:00:00,61.97,index,valid,synthetic_energy,5.82,0,5.82,13386
ENERGY-SOLAR_HOURLY-01-09,ST0202,SLA,KV1,active,2026-08-18-09,2026-08-18 09:00:00,78.24,index,valid,synthetic_energy,5.93,0,5.93,13639
ENERGY-SOLAR_HOURLY-01-10,ST0202,SLA,KV1,active,2026-08-18-10,2026-08-18 10:00:00,24.72,index,valid,synthetic_energy,5.82,0,5.82,13386
ENERGY-SOLAR_HOURLY-01-11,ST0202,SLA,KV1,active,2026-08-18-11,2026-08-18 11:00:00,71.73,index,valid,synthetic_energy,3.87,0,3.87,8901
ENERGY-SOLAR_HOURLY-01-12,ST0202,SLA,KV1,active,2026-08-18-12,2026-08-18 12:00:00,27.77,index,valid,synthetic_energy,4.11,0,4.11,9453
ENERGY-SOLAR_HOURLY-01-13,ST0202,SLA,KV1,active,2026-08-18-13,2026-08-18 13:00:00,47.01,index,valid,synthetic_energy,3.67,0,3.67,8441
ENERGY-SOLAR_HOURLY-01-14,ST0202,SLA,KV1,active,2026-08-18-14,2026-08-18 14:00:00,21.43,index,valid,synthetic_energy,3.29,0,3.29,7567
ENERGY-SOLAR_HOURLY-01-15,ST0202,SLA,KV1,active,2026-08-18-15,2026-08-18 15:00:00,52.18,index,valid,synthetic_energy,4.54,0,4.54,10442
ENERGY-SOLAR_HOURLY-01-16,ST0202,SLA,KV1,active,2026-08-18-16,2026-08-18 16:00:00,76.55,index,valid,synthetic_energy,4.68,0,4.68,10764
ENERGY-SOLAR_HOURLY-01-17,ST0202,SLA,KV1,active,2026-08-18-17,2026-08-18 17:00:00,37.38,index,valid,synthetic_energy,3.27,0,3.27,7521
ENERGY-SOLAR_HOURLY-01-18,ST0202,SLA,KV1,active,2026-08-18-18,2026-08-18 18:00:00,68.84,index,valid,synthetic_energy,6.03,0,6.03,13869
ENERGY-SOLAR_HOURLY-01-19,ST0202,SLA,KV1,active,2026-08-18-19,2026-08-18 19:00:00,44.18,index,valid,synthetic_energy,4.21,0,4.21,9683
ENERGY-SOLAR_HOURLY-01-20,ST0202,SLA,KV1,active,2026-08-18-20,2026-08-18 20:00:00,39.45,index,valid,synthetic_energy,4.34,0,4.34,9982
ENERGY-SOLAR_HOURLY-01-21,ST0202,SLA,KV1,active,2026-08-18-21,2026-08-18 21:00:00,43.27,index,valid,synthetic_energy,5.43,0,5.43,12489
ENERGY-SOLAR_HOURLY-01-22,ST0202,SLA,KV1,active,2026-08-18-22,2026-08-18 22:00:00,18.56,index,valid,synthetic_energy,4.32,0,4.32,9936
ENERGY-SOLAR_HOURLY-01-23,ST0202,SLA,KV1,active,2026-08-18-23,2026-08-18 23:00:00,33.56,index,valid,synthetic_energy,6.94,0,6.94,15962
ENERGY-SOLAR_HOURLY-01-24,ST0202,SLA,KV1,active,2026-08-19-00,2026-08-19 00:00:00,22.49,index,valid,synthetic_energy,4.75,0,4.75,10925
ENERGY-SOLAR_HOURLY-01-25,ST0202,SLA,KV1,active,2026-08-19-01,2026-08-19 01:00:00,65.39,index,valid,synthetic_energy,5.57,0,5.57,12811
ENERGY-SOLAR_HOURLY-01-26,ST0202,SLA,KV1,active,2026-08-19-02,2026-08-19 02:00:00,45.87,index,valid,synthetic_energy,3.48,0,3.48,8004
ENERGY-SOLAR_HOURLY-01-27,ST0202,SLA,KV1,active,2026-08-19-03,2026-08-19 03:00:00,66.05,index,valid,synthetic_energy,4.44,0,4.44,10212
ENERGY-SOLAR_HOURLY-01-28,ST0202,SLA,KV1,active,2026-08-19-04,2026-08-19 04:00:00,19.34,index,valid,synthetic_energy,6.2,0,6.2,14260
ENERGY-SOLAR_HOURLY-01-29,ST0202,SLA,KV1,active,2026-08-19-05,2026-08-19 05:00:00,69.65,index,valid,synthetic_energy,3.81,0,3.81,8763
ENERGY-SOLAR_HOURLY-01-30,ST0202,SLA,KV1,active,2026-08-19-06,2026-08-19 06:00:00,45.39,index,valid,synthetic_energy,7.3,0,7.3,16790
ENERGY-SOLAR_HOURLY-01-31,ST0202,SLA,KV1,active,2026-08-19-07,2026-08-19 07:00:00,50.73,index,valid,synthetic_energy,7.15,0,7.15,16445
ENERGY-SOLAR_HOURLY-01-32,ST0202,SLA,KV1,active,2026-08-19-08,2026-08-19 08:00:00,65.47,index,valid,synthetic_energy,3.56,0,3.56,8188
ENERGY-SOLAR_HOURLY-01-33,ST0202,SLA,KV1,active,2026-08-19-09,2026-08-19 09:00:00,20.7,index,valid,synthetic_energy,6.0,0,6.0,13800
ENERGY-SOLAR_HOURLY-01-34,ST0202,SLA,KV1,active,2026-08-19-10,2026-08-19 10:00:00,22.71,index,valid,synthetic_energy,6.1,0,6.1,14030
ENERGY-SOLAR_HOURLY-01-35,ST0202,SLA,KV1,active,2026-08-19-11,2026-08-19 11:00:00,60.55,index,valid,synthetic_energy,4.53,0,4.53,10419
ENERGY-SOLAR_HOURLY-01-36,ST0202,SLA,KV1,active,2026-08-19-12,2026-08-19 12:00:00,68.46,index,valid,synthetic_energy,3.89,0,3.89,8947
ENERGY-SOLAR_HOURLY-01-37,ST0202,SLA,KV1,active,2026-08-19-13,2026-08-19 13:00:00,74.28,index,valid,synthetic_energy,4.81,0,4.81,11063
ENERGY-SOLAR_HOURLY-01-38,ST0202,SLA,KV1,active,2026-08-19-14,2026-08-19 14:00:00,71.2,index,valid,synthetic_energy,3.59,0,3.59,8257
ENERGY-SOLAR_HOURLY-01-39,ST0202,SLA,KV1,active,2026-08-19-15,2026-08-19 15:00:00,25.83,index,valid,synthetic_energy,6.52,0,6.52,14996
ENERGY-SOLAR_HOURLY-01-40,ST0202,SLA,KV1,active,2026-08-19-16,2026-08-19 16:00:00,40.34,index,valid,synthetic_energy,6.58,0,6.58,15134
ENERGY-SOLAR_HOURLY-01-41,ST0202,SLA,KV1,active,2026-08-19-17,2026-08-19 17:00:00,35.72,index,valid,synthetic_energy,5.24,0,5.24,12052
ENERGY-SOLAR_HOURLY-01-42,ST0202,SLA,KV1,active,2026-08-19-18,2026-08-19 18:00:00,46.01,index,valid,synthetic_energy,6.93,0,6.93,15939
ENERGY-SOLAR_HOURLY-01-43,ST0202,SLA,KV1,active,2026-08-19-19,2026-08-19 19:00:00,67.13,index,valid,synthetic_energy,4.45,0,4.45,10235
ENERGY-SOLAR_HOURLY-01-44,ST0202,SLA,KV1,active,2026-08-19-20,2026-08-19 20:00:00,38.14,index,valid,synthetic_energy,3.72,0,3.72,8556
ENERGY-SOLAR_HOURLY-01-45,ST0202,SLA,KV1,degraded,2026-08-19-21,2026-08-19 21:00:00,47.68,index,degraded,synthetic_energy,3.17,2,5.17,15291
ENERGY-SOLAR_HOURLY-01-46,ST0202,SLA,KV1,active,2026-08-19-22,2026-08-19 22:00:00,56.37,index,valid,synthetic_energy,5.61,0,5.61,12903
ENERGY-SOLAR_HOURLY-01-47,ST0202,SLA,KV1,active,2026-08-19-23,2026-08-19 23:00:00,25.03,index,valid,synthetic_energy,7.69,0,7.69,17687
ENERGY-SOLAR_HOURLY-01-48,ST0202,SLA,KV1,active,2026-08-20-00,2026-08-20 00:00:00,40.99,index,valid,synthetic_energy,5.45,0,5.45,12535
ENERGY-SOLAR_HOURLY-01-49,ST0202,SLA,KV1,active,2026-08-20-01,2026-08-20 01:00:00,45.05,index,valid,synthetic_energy,6.38,0,6.38,14674
ENERGY-SOLAR_HOURLY-01-50,ST0202,SLA,KV1,active,2026-08-20-02,2026-08-20 02:00:00,24.4,index,valid,synthetic_energy,5.37,0,5.37,12351
ENERGY-SOLAR_HOURLY-01-51,ST0202,SLA,KV1,active,2026-08-20-03,2026-08-20 03:00:00,61.87,index,valid,synthetic_energy,3.5,0,3.5,8050
ENERGY-SOLAR_HOURLY-01-52,ST0202,SLA,KV1,active,2026-08-20-04,2026-08-20 04:00:00,33.6,index,valid,synthetic_energy,3.22,0,3.22,7406
ENERGY-SOLAR_HOURLY-01-53,ST0202,SLA,KV1,active,2026-08-20-05,2026-08-20 05:00:00,78.88,index,valid,synthetic_energy,7.67,0,7.67,17641
ENERGY-SOLAR_HOURLY-01-54,ST0202,SLA,KV1,active,2026-08-20-06,2026-08-20 06:00:00,35.41,index,valid,synthetic_energy,6.1,0,6.1,14030
ENERGY-SOLAR_HOURLY-01-55,ST0202,SLA,KV1,active,2026-08-20-07,2026-08-20 07:00:00,56.87,index,valid,synthetic_energy,6.27,0,6.27,14421
ENERGY-SOLAR_HOURLY-01-56,ST0202,SLA,KV1,active,2026-08-20-08,2026-08-20 08:00:00,34.34,index,valid,synthetic_energy,5.68,0,5.68,13064
ENERGY-SOLAR_HOURLY-01-57,ST0202,SLA,KV1,active,2026-08-20-09,2026-08-20 09:00:00,22.86,index,valid,synthetic_energy,3.1,0,3.1,7130
ENERGY-SOLAR_HOURLY-01-58,ST0202,SLA,KV1,active,2026-08-20-10,2026-08-20 10:00:00,74.37,index,valid,synthetic_energy,3.95,0,3.95,9085
ENERGY-SOLAR_HOURLY-01-59,ST0202,SLA,KV1,active,2026-08-20-11,2026-08-20 11:00:00,21.55,index,valid,synthetic_energy,3.33,0,3.33,7659
ENERGY-SOLAR_HOURLY-01-60,ST0202,SLA,KV1,active,2026-08-20-12,2026-08-20 12:00:00,81.46,index,valid,synthetic_energy,7.57,0,7.57,17411
ENERGY-SOLAR_HOURLY-01-61,ST0202,SLA,KV1,active,2026-08-20-13,2026-08-20 13:00:00,38.37,index,valid,synthetic_energy,5.53,0,5.53,12719
ENERGY-SOLAR_HOURLY-01-62,ST0202,SLA,KV1,active,2026-08-20-14,2026-08-20 14:00:00,29.17,index,valid,synthetic_energy,3.62,0,3.62,8326
ENERGY-SOLAR_HOURLY-01-63,ST0202,SLA,KV1,active,2026-08-20-15,2026-08-20 15:00:00,27.5,index,valid,synthetic_energy,6.02,0,6.02,13846
ENERGY-SOLAR_HOURLY-01-64,ST0202,SLA,KV1,active,2026-08-20-16,2026-08-20 16:00:00,77.61,index,valid,synthetic_energy,4.16,0,4.16,9568
ENERGY-SOLAR_HOURLY-01-65,ST0202,SLA,KV1,active,2026-08-20-17,2026-08-20 17:00:00,20.78,index,valid,synthetic_energy,6.9,0,6.9,15870
ENERGY-SOLAR_HOURLY-01-66,ST0202,SLA,KV1,active,2026-08-20-18,2026-08-20 18:00:00,32.09,index,valid,synthetic_energy,7.76,0,7.76,17848
ENERGY-SOLAR_HOURLY-01-67,ST0202,SLA,KV1,active,2026-08-20-19,2026-08-20 19:00:00,21.65,index,valid,synthetic_energy,7.02,0,7.02,16146
ENERGY-SOLAR_HOURLY-01-68,ST0202,SLA,KV1,active,2026-08-20-20,2026-08-20 20:00:00,57.15,index,valid,synthetic_energy,3.58,0,3.58,8234
ENERGY-SOLAR_HOURLY-01-69,ST0202,SLA,KV1,active,2026-08-20-21,2026-08-20 21:00:00,33.23,index,valid,synthetic_energy,5.81,0,5.81,13363
ENERGY-SOLAR_HOURLY-01-70,ST0202,SLA,KV1,active,2026-08-20-22,2026-08-20 22:00:00,34.28,index,valid,synthetic_energy,7.88,0,7.88,18124
ENERGY-SOLAR_HOURLY-01-71,ST0202,SLA,KV1,active,2026-08-20-23,2026-08-20 23:00:00,84.66,index,valid,synthetic_energy,5.64,0,5.64,12972
ENERGY-SOLAR_HOURLY-02-00,ST0301,CMU,KV3,active,2026-08-18-00,2026-08-18 00:00:00,68.29,index,valid,synthetic_energy,3.33,0,3.33,7659
ENERGY-SOLAR_HOURLY-02-01,ST0301,CMU,KV3,active,2026-08-18-01,2026-08-18 01:00:00,55.76,index,valid,synthetic_energy,5.06,0,5.06,11638
ENERGY-SOLAR_HOURLY-02-02,ST0301,CMU,KV3,active,2026-08-18-02,2026-08-18 02:00:00,64.55,index,valid,synthetic_energy,3.99,0,3.99,9177
ENERGY-SOLAR_HOURLY-02-03,ST0301,CMU,KV3,active,2026-08-18-03,2026-08-18 03:00:00,63.01,index,valid,synthetic_energy,5.1,0,5.1,11730
ENERGY-SOLAR_HOURLY-02-04,ST0301,CMU,KV3,active,2026-08-18-04,2026-08-18 04:00:00,70.48,index,valid,synthetic_energy,6.21,0,6.21,14283
ENERGY-SOLAR_HOURLY-02-05,ST0301,CMU,KV3,active,2026-08-18-05,2026-08-18 05:00:00,49.44,index,valid,synthetic_energy,4.48,0,4.48,10304
ENERGY-SOLAR_HOURLY-02-06,ST0301,CMU,KV3,active,2026-08-18-06,2026-08-18 06:00:00,63.38,index,valid,synthetic_energy,3.6,0,3.6,8280
ENERGY-SOLAR_HOURLY-02-07,ST0301,CMU,KV3,active,2026-08-18-07,2026-08-18 07:00:00,32.06,index,valid,synthetic_energy,5.66,0,5.66,13018
ENERGY-SOLAR_HOURLY-02-08,ST0301,CMU,KV3,active,2026-08-18-08,2026-08-18 08:00:00,38.92,index,valid,synthetic_energy,6.01,0,6.01,13823
ENERGY-SOLAR_HOURLY-02-09,ST0301,CMU,KV3,active,2026-08-18-09,2026-08-18 09:00:00,68.44,index,valid,synthetic_energy,3.73,0,3.73,8579
ENERGY-SOLAR_HOURLY-02-10,ST0301,CMU,KV3,active,2026-08-18-10,2026-08-18 10:00:00,48.06,index,valid,synthetic_energy,3.18,0,3.18,7314
ENERGY-SOLAR_HOURLY-02-11,ST0301,CMU,KV3,active,2026-08-18-11,2026-08-18 11:00:00,19.18,index,valid,synthetic_energy,3.62,0,3.62,8326
ENERGY-SOLAR_HOURLY-02-12,ST0301,CMU,KV3,active,2026-08-18-12,2026-08-18 12:00:00,57.53,index,valid,synthetic_energy,6.38,0,6.38,14674
ENERGY-SOLAR_HOURLY-02-13,ST0301,CMU,KV3,active,2026-08-18-13,2026-08-18 13:00:00,30.1,index,valid,synthetic_energy,7.27,0,7.27,16721
ENERGY-SOLAR_HOURLY-02-14,ST0301,CMU,KV3,active,2026-08-18-14,2026-08-18 14:00:00,43.39,index,valid,synthetic_energy,5.72,0,5.72,13156
ENERGY-SOLAR_HOURLY-02-15,ST0301,CMU,KV3,active,2026-08-18-15,2026-08-18 15:00:00,46.99,index,valid,synthetic_energy,3.63,0,3.63,8349
ENERGY-SOLAR_HOURLY-02-16,ST0301,CMU,KV3,active,2026-08-18-16,2026-08-18 16:00:00,66.46,index,valid,synthetic_energy,5.83,0,5.83,13409
ENERGY-SOLAR_HOURLY-02-17,ST0301,CMU,KV3,active,2026-08-18-17,2026-08-18 17:00:00,74.07,index,valid,synthetic_energy,5.6,0,5.6,12880
ENERGY-SOLAR_HOURLY-02-18,ST0301,CMU,KV3,active,2026-08-18-18,2026-08-18 18:00:00,60.52,index,valid,synthetic_energy,4.95,0,4.95,11385
ENERGY-SOLAR_HOURLY-02-19,ST0301,CMU,KV3,active,2026-08-18-19,2026-08-18 19:00:00,70.41,index,valid,synthetic_energy,4.88,0,4.88,11224
ENERGY-SOLAR_HOURLY-02-20,ST0301,CMU,KV3,active,2026-08-18-20,2026-08-18 20:00:00,51.76,index,valid,synthetic_energy,4.83,0,4.83,11109
ENERGY-SOLAR_HOURLY-02-21,ST0301,CMU,KV3,active,2026-08-18-21,2026-08-18 21:00:00,57.01,index,valid,synthetic_energy,5.63,0,5.63,12949
ENERGY-SOLAR_HOURLY-02-22,ST0301,CMU,KV3,active,2026-08-18-22,2026-08-18 22:00:00,54.12,index,valid,synthetic_energy,3.02,0,3.02,6946
ENERGY-SOLAR_HOURLY-02-23,ST0301,CMU,KV3,active,2026-08-18-23,2026-08-18 23:00:00,29.5,index,valid,synthetic_energy,6.37,0,6.37,14651
ENERGY-SOLAR_HOURLY-02-24,ST0301,CMU,KV3,active,2026-08-19-00,2026-08-19 00:00:00,28.02,index,valid,synthetic_energy,4.12,0,4.12,9476
ENERGY-SOLAR_HOURLY-02-25,ST0301,CMU,KV3,active,2026-08-19-01,2026-08-19 01:00:00,24.93,index,valid,synthetic_energy,3.71,0,3.71,8533
ENERGY-SOLAR_HOURLY-02-26,ST0301,CMU,KV3,active,2026-08-19-02,2026-08-19 02:00:00,61.83,index,valid,synthetic_energy,6.29,0,6.29,14467
ENERGY-SOLAR_HOURLY-02-27,ST0301,CMU,KV3,active,2026-08-19-03,2026-08-19 03:00:00,63.67,index,valid,synthetic_energy,4.47,0,4.47,10281
ENERGY-SOLAR_HOURLY-02-28,ST0301,CMU,KV3,active,2026-08-19-04,2026-08-19 04:00:00,31.56,index,valid,synthetic_energy,6.02,0,6.02,13846
ENERGY-SOLAR_HOURLY-02-29,ST0301,CMU,KV3,active,2026-08-19-05,2026-08-19 05:00:00,57.77,index,valid,synthetic_energy,3.99,0,3.99,9177
ENERGY-SOLAR_HOURLY-02-30,ST0301,CMU,KV3,active,2026-08-19-06,2026-08-19 06:00:00,79.08,index,valid,synthetic_energy,6.27,0,6.27,14421
ENERGY-SOLAR_HOURLY-02-31,ST0301,CMU,KV3,active,2026-08-19-07,2026-08-19 07:00:00,66.15,index,valid,synthetic_energy,7.74,0,7.74,17802
ENERGY-SOLAR_HOURLY-02-32,ST0301,CMU,KV3,active,2026-08-19-08,2026-08-19 08:00:00,35.41,index,valid,synthetic_energy,5.67,0,5.67,13041
ENERGY-SOLAR_HOURLY-02-33,ST0301,CMU,KV3,active,2026-08-19-09,2026-08-19 09:00:00,70.78,index,valid,synthetic_energy,4.06,0,4.06,9338
ENERGY-SOLAR_HOURLY-02-34,ST0301,CMU,KV3,active,2026-08-19-10,2026-08-19 10:00:00,29.55,index,valid,synthetic_energy,5.26,0,5.26,12098
ENERGY-SOLAR_HOURLY-02-35,ST0301,CMU,KV3,active,2026-08-19-11,2026-08-19 11:00:00,23.57,index,valid,synthetic_energy,7.55,0,7.55,17365
ENERGY-SOLAR_HOURLY-02-36,ST0301,CMU,KV3,active,2026-08-19-12,2026-08-19 12:00:00,77.37,index,valid,synthetic_energy,6.64,0,6.64,15272
ENERGY-SOLAR_HOURLY-02-37,ST0301,CMU,KV3,active,2026-08-19-13,2026-08-19 13:00:00,63.81,index,valid,synthetic_energy,4.76,0,4.76,10948
ENERGY-SOLAR_HOURLY-02-38,ST0301,CMU,KV3,active,2026-08-19-14,2026-08-19 14:00:00,69.58,index,valid,synthetic_energy,6.95,0,6.95,15985
ENERGY-SOLAR_HOURLY-02-39,ST0301,CMU,KV3,active,2026-08-19-15,2026-08-19 15:00:00,21.34,index,valid,synthetic_energy,7.65,0,7.65,17595
ENERGY-SOLAR_HOURLY-02-40,ST0301,CMU,KV3,active,2026-08-19-16,2026-08-19 16:00:00,84.12,index,valid,synthetic_energy,7.33,0,7.33,16859
ENERGY-SOLAR_HOURLY-02-41,ST0301,CMU,KV3,active,2026-08-19-17,2026-08-19 17:00:00,75.48,index,valid,synthetic_energy,3.42,0,3.42,7866
ENERGY-SOLAR_HOURLY-02-42,ST0301,CMU,KV3,active,2026-08-19-18,2026-08-19 18:00:00,33.26,index,valid,synthetic_energy,5.09,0,5.09,11707
ENERGY-SOLAR_HOURLY-02-43,ST0301,CMU,KV3,active,2026-08-19-19,2026-08-19 19:00:00,45.59,index,valid,synthetic_energy,7.4,0,7.4,17020
ENERGY-SOLAR_HOURLY-02-44,ST0301,CMU,KV3,active,2026-08-19-20,2026-08-19 20:00:00,31.0,index,valid,synthetic_energy,3.19,0,3.19,7337
ENERGY-SOLAR_HOURLY-02-45,ST0301,CMU,KV3,active,2026-08-19-21,2026-08-19 21:00:00,83.48,index,valid,synthetic_energy,6.58,0,6.58,15134
ENERGY-SOLAR_HOURLY-02-46,ST0301,CMU,KV3,active,2026-08-19-22,2026-08-19 22:00:00,30.93,index,valid,synthetic_energy,4.52,0,4.52,10396
ENERGY-SOLAR_HOURLY-02-47,ST0301,CMU,KV3,active,2026-08-19-23,2026-08-19 23:00:00,81.0,index,valid,synthetic_energy,7.18,0,7.18,16514
ENERGY-SOLAR_HOURLY-02-48,ST0301,CMU,KV3,active,2026-08-20-00,2026-08-20 00:00:00,43.48,index,valid,synthetic_energy,3.62,0,3.62,8326
ENERGY-SOLAR_HOURLY-02-49,ST0301,CMU,KV3,active,2026-08-20-01,2026-08-20 01:00:00,64.34,index,valid,synthetic_energy,5.86,0,5.86,13478
ENERGY-SOLAR_HOURLY-02-50,ST0301,CMU,KV3,active,2026-08-20-02,2026-08-20 02:00:00,53.35,index,valid,synthetic_energy,3.88,0,3.88,8924
ENERGY-SOLAR_HOURLY-02-51,ST0301,CMU,KV3,active,2026-08-20-03,2026-08-20 03:00:00,30.76,index,valid,synthetic_energy,3.85,0,3.85,8855
ENERGY-SOLAR_HOURLY-02-52,ST0301,CMU,KV3,active,2026-08-20-04,2026-08-20 04:00:00,70.42,index,valid,synthetic_energy,6.19,0,6.19,14237
ENERGY-SOLAR_HOURLY-02-53,ST0301,CMU,KV3,active,2026-08-20-05,2026-08-20 05:00:00,44.76,index,valid,synthetic_energy,5.95,0,5.95,13685
ENERGY-SOLAR_HOURLY-02-54,ST0301,CMU,KV3,active,2026-08-20-06,2026-08-20 06:00:00,40.16,index,valid,synthetic_energy,6.58,0,6.58,15134
ENERGY-SOLAR_HOURLY-02-55,ST0301,CMU,KV3,active,2026-08-20-07,2026-08-20 07:00:00,60.56,index,valid,synthetic_energy,3.65,0,3.65,8395
ENERGY-SOLAR_HOURLY-02-56,ST0301,CMU,KV3,active,2026-08-20-08,2026-08-20 08:00:00,44.04,index,valid,synthetic_energy,7.54,0,7.54,17342
ENERGY-SOLAR_HOURLY-02-57,ST0301,CMU,KV3,active,2026-08-20-09,2026-08-20 09:00:00,62.0,index,valid,synthetic_energy,5.59,0,5.59,12857
ENERGY-SOLAR_HOURLY-02-58,ST0301,CMU,KV3,active,2026-08-20-10,2026-08-20 10:00:00,38.73,index,valid,synthetic_energy,5.11,0,5.11,11753
ENERGY-SOLAR_HOURLY-02-59,ST0301,CMU,KV3,active,2026-08-20-11,2026-08-20 11:00:00,58.65,index,valid,synthetic_energy,6.0,0,6.0,13800
ENERGY-SOLAR_HOURLY-02-60,ST0301,CMU,KV3,active,2026-08-20-12,2026-08-20 12:00:00,26.91,index,valid,synthetic_energy,6.37,0,6.37,14651
ENERGY-SOLAR_HOURLY-02-61,ST0301,CMU,KV3,active,2026-08-20-13,2026-08-20 13:00:00,32.03,index,valid,synthetic_energy,5.73,0,5.73,13179
ENERGY-SOLAR_HOURLY-02-62,ST0301,CMU,KV3,active,2026-08-20-14,2026-08-20 14:00:00,48.04,index,valid,synthetic_energy,5.9,0,5.9,13570
ENERGY-SOLAR_HOURLY-02-63,ST0301,CMU,KV3,active,2026-08-20-15,2026-08-20 15:00:00,46.14,index,valid,synthetic_energy,7.18,0,7.18,16514
ENERGY-SOLAR_HOURLY-02-64,ST0301,CMU,KV3,active,2026-08-20-16,2026-08-20 16:00:00,60.19,index,valid,synthetic_energy,5.47,0,5.47,12581
ENERGY-SOLAR_HOURLY-02-65,ST0301,CMU,KV3,active,2026-08-20-17,2026-08-20 17:00:00,43.29,index,valid,synthetic_energy,7.13,0,7.13,16399
ENERGY-SOLAR_HOURLY-02-66,ST0301,CMU,KV3,active,2026-08-20-18,2026-08-20 18:00:00,26.23,index,valid,synthetic_energy,3.76,0,3.76,8648
ENERGY-SOLAR_HOURLY-02-67,ST0301,CMU,KV3,active,2026-08-20-19,2026-08-20 19:00:00,43.53,index,valid,synthetic_energy,6.35,0,6.35,14605
ENERGY-SOLAR_HOURLY-02-68,ST0301,CMU,KV3,active,2026-08-20-20,2026-08-20 20:00:00,51.17,index,valid,synthetic_energy,3.4,0,3.4,7820
ENERGY-SOLAR_HOURLY-02-69,ST0301,CMU,KV3,active,2026-08-20-21,2026-08-20 21:00:00,71.87,index,valid,synthetic_energy,7.75,0,7.75,17825
ENERGY-SOLAR_HOURLY-02-70,ST0301,CMU,KV3,active,2026-08-20-22,2026-08-20 22:00:00,27.26,index,valid,synthetic_energy,6.84,0,6.84,15732
ENERGY-SOLAR_HOURLY-02-71,ST0301,CMU,KV3,active,2026-08-20-23,2026-08-20 23:00:00,30.34,index,valid,synthetic_energy,5.42,0,5.42,12466
ENERGY-SOLAR_HOURLY-03-00,ST0402,NBH,KV1,active,2026-08-18-00,2026-08-18 00:00:00,70.68,index,valid,synthetic_energy,3.37,0,3.37,7751
ENERGY-SOLAR_HOURLY-03-01,ST0402,NBH,KV1,active,2026-08-18-01,2026-08-18 01:00:00,31.37,index,valid,synthetic_energy,3.63,0,3.63,8349
ENERGY-SOLAR_HOURLY-03-02,ST0402,NBH,KV1,active,2026-08-18-02,2026-08-18 02:00:00,52.73,index,valid,synthetic_energy,6.0,0,6.0,13800
ENERGY-SOLAR_HOURLY-03-03,ST0402,NBH,KV1,active,2026-08-18-03,2026-08-18 03:00:00,31.97,index,valid,synthetic_energy,7.53,0,7.53,17319
ENERGY-SOLAR_HOURLY-03-04,ST0402,NBH,KV1,active,2026-08-18-04,2026-08-18 04:00:00,81.66,index,valid,synthetic_energy,7.65,0,7.65,17595
ENERGY-SOLAR_HOURLY-03-05,ST0402,NBH,KV1,active,2026-08-18-05,2026-08-18 05:00:00,46.17,index,valid,synthetic_energy,6.61,0,6.61,15203
ENERGY-SOLAR_HOURLY-03-06,ST0402,NBH,KV1,active,2026-08-18-06,2026-08-18 06:00:00,27.71,index,valid,synthetic_energy,3.53,0,3.53,8119
ENERGY-SOLAR_HOURLY-03-07,ST0402,NBH,KV1,active,2026-08-18-07,2026-08-18 07:00:00,61.4,index,valid,synthetic_energy,7.9,0,7.9,18170
ENERGY-SOLAR_HOURLY-03-08,ST0402,NBH,KV1,active,2026-08-18-08,2026-08-18 08:00:00,20.9,index,valid,synthetic_energy,7.37,0,7.37,16951
ENERGY-SOLAR_HOURLY-03-09,ST0402,NBH,KV1,active,2026-08-18-09,2026-08-18 09:00:00,35.77,index,valid,synthetic_energy,6.7,0,6.7,15410
ENERGY-SOLAR_HOURLY-03-10,ST0402,NBH,KV1,active,2026-08-18-10,2026-08-18 10:00:00,39.73,index,valid,synthetic_energy,5.52,0,5.52,12696
ENERGY-SOLAR_HOURLY-03-11,ST0402,NBH,KV1,active,2026-08-18-11,2026-08-18 11:00:00,56.91,index,valid,synthetic_energy,7.25,0,7.25,16675
ENERGY-SOLAR_HOURLY-03-12,ST0402,NBH,KV1,active,2026-08-18-12,2026-08-18 12:00:00,78.47,index,valid,synthetic_energy,3.83,0,3.83,8809
ENERGY-SOLAR_HOURLY-03-13,ST0402,NBH,KV1,active,2026-08-18-13,2026-08-18 13:00:00,68.15,index,valid,synthetic_energy,6.69,0,6.69,15387
ENERGY-SOLAR_HOURLY-03-14,ST0402,NBH,KV1,active,2026-08-18-14,2026-08-18 14:00:00,21.56,index,valid,synthetic_energy,6.23,0,6.23,14329
ENERGY-SOLAR_HOURLY-03-15,ST0402,NBH,KV1,active,2026-08-18-15,2026-08-18 15:00:00,83.11,index,valid,synthetic_energy,5.13,0,5.13,11799
ENERGY-SOLAR_HOURLY-03-16,ST0402,NBH,KV1,active,2026-08-18-16,2026-08-18 16:00:00,57.57,index,valid,synthetic_energy,5.77,0,5.77,13271
ENERGY-SOLAR_HOURLY-03-17,ST0402,NBH,KV1,active,2026-08-18-17,2026-08-18 17:00:00,15.67,index,valid,synthetic_energy,4.88,0,4.88,11224
ENERGY-SOLAR_HOURLY-03-18,ST0402,NBH,KV1,active,2026-08-18-18,2026-08-18 18:00:00,62.43,index,valid,synthetic_energy,6.42,0,6.42,14766
ENERGY-SOLAR_HOURLY-03-19,ST0402,NBH,KV1,active,2026-08-18-19,2026-08-18 19:00:00,66.66,index,valid,synthetic_energy,4.6,0,4.6,10580
ENERGY-SOLAR_HOURLY-03-20,ST0402,NBH,KV1,active,2026-08-18-20,2026-08-18 20:00:00,54.81,index,valid,synthetic_energy,7.49,0,7.49,17227
ENERGY-SOLAR_HOURLY-03-21,ST0402,NBH,KV1,active,2026-08-18-21,2026-08-18 21:00:00,40.06,index,valid,synthetic_energy,4.03,0,4.03,9269
ENERGY-SOLAR_HOURLY-03-22,ST0402,NBH,KV1,active,2026-08-18-22,2026-08-18 22:00:00,27.48,index,valid,synthetic_energy,4.2,0,4.2,9660
ENERGY-SOLAR_HOURLY-03-23,ST0402,NBH,KV1,active,2026-08-18-23,2026-08-18 23:00:00,50.5,index,valid,synthetic_energy,5.81,0,5.81,13363
ENERGY-SOLAR_HOURLY-03-24,ST0402,NBH,KV1,active,2026-08-19-00,2026-08-19 00:00:00,26.01,index,valid,synthetic_energy,6.37,0,6.37,14651
ENERGY-SOLAR_HOURLY-03-25,ST0402,NBH,KV1,active,2026-08-19-01,2026-08-19 01:00:00,32.58,index,valid,synthetic_energy,7.92,0,7.92,18216
ENERGY-SOLAR_HOURLY-03-26,ST0402,NBH,KV1,active,2026-08-19-02,2026-08-19 02:00:00,61.27,index,valid,synthetic_energy,6.83,0,6.83,15709
ENERGY-SOLAR_HOURLY-03-27,ST0402,NBH,KV1,active,2026-08-19-03,2026-08-19 03:00:00,71.19,index,valid,synthetic_energy,3.6,0,3.6,8280
ENERGY-SOLAR_HOURLY-03-28,ST0402,NBH,KV1,active,2026-08-19-04,2026-08-19 04:00:00,21.13,index,valid,synthetic_energy,5.02,0,5.02,11546
ENERGY-SOLAR_HOURLY-03-29,ST0402,NBH,KV1,active,2026-08-19-05,2026-08-19 05:00:00,17.29,index,valid,synthetic_energy,6.01,0,6.01,13823
ENERGY-SOLAR_HOURLY-03-30,ST0402,NBH,KV1,active,2026-08-19-06,2026-08-19 06:00:00,17.49,index,valid,synthetic_energy,4.11,0,4.11,9453
ENERGY-SOLAR_HOURLY-03-31,ST0402,NBH,KV1,active,2026-08-19-07,2026-08-19 07:00:00,84.84,index,valid,synthetic_energy,4.99,0,4.99,11477
ENERGY-SOLAR_HOURLY-03-32,ST0402,NBH,KV1,active,2026-08-19-08,2026-08-19 08:00:00,21.22,index,valid,synthetic_energy,6.99,0,6.99,16077
ENERGY-SOLAR_HOURLY-03-33,ST0402,NBH,KV1,active,2026-08-19-09,2026-08-19 09:00:00,41.91,index,valid,synthetic_energy,4.59,0,4.59,10557
ENERGY-SOLAR_HOURLY-03-34,ST0402,NBH,KV1,active,2026-08-19-10,2026-08-19 10:00:00,73.36,index,valid,synthetic_energy,7.45,0,7.45,17135
ENERGY-SOLAR_HOURLY-03-35,ST0402,NBH,KV1,active,2026-08-19-11,2026-08-19 11:00:00,27.89,index,valid,synthetic_energy,3.38,0,3.38,7774
ENERGY-SOLAR_HOURLY-03-36,ST0402,NBH,KV1,active,2026-08-19-12,2026-08-19 12:00:00,69.59,index,valid,synthetic_energy,6.51,0,6.51,14973
ENERGY-SOLAR_HOURLY-03-37,ST0402,NBH,KV1,active,2026-08-19-13,2026-08-19 13:00:00,26.66,index,valid,synthetic_energy,7.23,0,7.23,16629
ENERGY-SOLAR_HOURLY-03-38,ST0402,NBH,KV1,active,2026-08-19-14,2026-08-19 14:00:00,56.01,index,valid,synthetic_energy,3.69,0,3.69,8487
ENERGY-SOLAR_HOURLY-03-39,ST0402,NBH,KV1,active,2026-08-19-15,2026-08-19 15:00:00,70.42,index,valid,synthetic_energy,6.34,0,6.34,14582
ENERGY-SOLAR_HOURLY-03-40,ST0402,NBH,KV1,active,2026-08-19-16,2026-08-19 16:00:00,49.47,index,valid,synthetic_energy,5.64,0,5.64,12972
ENERGY-SOLAR_HOURLY-03-41,ST0402,NBH,KV1,active,2026-08-19-17,2026-08-19 17:00:00,26.87,index,valid,synthetic_energy,7.55,0,7.55,17365
ENERGY-SOLAR_HOURLY-03-42,ST0402,NBH,KV1,active,2026-08-19-18,2026-08-19 18:00:00,35.12,index,valid,synthetic_energy,3.53,0,3.53,8119
ENERGY-SOLAR_HOURLY-03-43,ST0402,NBH,KV1,active,2026-08-19-19,2026-08-19 19:00:00,80.92,index,valid,synthetic_energy,6.55,0,6.55,15065
ENERGY-SOLAR_HOURLY-03-44,ST0402,NBH,KV1,active,2026-08-19-20,2026-08-19 20:00:00,70.4,index,valid,synthetic_energy,4.52,0,4.52,10396
ENERGY-SOLAR_HOURLY-03-45,ST0402,NBH,KV1,active,2026-08-19-21,2026-08-19 21:00:00,43.24,index,valid,synthetic_energy,4.73,0,4.73,10879
ENERGY-SOLAR_HOURLY-03-46,ST0402,NBH,KV1,active,2026-08-19-22,2026-08-19 22:00:00,68.47,index,valid,synthetic_energy,5.82,0,5.82,13386
ENERGY-SOLAR_HOURLY-03-47,ST0402,NBH,KV1,active,2026-08-19-23,2026-08-19 23:00:00,74.99,index,valid,synthetic_energy,5.62,0,5.62,12926
ENERGY-SOLAR_HOURLY-03-48,ST0402,NBH,KV1,active,2026-08-20-00,2026-08-20 00:00:00,22.42,index,valid,synthetic_energy,4.55,0,4.55,10465
ENERGY-SOLAR_HOURLY-03-49,ST0402,NBH,KV1,active,2026-08-20-01,2026-08-20 01:00:00,65.97,index,valid,synthetic_energy,6.44,0,6.44,14812
ENERGY-SOLAR_HOURLY-03-50,ST0402,NBH,KV1,active,2026-08-20-02,2026-08-20 02:00:00,54.12,index,valid,synthetic_energy,4.27,0,4.27,9821
ENERGY-SOLAR_HOURLY-03-51,ST0402,NBH,KV1,active,2026-08-20-03,2026-08-20 03:00:00,19.59,index,valid,synthetic_energy,3.0,0,3.0,6900
ENERGY-SOLAR_HOURLY-03-52,ST0402,NBH,KV1,active,2026-08-20-04,2026-08-20 04:00:00,63.91,index,valid,synthetic_energy,5.71,0,5.71,13133
ENERGY-SOLAR_HOURLY-03-53,ST0402,NBH,KV1,active,2026-08-20-05,2026-08-20 05:00:00,37.87,index,valid,synthetic_energy,6.99,0,6.99,16077
ENERGY-SOLAR_HOURLY-03-54,ST0402,NBH,KV1,active,2026-08-20-06,2026-08-20 06:00:00,53.37,index,valid,synthetic_energy,4.06,0,4.06,9338
ENERGY-SOLAR_HOURLY-03-55,ST0402,NBH,KV1,active,2026-08-20-07,2026-08-20 07:00:00,75.63,index,valid,synthetic_energy,4.51,0,4.51,10373
ENERGY-SOLAR_HOURLY-03-56,ST0402,NBH,KV1,active,2026-08-20-08,2026-08-20 08:00:00,73.41,index,valid,synthetic_energy,6.91,0,6.91,15893
ENERGY-SOLAR_HOURLY-03-57,ST0402,NBH,KV1,active,2026-08-20-09,2026-08-20 09:00:00,35.64,index,valid,synthetic_energy,6.14,0,6.14,14122
ENERGY-SOLAR_HOURLY-03-58,ST0402,NBH,KV1,active,2026-08-20-10,2026-08-20 10:00:00,43.64,index,valid,synthetic_energy,7.26,0,7.26,16698
ENERGY-SOLAR_HOURLY-03-59,ST0402,NBH,KV1,active,2026-08-20-11,2026-08-20 11:00:00,33.32,index,valid,synthetic_energy,4.82,0,4.82,11086
ENERGY-SOLAR_HOURLY-03-60,ST0402,NBH,KV1,active,2026-08-20-12,2026-08-20 12:00:00,36.7,index,valid,synthetic_energy,6.67,0,6.67,15341
ENERGY-SOLAR_HOURLY-03-61,ST0402,NBH,KV1,active,2026-08-20-13,2026-08-20 13:00:00,55.45,index,valid,synthetic_energy,3.99,0,3.99,9177
ENERGY-SOLAR_HOURLY-03-62,ST0402,NBH,KV1,active,2026-08-20-14,2026-08-20 14:00:00,28.33,index,valid,synthetic_energy,5.77,0,5.77,13271
ENERGY-SOLAR_HOURLY-03-63,ST0402,NBH,KV1,active,2026-08-20-15,2026-08-20 15:00:00,76.56,index,valid,synthetic_energy,5.61,0,5.61,12903
ENERGY-SOLAR_HOURLY-03-64,ST0402,NBH,KV1,active,2026-08-20-16,2026-08-20 16:00:00,23.07,index,valid,synthetic_energy,6.95,0,6.95,15985
ENERGY-SOLAR_HOURLY-03-65,ST0402,NBH,KV1,active,2026-08-20-17,2026-08-20 17:00:00,40.49,index,valid,synthetic_energy,6.69,0,6.69,15387
ENERGY-SOLAR_HOURLY-03-66,ST0402,NBH,KV1,active,2026-08-20-18,2026-08-20 18:00:00,83.83,index,valid,synthetic_energy,5.98,0,5.98,13754
ENERGY-SOLAR_HOURLY-03-67,ST0402,NBH,KV1,active,2026-08-20-19,2026-08-20 19:00:00,53.13,index,valid,synthetic_energy,7.61,0,7.61,17503
ENERGY-SOLAR_HOURLY-03-68,ST0402,NBH,KV1,active,2026-08-20-20,2026-08-20 20:00:00,64.53,index,valid,synthetic_energy,6.23,0,6.23,14329
ENERGY-SOLAR_HOURLY-03-69,ST0402,NBH,KV1,active,2026-08-20-21,2026-08-20 21:00:00,30.21,index,valid,synthetic_energy,3.17,0,3.17,7291
ENERGY-SOLAR_HOURLY-03-70,ST0402,NBH,KV1,active,2026-08-20-22,2026-08-20 22:00:00,30.91,index,valid,synthetic_energy,7.13,0,7.13,16399
ENERGY-SOLAR_HOURLY-03-71,ST0402,NBH,KV1,active,2026-08-20-23,2026-08-20 23:00:00,40.86,index,valid,synthetic_energy,5.5,0,5.5,12650
ENERGY-SOLAR_HOURLY-04-00,ST0501,HCM,KV3,active,2026-08-18-00,2026-08-18 00:00:00,80.93,index,valid,synthetic_energy,3.33,0,3.33,7659
ENERGY-SOLAR_HOURLY-04-01,ST0501,HCM,KV3,active,2026-08-18-01,2026-08-18 01:00:00,72.17,index,valid,synthetic_energy,6.24,0,6.24,14352
ENERGY-SOLAR_HOURLY-04-02,ST0501,HCM,KV3,active,2026-08-18-02,2026-08-18 02:00:00,50.33,index,valid,synthetic_energy,3.01,0,3.01,6923
ENERGY-SOLAR_HOURLY-04-03,ST0501,HCM,KV3,active,2026-08-18-03,2026-08-18 03:00:00,61.16,index,valid,synthetic_energy,6.95,0,6.95,15985
ENERGY-SOLAR_HOURLY-04-04,ST0501,HCM,KV3,active,2026-08-18-04,2026-08-18 04:00:00,39.91,index,valid,synthetic_energy,4.63,0,4.63,10649
ENERGY-SOLAR_HOURLY-04-05,ST0501,HCM,KV3,active,2026-08-18-05,2026-08-18 05:00:00,59.71,index,valid,synthetic_energy,6.26,0,6.26,14398
ENERGY-SOLAR_HOURLY-04-06,ST0501,HCM,KV3,active,2026-08-18-06,2026-08-18 06:00:00,79.58,index,valid,synthetic_energy,6.56,0,6.56,15088
ENERGY-SOLAR_HOURLY-04-07,ST0501,HCM,KV3,active,2026-08-18-07,2026-08-18 07:00:00,38.47,index,valid,synthetic_energy,7.88,0,7.88,18124
ENERGY-SOLAR_HOURLY-04-08,ST0501,HCM,KV3,active,2026-08-18-08,2026-08-18 08:00:00,27.37,index,valid,synthetic_energy,3.46,0,3.46,7958
ENERGY-SOLAR_HOURLY-04-09,ST0501,HCM,KV3,active,2026-08-18-09,2026-08-18 09:00:00,18.13,index,valid,synthetic_energy,3.92,0,3.92,9016
ENERGY-SOLAR_HOURLY-04-10,ST0501,HCM,KV3,active,2026-08-18-10,2026-08-18 10:00:00,22.24,index,valid,synthetic_energy,7.68,0,7.68,17664
ENERGY-SOLAR_HOURLY-04-11,ST0501,HCM,KV3,active,2026-08-18-11,2026-08-18 11:00:00,35.79,index,valid,synthetic_energy,7.56,0,7.56,17388
ENERGY-SOLAR_HOURLY-04-12,ST0501,HCM,KV3,active,2026-08-18-12,2026-08-18 12:00:00,29.59,index,valid,synthetic_energy,5.77,0,5.77,13271
ENERGY-SOLAR_HOURLY-04-13,ST0501,HCM,KV3,active,2026-08-18-13,2026-08-18 13:00:00,82.39,index,valid,synthetic_energy,7.5,0,7.5,17250
ENERGY-SOLAR_HOURLY-04-14,ST0501,HCM,KV3,active,2026-08-18-14,2026-08-18 14:00:00,66.97,index,valid,synthetic_energy,5.75,0,5.75,13225
ENERGY-SOLAR_HOURLY-04-15,ST0501,HCM,KV3,active,2026-08-18-15,2026-08-18 15:00:00,45.86,index,valid,synthetic_energy,6.67,0,6.67,15341
ENERGY-SOLAR_HOURLY-04-16,ST0501,HCM,KV3,active,2026-08-18-16,2026-08-18 16:00:00,83.79,index,valid,synthetic_energy,4.28,0,4.28,9844
ENERGY-SOLAR_HOURLY-04-17,ST0501,HCM,KV3,active,2026-08-18-17,2026-08-18 17:00:00,68.63,index,valid,synthetic_energy,3.08,0,3.08,7084
ENERGY-SOLAR_HOURLY-04-18,ST0501,HCM,KV3,active,2026-08-18-18,2026-08-18 18:00:00,48.26,index,valid,synthetic_energy,3.98,0,3.98,9154
ENERGY-SOLAR_HOURLY-04-19,ST0501,HCM,KV3,active,2026-08-18-19,2026-08-18 19:00:00,71.86,index,valid,synthetic_energy,5.87,0,5.87,13501
ENERGY-SOLAR_HOURLY-04-20,ST0501,HCM,KV3,active,2026-08-18-20,2026-08-18 20:00:00,60.78,index,valid,synthetic_energy,3.9,0,3.9,8970
ENERGY-SOLAR_HOURLY-04-21,ST0501,HCM,KV3,active,2026-08-18-21,2026-08-18 21:00:00,48.43,index,valid,synthetic_energy,6.9,0,6.9,15870
ENERGY-SOLAR_HOURLY-04-22,ST0501,HCM,KV3,active,2026-08-18-22,2026-08-18 22:00:00,75.96,index,valid,synthetic_energy,4.64,0,4.64,10672
ENERGY-SOLAR_HOURLY-04-23,ST0501,HCM,KV3,active,2026-08-18-23,2026-08-18 23:00:00,48.83,index,valid,synthetic_energy,5.76,0,5.76,13248
ENERGY-SOLAR_HOURLY-04-24,ST0501,HCM,KV3,active,2026-08-19-00,2026-08-19 00:00:00,49.34,index,valid,synthetic_energy,6.1,0,6.1,14030
ENERGY-SOLAR_HOURLY-04-25,ST0501,HCM,KV3,active,2026-08-19-01,2026-08-19 01:00:00,48.58,index,valid,synthetic_energy,7.67,0,7.67,17641
ENERGY-SOLAR_HOURLY-04-26,ST0501,HCM,KV3,active,2026-08-19-02,2026-08-19 02:00:00,33.69,index,valid,synthetic_energy,5.85,0,5.85,13455
ENERGY-SOLAR_HOURLY-04-27,ST0501,HCM,KV3,active,2026-08-19-03,2026-08-19 03:00:00,46.15,index,valid,synthetic_energy,3.27,0,3.27,7521
ENERGY-SOLAR_HOURLY-04-28,ST0501,HCM,KV3,active,2026-08-19-04,2026-08-19 04:00:00,72.93,index,valid,synthetic_energy,5.04,0,5.04,11592
ENERGY-SOLAR_HOURLY-04-29,ST0501,HCM,KV3,active,2026-08-19-05,2026-08-19 05:00:00,28.72,index,valid,synthetic_energy,5.99,0,5.99,13777
ENERGY-SOLAR_HOURLY-04-30,ST0501,HCM,KV3,active,2026-08-19-06,2026-08-19 06:00:00,16.98,index,valid,synthetic_energy,4.95,0,4.95,11385
ENERGY-SOLAR_HOURLY-04-31,ST0501,HCM,KV3,active,2026-08-19-07,2026-08-19 07:00:00,56.1,index,valid,synthetic_energy,5.58,0,5.58,12834
ENERGY-SOLAR_HOURLY-04-32,ST0501,HCM,KV3,active,2026-08-19-08,2026-08-19 08:00:00,84.19,index,valid,synthetic_energy,5.31,0,5.31,12213
ENERGY-SOLAR_HOURLY-04-33,ST0501,HCM,KV3,active,2026-08-19-09,2026-08-19 09:00:00,75.36,index,valid,synthetic_energy,6.95,0,6.95,15985
ENERGY-SOLAR_HOURLY-04-34,ST0501,HCM,KV3,active,2026-08-19-10,2026-08-19 10:00:00,81.18,index,valid,synthetic_energy,4.34,0,4.34,9982
ENERGY-SOLAR_HOURLY-04-35,ST0501,HCM,KV3,active,2026-08-19-11,2026-08-19 11:00:00,48.05,index,valid,synthetic_energy,6.81,0,6.81,15663
ENERGY-SOLAR_HOURLY-04-36,ST0501,HCM,KV3,active,2026-08-19-12,2026-08-19 12:00:00,50.0,index,valid,synthetic_energy,3.01,0,3.01,6923
ENERGY-SOLAR_HOURLY-04-37,ST0501,HCM,KV3,active,2026-08-19-13,2026-08-19 13:00:00,69.02,index,valid,synthetic_energy,5.25,0,5.25,12075
ENERGY-SOLAR_HOURLY-04-38,ST0501,HCM,KV3,active,2026-08-19-14,2026-08-19 14:00:00,59.47,index,valid,synthetic_energy,5.86,0,5.86,13478
ENERGY-SOLAR_HOURLY-04-39,ST0501,HCM,KV3,active,2026-08-19-15,2026-08-19 15:00:00,44.26,index,valid,synthetic_energy,6.38,0,6.38,14674
ENERGY-SOLAR_HOURLY-04-40,ST0501,HCM,KV3,active,2026-08-19-16,2026-08-19 16:00:00,61.89,index,valid,synthetic_energy,3.36,0,3.36,7728
ENERGY-SOLAR_HOURLY-04-41,ST0501,HCM,KV3,active,2026-08-19-17,2026-08-19 17:00:00,49.42,index,valid,synthetic_energy,3.73,0,3.73,8579
ENERGY-SOLAR_HOURLY-04-42,ST0501,HCM,KV3,active,2026-08-19-18,2026-08-19 18:00:00,26.73,index,valid,synthetic_energy,3.08,0,3.08,7084
ENERGY-SOLAR_HOURLY-04-43,ST0501,HCM,KV3,active,2026-08-19-19,2026-08-19 19:00:00,17.08,index,valid,synthetic_energy,3.41,0,3.41,7843
ENERGY-SOLAR_HOURLY-04-44,ST0501,HCM,KV3,active,2026-08-19-20,2026-08-19 20:00:00,73.07,index,valid,synthetic_energy,5.94,0,5.94,13662
ENERGY-SOLAR_HOURLY-04-45,ST0501,HCM,KV3,active,2026-08-19-21,2026-08-19 21:00:00,50.59,index,valid,synthetic_energy,4.05,0,4.05,9315
ENERGY-SOLAR_HOURLY-04-46,ST0501,HCM,KV3,active,2026-08-19-22,2026-08-19 22:00:00,46.21,index,valid,synthetic_energy,4.22,0,4.22,9706
ENERGY-SOLAR_HOURLY-04-47,ST0501,HCM,KV3,active,2026-08-19-23,2026-08-19 23:00:00,78.3,index,valid,synthetic_energy,5.98,0,5.98,13754
ENERGY-SOLAR_HOURLY-04-48,ST0501,HCM,KV3,active,2026-08-20-00,2026-08-20 00:00:00,40.6,index,valid,synthetic_energy,5.41,0,5.41,12443
ENERGY-SOLAR_HOURLY-04-49,ST0501,HCM,KV3,active,2026-08-20-01,2026-08-20 01:00:00,83.87,index,valid,synthetic_energy,7.65,0,7.65,17595
ENERGY-SOLAR_HOURLY-04-50,ST0501,HCM,KV3,active,2026-08-20-02,2026-08-20 02:00:00,28.87,index,valid,synthetic_energy,5.12,0,5.12,11776
ENERGY-SOLAR_HOURLY-04-51,ST0501,HCM,KV3,active,2026-08-20-03,2026-08-20 03:00:00,57.21,index,valid,synthetic_energy,5.21,0,5.21,11983
ENERGY-SOLAR_HOURLY-04-52,ST0501,HCM,KV3,active,2026-08-20-04,2026-08-20 04:00:00,64.23,index,valid,synthetic_energy,6.96,0,6.96,16008
ENERGY-SOLAR_HOURLY-04-53,ST0501,HCM,KV3,active,2026-08-20-05,2026-08-20 05:00:00,66.18,index,valid,synthetic_energy,3.72,0,3.72,8556
ENERGY-SOLAR_HOURLY-04-54,ST0501,HCM,KV3,active,2026-08-20-06,2026-08-20 06:00:00,73.89,index,valid,synthetic_energy,6.55,0,6.55,15065
ENERGY-SOLAR_HOURLY-04-55,ST0501,HCM,KV3,active,2026-08-20-07,2026-08-20 07:00:00,80.5,index,valid,synthetic_energy,5.18,0,5.18,11914
ENERGY-SOLAR_HOURLY-04-56,ST0501,HCM,KV3,active,2026-08-20-08,2026-08-20 08:00:00,33.56,index,valid,synthetic_energy,3.83,0,3.83,8809
ENERGY-SOLAR_HOURLY-04-57,ST0501,HCM,KV3,active,2026-08-20-09,2026-08-20 09:00:00,83.32,index,valid,synthetic_energy,5.49,0,5.49,12627
ENERGY-SOLAR_HOURLY-04-58,ST0501,HCM,KV3,active,2026-08-20-10,2026-08-20 10:00:00,76.3,index,valid,synthetic_energy,6.06,0,6.06,13938
ENERGY-SOLAR_HOURLY-04-59,ST0501,HCM,KV3,active,2026-08-20-11,2026-08-20 11:00:00,21.57,index,valid,synthetic_energy,6.09,0,6.09,14007
ENERGY-SOLAR_HOURLY-04-60,ST0501,HCM,KV3,active,2026-08-20-12,2026-08-20 12:00:00,33.37,index,valid,synthetic_energy,4.2,0,4.2,9660
ENERGY-SOLAR_HOURLY-04-61,ST0501,HCM,KV3,active,2026-08-20-13,2026-08-20 13:00:00,75.35,index,valid,synthetic_energy,4.2,0,4.2,9660
ENERGY-SOLAR_HOURLY-04-62,ST0501,HCM,KV3,active,2026-08-20-14,2026-08-20 14:00:00,68.4,index,valid,synthetic_energy,7.42,0,7.42,17066
ENERGY-SOLAR_HOURLY-04-63,ST0501,HCM,KV3,active,2026-08-20-15,2026-08-20 15:00:00,33.99,index,valid,synthetic_energy,4.63,0,4.63,10649
ENERGY-SOLAR_HOURLY-04-64,ST0501,HCM,KV3,active,2026-08-20-16,2026-08-20 16:00:00,70.73,index,valid,synthetic_energy,5.88,0,5.88,13524
ENERGY-SOLAR_HOURLY-04-65,ST0501,HCM,KV3,active,2026-08-20-17,2026-08-20 17:00:00,59.88,index,valid,synthetic_energy,4.19,0,4.19,9637
ENERGY-SOLAR_HOURLY-04-66,ST0501,HCM,KV3,active,2026-08-20-18,2026-08-20 18:00:00,59.34,index,valid,synthetic_energy,7.52,0,7.52,17296
ENERGY-SOLAR_HOURLY-04-67,ST0501,HCM,KV3,active,2026-08-20-19,2026-08-20 19:00:00,73.11,index,valid,synthetic_energy,7.32,0,7.32,16836
ENERGY-SOLAR_HOURLY-04-68,ST0501,HCM,KV3,active,2026-08-20-20,2026-08-20 20:00:00,65.5,index,valid,synthetic_energy,6.68,0,6.68,15364
ENERGY-SOLAR_HOURLY-04-69,ST0501,HCM,KV3,active,2026-08-20-21,2026-08-20 21:00:00,15.27,index,valid,synthetic_energy,4.27,0,4.27,9821
ENERGY-SOLAR_HOURLY-04-70,ST0501,HCM,KV3,active,2026-08-20-22,2026-08-20 22:00:00,75.63,index,valid,synthetic_energy,6.17,0,6.17,14191
ENERGY-SOLAR_HOURLY-04-71,ST0501,HCM,KV3,active,2026-08-20-23,2026-08-20 23:00:00,33.31,index,valid,synthetic_energy,6.77,0,6.77,15571
ENERGY-SOLAR_HOURLY-05-00,ST0601,KHA,KV2,active,2026-08-18-00,2026-08-18 00:00:00,59.33,index,valid,synthetic_energy,4.26,0,4.26,9798
ENERGY-SOLAR_HOURLY-05-01,ST0601,KHA,KV2,active,2026-08-18-01,2026-08-18 01:00:00,47.25,index,valid,synthetic_energy,3.15,0,3.15,7245
ENERGY-SOLAR_HOURLY-05-02,ST0601,KHA,KV2,active,2026-08-18-02,2026-08-18 02:00:00,17.87,index,valid,synthetic_energy,6.67,0,6.67,15341
ENERGY-SOLAR_HOURLY-05-03,ST0601,KHA,KV2,active,2026-08-18-03,2026-08-18 03:00:00,45.69,index,valid,synthetic_energy,7.6,0,7.6,17480
ENERGY-SOLAR_HOURLY-05-04,ST0601,KHA,KV2,active,2026-08-18-04,2026-08-18 04:00:00,43.22,index,valid,synthetic_energy,4.15,0,4.15,9545
ENERGY-SOLAR_HOURLY-05-05,ST0601,KHA,KV2,active,2026-08-18-05,2026-08-18 05:00:00,42.87,index,valid,synthetic_energy,3.12,0,3.12,7176
ENERGY-SOLAR_HOURLY-05-06,ST0601,KHA,KV2,active,2026-08-18-06,2026-08-18 06:00:00,79.71,index,valid,synthetic_energy,7.4,0,7.4,17020
ENERGY-SOLAR_HOURLY-05-07,ST0601,KHA,KV2,active,2026-08-18-07,2026-08-18 07:00:00,64.69,index,valid,synthetic_energy,6.76,0,6.76,15548
ENERGY-SOLAR_HOURLY-05-08,ST0601,KHA,KV2,active,2026-08-18-08,2026-08-18 08:00:00,50.63,index,valid,synthetic_energy,7.26,0,7.26,16698
ENERGY-SOLAR_HOURLY-05-09,ST0601,KHA,KV2,active,2026-08-18-09,2026-08-18 09:00:00,39.82,index,valid,synthetic_energy,7.28,0,7.28,16744
ENERGY-SOLAR_HOURLY-05-10,ST0601,KHA,KV2,active,2026-08-18-10,2026-08-18 10:00:00,31.0,index,valid,synthetic_energy,6.02,0,6.02,13846
ENERGY-SOLAR_HOURLY-05-11,ST0601,KHA,KV2,active,2026-08-18-11,2026-08-18 11:00:00,62.77,index,valid,synthetic_energy,5.52,0,5.52,12696
ENERGY-SOLAR_HOURLY-05-12,ST0601,KHA,KV2,active,2026-08-18-12,2026-08-18 12:00:00,55.34,index,valid,synthetic_energy,3.26,0,3.26,7498
ENERGY-SOLAR_HOURLY-05-13,ST0601,KHA,KV2,active,2026-08-18-13,2026-08-18 13:00:00,33.18,index,valid,synthetic_energy,7.35,0,7.35,16905
ENERGY-SOLAR_HOURLY-05-14,ST0601,KHA,KV2,active,2026-08-18-14,2026-08-18 14:00:00,27.3,index,valid,synthetic_energy,6.06,0,6.06,13938
ENERGY-SOLAR_HOURLY-05-15,ST0601,KHA,KV2,active,2026-08-18-15,2026-08-18 15:00:00,68.78,index,valid,synthetic_energy,7.18,0,7.18,16514
ENERGY-SOLAR_HOURLY-05-16,ST0601,KHA,KV2,active,2026-08-18-16,2026-08-18 16:00:00,29.32,index,valid,synthetic_energy,7.9,0,7.9,18170
ENERGY-SOLAR_HOURLY-05-17,ST0601,KHA,KV2,active,2026-08-18-17,2026-08-18 17:00:00,66.92,index,valid,synthetic_energy,5.87,0,5.87,13501
ENERGY-SOLAR_HOURLY-05-18,ST0601,KHA,KV2,active,2026-08-18-18,2026-08-18 18:00:00,60.65,index,valid,synthetic_energy,6.99,0,6.99,16077
ENERGY-SOLAR_HOURLY-05-19,ST0601,KHA,KV2,active,2026-08-18-19,2026-08-18 19:00:00,20.64,index,valid,synthetic_energy,6.37,0,6.37,14651
ENERGY-SOLAR_HOURLY-05-20,ST0601,KHA,KV2,active,2026-08-18-20,2026-08-18 20:00:00,23.81,index,valid,synthetic_energy,4.5,0,4.5,10350
ENERGY-SOLAR_HOURLY-05-21,ST0601,KHA,KV2,active,2026-08-18-21,2026-08-18 21:00:00,40.96,index,valid,synthetic_energy,7.04,0,7.04,16192
ENERGY-SOLAR_HOURLY-05-22,ST0601,KHA,KV2,active,2026-08-18-22,2026-08-18 22:00:00,33.72,index,valid,synthetic_energy,6.2,0,6.2,14260
ENERGY-SOLAR_HOURLY-05-23,ST0601,KHA,KV2,active,2026-08-18-23,2026-08-18 23:00:00,42.51,index,valid,synthetic_energy,3.3,0,3.3,7590
ENERGY-SOLAR_HOURLY-05-24,ST0601,KHA,KV2,active,2026-08-19-00,2026-08-19 00:00:00,29.42,index,valid,synthetic_energy,5.88,0,5.88,13524
ENERGY-SOLAR_HOURLY-05-25,ST0601,KHA,KV2,active,2026-08-19-01,2026-08-19 01:00:00,31.67,index,valid,synthetic_energy,3.24,0,3.24,7452
ENERGY-SOLAR_HOURLY-05-26,ST0601,KHA,KV2,active,2026-08-19-02,2026-08-19 02:00:00,63.68,index,valid,synthetic_energy,5.1,0,5.1,11730
ENERGY-SOLAR_HOURLY-05-27,ST0601,KHA,KV2,active,2026-08-19-03,2026-08-19 03:00:00,58.17,index,valid,synthetic_energy,6.64,0,6.64,15272
ENERGY-SOLAR_HOURLY-05-28,ST0601,KHA,KV2,active,2026-08-19-04,2026-08-19 04:00:00,69.52,index,valid,synthetic_energy,3.75,0,3.75,8625
ENERGY-SOLAR_HOURLY-05-29,ST0601,KHA,KV2,active,2026-08-19-05,2026-08-19 05:00:00,84.12,index,valid,synthetic_energy,5.2,0,5.2,11960
ENERGY-SOLAR_HOURLY-05-30,ST0601,KHA,KV2,active,2026-08-19-06,2026-08-19 06:00:00,80.59,index,valid,synthetic_energy,7.2,0,7.2,16560
ENERGY-SOLAR_HOURLY-05-31,ST0601,KHA,KV2,active,2026-08-19-07,2026-08-19 07:00:00,60.08,index,valid,synthetic_energy,4.98,0,4.98,11454
ENERGY-SOLAR_HOURLY-05-32,ST0601,KHA,KV2,active,2026-08-19-08,2026-08-19 08:00:00,81.56,index,valid,synthetic_energy,7.58,0,7.58,17434
ENERGY-SOLAR_HOURLY-05-33,ST0601,KHA,KV2,active,2026-08-19-09,2026-08-19 09:00:00,53.37,index,valid,synthetic_energy,5.96,0,5.96,13708
ENERGY-SOLAR_HOURLY-05-34,ST0601,KHA,KV2,active,2026-08-19-10,2026-08-19 10:00:00,80.53,index,valid,synthetic_energy,7.6,0,7.6,17480
ENERGY-SOLAR_HOURLY-05-35,ST0601,KHA,KV2,active,2026-08-19-11,2026-08-19 11:00:00,47.3,index,valid,synthetic_energy,5.24,0,5.24,12052
ENERGY-SOLAR_HOURLY-05-36,ST0601,KHA,KV2,active,2026-08-19-12,2026-08-19 12:00:00,77.26,index,valid,synthetic_energy,6.22,0,6.22,14306
ENERGY-SOLAR_HOURLY-05-37,ST0601,KHA,KV2,active,2026-08-19-13,2026-08-19 13:00:00,29.01,index,valid,synthetic_energy,4.89,0,4.89,11247
ENERGY-SOLAR_HOURLY-05-38,ST0601,KHA,KV2,active,2026-08-19-14,2026-08-19 14:00:00,30.96,index,valid,synthetic_energy,5.84,0,5.84,13432
ENERGY-SOLAR_HOURLY-05-39,ST0601,KHA,KV2,active,2026-08-19-15,2026-08-19 15:00:00,16.25,index,valid,synthetic_energy,6.23,0,6.23,14329
ENERGY-SOLAR_HOURLY-05-40,ST0601,KHA,KV2,active,2026-08-19-16,2026-08-19 16:00:00,29.0,index,valid,synthetic_energy,5.89,0,5.89,13547
ENERGY-SOLAR_HOURLY-05-41,ST0601,KHA,KV2,active,2026-08-19-17,2026-08-19 17:00:00,74.78,index,valid,synthetic_energy,7.53,0,7.53,17319
ENERGY-SOLAR_HOURLY-05-42,ST0601,KHA,KV2,active,2026-08-19-18,2026-08-19 18:00:00,50.49,index,valid,synthetic_energy,4.93,0,4.93,11339
ENERGY-SOLAR_HOURLY-05-43,ST0601,KHA,KV2,active,2026-08-19-19,2026-08-19 19:00:00,29.93,index,valid,synthetic_energy,6.54,0,6.54,15042
ENERGY-SOLAR_HOURLY-05-44,ST0601,KHA,KV2,active,2026-08-19-20,2026-08-19 20:00:00,59.44,index,valid,synthetic_energy,6.76,0,6.76,15548
ENERGY-SOLAR_HOURLY-05-45,ST0601,KHA,KV2,active,2026-08-19-21,2026-08-19 21:00:00,43.19,index,valid,synthetic_energy,6.9,0,6.9,15870
ENERGY-SOLAR_HOURLY-05-46,ST0601,KHA,KV2,active,2026-08-19-22,2026-08-19 22:00:00,23.0,index,valid,synthetic_energy,3.13,0,3.13,7199
ENERGY-SOLAR_HOURLY-05-47,ST0601,KHA,KV2,active,2026-08-19-23,2026-08-19 23:00:00,81.4,index,valid,synthetic_energy,3.36,0,3.36,7728
ENERGY-SOLAR_HOURLY-05-48,ST0601,KHA,KV2,active,2026-08-20-00,2026-08-20 00:00:00,21.75,index,valid,synthetic_energy,7.74,0,7.74,17802
ENERGY-SOLAR_HOURLY-05-49,ST0601,KHA,KV2,active,2026-08-20-01,2026-08-20 01:00:00,40.38,index,valid,synthetic_energy,4.03,0,4.03,9269
ENERGY-SOLAR_HOURLY-05-50,ST0601,KHA,KV2,active,2026-08-20-02,2026-08-20 02:00:00,25.75,index,valid,synthetic_energy,3.15,0,3.15,7245
ENERGY-SOLAR_HOURLY-05-51,ST0601,KHA,KV2,active,2026-08-20-03,2026-08-20 03:00:00,46.87,index,valid,synthetic_energy,6.94,0,6.94,15962
ENERGY-SOLAR_HOURLY-05-52,ST0601,KHA,KV2,active,2026-08-20-04,2026-08-20 04:00:00,41.42,index,valid,synthetic_energy,3.99,0,3.99,9177
ENERGY-SOLAR_HOURLY-05-53,ST0601,KHA,KV2,active,2026-08-20-05,2026-08-20 05:00:00,67.21,index,valid,synthetic_energy,5.17,0,5.17,11891
ENERGY-SOLAR_HOURLY-05-54,ST0601,KHA,KV2,active,2026-08-20-06,2026-08-20 06:00:00,32.18,index,valid,synthetic_energy,4.92,0,4.92,11316
ENERGY-SOLAR_HOURLY-05-55,ST0601,KHA,KV2,active,2026-08-20-07,2026-08-20 07:00:00,62.02,index,valid,synthetic_energy,7.22,0,7.22,16606
ENERGY-SOLAR_HOURLY-05-56,ST0601,KHA,KV2,active,2026-08-20-08,2026-08-20 08:00:00,61.36,index,valid,synthetic_energy,4.12,0,4.12,9476
ENERGY-SOLAR_HOURLY-05-57,ST0601,KHA,KV2,active,2026-08-20-09,2026-08-20 09:00:00,26.49,index,valid,synthetic_energy,3.67,0,3.67,8441
ENERGY-SOLAR_HOURLY-05-58,ST0601,KHA,KV2,active,2026-08-20-10,2026-08-20 10:00:00,24.29,index,valid,synthetic_energy,5.26,0,5.26,12098
ENERGY-SOLAR_HOURLY-05-59,ST0601,KHA,KV2,active,2026-08-20-11,2026-08-20 11:00:00,26.03,index,valid,synthetic_energy,7.86,0,7.86,18078
ENERGY-SOLAR_HOURLY-05-60,ST0601,KHA,KV2,active,2026-08-20-12,2026-08-20 12:00:00,41.26,index,valid,synthetic_energy,5.49,0,5.49,12627
ENERGY-SOLAR_HOURLY-05-61,ST0601,KHA,KV2,active,2026-08-20-13,2026-08-20 13:00:00,29.23,index,valid,synthetic_energy,5.74,0,5.74,13202
ENERGY-SOLAR_HOURLY-05-62,ST0601,KHA,KV2,active,2026-08-20-14,2026-08-20 14:00:00,58.89,index,valid,synthetic_energy,3.48,0,3.48,8004
ENERGY-SOLAR_HOURLY-05-63,ST0601,KHA,KV2,active,2026-08-20-15,2026-08-20 15:00:00,65.72,index,valid,synthetic_energy,4.17,0,4.17,9591
ENERGY-SOLAR_HOURLY-05-64,ST0601,KHA,KV2,active,2026-08-20-16,2026-08-20 16:00:00,35.55,index,valid,synthetic_energy,4.2,0,4.2,9660
ENERGY-SOLAR_HOURLY-05-65,ST0601,KHA,KV2,active,2026-08-20-17,2026-08-20 17:00:00,57.38,index,valid,synthetic_energy,5.65,0,5.65,12995
ENERGY-SOLAR_HOURLY-05-66,ST0601,KHA,KV2,active,2026-08-20-18,2026-08-20 18:00:00,26.66,index,valid,synthetic_energy,4.97,0,4.97,11431
ENERGY-SOLAR_HOURLY-05-67,ST0601,KHA,KV2,active,2026-08-20-19,2026-08-20 19:00:00,74.53,index,valid,synthetic_energy,6.46,0,6.46,14858
ENERGY-SOLAR_HOURLY-05-68,ST0601,KHA,KV2,active,2026-08-20-20,2026-08-20 20:00:00,30.31,index,valid,synthetic_energy,6.51,0,6.51,14973
ENERGY-SOLAR_HOURLY-05-69,ST0601,KHA,KV2,active,2026-08-20-21,2026-08-20 21:00:00,31.89,index,valid,synthetic_energy,4.11,0,4.11,9453
ENERGY-SOLAR_HOURLY-05-70,ST0601,KHA,KV2,active,2026-08-20-22,2026-08-20 22:00:00,74.75,index,valid,synthetic_energy,3.83,0,3.83,8809
ENERGY-SOLAR_HOURLY-05-71,ST0601,KHA,KV2,active,2026-08-20-23,2026-08-20 23:00:00,18.96,index,valid,synthetic_energy,7.17,0,7.17,16491
