cell_congestion_hourly_id,cell_id,province_code,area_code,status,date_hour,observed_at,metric_value,metric_unit,quality_flag,source_system,attempt_count,success_count,traffic_gb,availability_pct
RAN_KPI-CELL_CONGESTION_HOURLY-00-00,CELL010101,DBN,KV1,active,2026-08-18-00,2026-08-18 00:00:00,66.89,index,valid,synthetic_ran_kpi,144,142,4.69,99.9
RAN_KPI-CELL_CONGESTION_HOURLY-00-01,CELL010101,DBN,KV1,active,2026-08-18-01,2026-08-18 01:00:00,15.09,index,valid,synthetic_ran_kpi,101,96,4.7,99.9
RAN_KPI-CELL_CONGESTION_HOURLY-00-02,CELL010101,DBN,KV1,active,2026-08-18-02,2026-08-18 02:00:00,70.43,index,valid,synthetic_ran_kpi,136,129,1.13,99.9
RAN_KPI-CELL_CONGESTION_HOURLY-00-03,CELL010101,DBN,KV1,active,2026-08-18-03,2026-08-18 03:00:00,55.68,index,valid,synthetic_ran_kpi,276,275,2.85,99.9
RAN_KPI-CELL_CONGESTION_HOURLY-00-04,CELL010101,DBN,KV1,active,2026-08-18-04,2026-08-18 04:00:00,30.89,index,valid,synthetic_ran_kpi,297,294,1.4,99.9
RAN_KPI-CELL_CONGESTION_HOURLY-00-05,CELL010101,DBN,KV1,active,2026-08-18-05,2026-08-18 05:00:00,44.3,index,valid,synthetic_ran_kpi,218,216,2.59,99.9
RAN_KPI-CELL_CONGESTION_HOURLY-00-06,CELL010101,DBN,KV1,active,2026-08-18-06,2026-08-18 06:00:00,22.16,index,valid,synthetic_ran_kpi,235,230,1.34,99.9
RAN_KPI-CELL_CONGESTION_HOURLY-00-07,CELL010101,DBN,KV1,active,2026-08-18-07,2026-08-18 07:00:00,80.28,index,valid,synthetic_ran_kpi,223,221,4.73,99.9
RAN_KPI-CELL_CONGESTION_HOURLY-00-08,CELL010101,DBN,KV1,active,2026-08-18-08,2026-08-18 08:00:00,81.1,index,valid,synthetic_ran_kpi,253,246,1.09,99.9
RAN_KPI-CELL_CONGESTION_HOURLY-00-09,CELL010101,DBN,KV1,active,2026-08-18-09,2026-08-18 09:00:00,32.43,index,valid,synthetic_ran_kpi,118,114,4.39,99.9
RAN_KPI-CELL_CONGESTION_HOURLY-00-10,CELL010101,DBN,KV1,active,2026-08-18-10,2026-08-18 10:00:00,62.59,index,valid,synthetic_ran_kpi,186,183,4.14,99.9
RAN_KPI-CELL_CONGESTION_HOURLY-00-11,CELL010101,DBN,KV1,active,2026-08-18-11,2026-08-18 11:00:00,61.72,index,valid,synthetic_ran_kpi,263,261,2.09,99.9
RAN_KPI-CELL_CONGESTION_HOURLY-00-12,CELL010101,DBN,KV1,active,2026-08-18-12,2026-08-18 12:00:00,47.8,index,valid,synthetic_ran_kpi,83,76,0.8,99.9
RAN_KPI-CELL_CONGESTION_HOURLY-00-13,CELL010101,DBN,KV1,active,2026-08-18-13,2026-08-18 13:00:00,47.31,index,valid,synthetic_ran_kpi,150,145,7.09,99.9
RAN_KPI-CELL_CONGESTION_HOURLY-00-14,CELL010101,DBN,KV1,active,2026-08-18-14,2026-08-18 14:00:00,33.86,index,valid,synthetic_ran_kpi,219,211,7.17,99.9
RAN_KPI-CELL_CONGESTION_HOURLY-00-15,CELL010101,DBN,KV1,active,2026-08-18-15,2026-08-18 15:00:00,58.85,index,valid,synthetic_ran_kpi,170,165,7.73,99.9
RAN_KPI-CELL_CONGESTION_HOURLY-00-16,CELL010101,DBN,KV1,active,2026-08-18-16,2026-08-18 16:00:00,20.41,index,valid,synthetic_ran_kpi,177,170,2.03,99.9
RAN_KPI-CELL_CONGESTION_HOURLY-00-17,CELL010101,DBN,KV1,active,2026-08-18-17,2026-08-18 17:00:00,35.88,index,valid,synthetic_ran_kpi,107,100,3.99,99.9
RAN_KPI-CELL_CONGESTION_HOURLY-00-18,CELL010101,DBN,KV1,active,2026-08-18-18,2026-08-18 18:00:00,55.08,index,valid,synthetic_ran_kpi,289,284,7.79,99.9
RAN_KPI-CELL_CONGESTION_HOURLY-00-19,CELL010101,DBN,KV1,active,2026-08-18-19,2026-08-18 19:00:00,49.78,index,valid,synthetic_ran_kpi,178,170,1.09,99.9
RAN_KPI-CELL_CONGESTION_HOURLY-00-20,CELL010101,DBN,KV1,active,2026-08-18-20,2026-08-18 20:00:00,25.51,index,valid,synthetic_ran_kpi,166,161,2.49,99.9
RAN_KPI-CELL_CONGESTION_HOURLY-00-21,CELL010101,DBN,KV1,active,2026-08-18-21,2026-08-18 21:00:00,42.21,index,valid,synthetic_ran_kpi,141,140,2.16,99.9
RAN_KPI-CELL_CONGESTION_HOURLY-00-22,CELL010101,DBN,KV1,active,2026-08-18-22,2026-08-18 22:00:00,82.15,index,valid,synthetic_ran_kpi,281,273,3.98,99.9
RAN_KPI-CELL_CONGESTION_HOURLY-00-23,CELL010101,DBN,KV1,active,2026-08-18-23,2026-08-18 23:00:00,25.0,index,valid,synthetic_ran_kpi,133,128,5.47,99.9
RAN_KPI-CELL_CONGESTION_HOURLY-00-24,CELL010101,DBN,KV1,active,2026-08-19-00,2026-08-19 00:00:00,45.64,index,valid,synthetic_ran_kpi,244,238,3.28,99.9
RAN_KPI-CELL_CONGESTION_HOURLY-00-25,CELL010101,DBN,KV1,active,2026-08-19-01,2026-08-19 01:00:00,41.52,index,valid,synthetic_ran_kpi,167,163,3.13,99.9
RAN_KPI-CELL_CONGESTION_HOURLY-00-26,CELL010101,DBN,KV1,active,2026-08-19-02,2026-08-19 02:00:00,65.66,index,valid,synthetic_ran_kpi,249,248,7.56,99.9
RAN_KPI-CELL_CONGESTION_HOURLY-00-27,CELL010101,DBN,KV1,degraded,2026-08-19-03,2026-08-19 03:00:00,35.71,index,degraded,synthetic_ran_kpi,100,72,0.69,98.0
RAN_KPI-CELL_CONGESTION_HOURLY-00-28,CELL010101,DBN,KV1,active,2026-08-19-04,2026-08-19 04:00:00,59.65,index,valid,synthetic_ran_kpi,176,173,7.39,99.9
RAN_KPI-CELL_CONGESTION_HOURLY-00-29,CELL010101,DBN,KV1,active,2026-08-19-05,2026-08-19 05:00:00,61.64,index,valid,synthetic_ran_kpi,141,138,5.05,99.9
RAN_KPI-CELL_CONGESTION_HOURLY-00-30,CELL010101,DBN,KV1,active,2026-08-19-06,2026-08-19 06:00:00,81.0,index,valid,synthetic_ran_kpi,112,106,3.9,99.9
RAN_KPI-CELL_CONGESTION_HOURLY-00-31,CELL010101,DBN,KV1,active,2026-08-19-07,2026-08-19 07:00:00,56.3,index,valid,synthetic_ran_kpi,259,251,2.15,99.9
RAN_KPI-CELL_CONGESTION_HOURLY-00-32,CELL010101,DBN,KV1,active,2026-08-19-08,2026-08-19 08:00:00,68.12,index,valid,synthetic_ran_kpi,299,294,6.05,99.9
RAN_KPI-CELL_CONGESTION_HOURLY-00-33,CELL010101,DBN,KV1,active,2026-08-19-09,2026-08-19 09:00:00,72.79,index,valid,synthetic_ran_kpi,267,264,5.17,99.9
RAN_KPI-CELL_CONGESTION_HOURLY-00-34,CELL010101,DBN,KV1,active,2026-08-19-10,2026-08-19 10:00:00,73.21,index,valid,synthetic_ran_kpi,216,214,2.97,99.9
RAN_KPI-CELL_CONGESTION_HOURLY-00-35,CELL010101,DBN,KV1,active,2026-08-19-11,2026-08-19 11:00:00,33.24,index,valid,synthetic_ran_kpi,209,207,1.29,99.9
RAN_KPI-CELL_CONGESTION_HOURLY-00-36,CELL010101,DBN,KV1,active,2026-08-19-12,2026-08-19 12:00:00,23.77,index,valid,synthetic_ran_kpi,250,246,1.85,99.9
RAN_KPI-CELL_CONGESTION_HOURLY-00-37,CELL010101,DBN,KV1,active,2026-08-19-13,2026-08-19 13:00:00,57.69,index,valid,synthetic_ran_kpi,170,165,7.09,99.9
RAN_KPI-CELL_CONGESTION_HOURLY-00-38,CELL010101,DBN,KV1,active,2026-08-19-14,2026-08-19 14:00:00,69.23,index,valid,synthetic_ran_kpi,99,93,2.29,99.9
RAN_KPI-CELL_CONGESTION_HOURLY-00-39,CELL010101,DBN,KV1,active,2026-08-19-15,2026-08-19 15:00:00,70.86,index,valid,synthetic_ran_kpi,157,151,3.13,99.9
RAN_KPI-CELL_CONGESTION_HOURLY-00-40,CELL010101,DBN,KV1,active,2026-08-19-16,2026-08-19 16:00:00,44.15,index,valid,synthetic_ran_kpi,218,212,2.58,99.9
RAN_KPI-CELL_CONGESTION_HOURLY-00-41,CELL010101,DBN,KV1,active,2026-08-19-17,2026-08-19 17:00:00,80.5,index,valid,synthetic_ran_kpi,249,243,3.62,99.9
RAN_KPI-CELL_CONGESTION_HOURLY-00-42,CELL010101,DBN,KV1,active,2026-08-19-18,2026-08-19 18:00:00,24.41,index,valid,synthetic_ran_kpi,133,128,1.48,99.9
RAN_KPI-CELL_CONGESTION_HOURLY-00-43,CELL010101,DBN,KV1,active,2026-08-19-19,2026-08-19 19:00:00,30.43,index,valid,synthetic_ran_kpi,229,221,5.41,99.9
RAN_KPI-CELL_CONGESTION_HOURLY-00-44,CELL010101,DBN,KV1,active,2026-08-19-20,2026-08-19 20:00:00,35.08,index,valid,synthetic_ran_kpi,253,247,2.55,99.9
RAN_KPI-CELL_CONGESTION_HOURLY-00-45,CELL010101,DBN,KV1,active,2026-08-19-21,2026-08-19 21:00:00,83.96,index,valid,synthetic_ran_kpi,104,97,5.15,99.9
RAN_KPI-CELL_CONGESTION_HOURLY-00-46,CELL010101,DBN,KV1,active,2026-08-19-22,2026-08-19 22:00:00,51.62,index,valid,synthetic_ran_kpi,242,237,7.28,99.9
RAN_KPI-CELL_CONGESTION_HOURLY-00-47,CELL010101,DBN,KV1,active,2026-08-19-23,2026-08-19 23:00:00,38.25,index,valid,synthetic_ran_kpi,215,210,6.14,99.9
RAN_KPI-CELL_CONGESTION_HOURLY-00-48,CELL010101,DBN,KV1,active,2026-08-20-00,2026-08-20 00:00:00,20.84,index,valid,synthetic_ran_kpi,203,201,3.17,99.9
RAN_KPI-CELL_CONGESTION_HOURLY-00-49,CELL010101,DBN,KV1,active,2026-08-20-01,2026-08-20 01:00:00,26.85,index,valid,synthetic_ran_kpi,210,208,7.8,99.9
RAN_KPI-CELL_CONGESTION_HOURLY-00-50,CELL010101,DBN,KV1,active,2026-08-20-02,2026-08-20 02:00:00,27.49,index,valid,synthetic_ran_kpi,272,269,6.86,99.9
RAN_KPI-CELL_CONGESTION_HOURLY-00-51,CELL010101,DBN,KV1,active,2026-08-20-03,2026-08-20 03:00:00,57.59,index,valid,synthetic_ran_kpi,263,257,1.64,99.9
RAN_KPI-CELL_CONGESTION_HOURLY-00-52,CELL010101,DBN,KV1,active,2026-08-20-04,2026-08-20 04:00:00,72.54,index,valid,synthetic_ran_kpi,163,162,2.96,99.9
RAN_KPI-CELL_CONGESTION_HOURLY-00-53,CELL010101,DBN,KV1,active,2026-08-20-05,2026-08-20 05:00:00,81.84,index,valid,synthetic_ran_kpi,291,289,5.74,99.9
RAN_KPI-CELL_CONGESTION_HOURLY-00-54,CELL010101,DBN,KV1,active,2026-08-20-06,2026-08-20 06:00:00,23.56,index,valid,synthetic_ran_kpi,203,199,3.28,99.9
RAN_KPI-CELL_CONGESTION_HOURLY-00-55,CELL010101,DBN,KV1,active,2026-08-20-07,2026-08-20 07:00:00,75.22,index,valid,synthetic_ran_kpi,275,273,7.95,99.9
RAN_KPI-CELL_CONGESTION_HOURLY-00-56,CELL010101,DBN,KV1,active,2026-08-20-08,2026-08-20 08:00:00,44.22,index,valid,synthetic_ran_kpi,181,180,7.7,99.9
RAN_KPI-CELL_CONGESTION_HOURLY-00-57,CELL010101,DBN,KV1,active,2026-08-20-09,2026-08-20 09:00:00,40.49,index,valid,synthetic_ran_kpi,255,252,6.4,99.9
RAN_KPI-CELL_CONGESTION_HOURLY-00-58,CELL010101,DBN,KV1,active,2026-08-20-10,2026-08-20 10:00:00,61.97,index,valid,synthetic_ran_kpi,270,269,0.71,99.9
RAN_KPI-CELL_CONGESTION_HOURLY-00-59,CELL010101,DBN,KV1,active,2026-08-20-11,2026-08-20 11:00:00,70.0,index,valid,synthetic_ran_kpi,156,148,6.61,99.9
RAN_KPI-CELL_CONGESTION_HOURLY-00-60,CELL010101,DBN,KV1,active,2026-08-20-12,2026-08-20 12:00:00,62.63,index,valid,synthetic_ran_kpi,144,143,2.77,99.9
RAN_KPI-CELL_CONGESTION_HOURLY-00-61,CELL010101,DBN,KV1,active,2026-08-20-13,2026-08-20 13:00:00,71.61,index,valid,synthetic_ran_kpi,100,96,7.97,99.9
RAN_KPI-CELL_CONGESTION_HOURLY-00-62,CELL010101,DBN,KV1,active,2026-08-20-14,2026-08-20 14:00:00,16.94,index,valid,synthetic_ran_kpi,272,269,3.33,99.9
RAN_KPI-CELL_CONGESTION_HOURLY-00-63,CELL010101,DBN,KV1,active,2026-08-20-15,2026-08-20 15:00:00,39.52,index,valid,synthetic_ran_kpi,293,292,3.06,99.9
RAN_KPI-CELL_CONGESTION_HOURLY-00-64,CELL010101,DBN,KV1,active,2026-08-20-16,2026-08-20 16:00:00,34.96,index,valid,synthetic_ran_kpi,146,139,0.51,99.9
RAN_KPI-CELL_CONGESTION_HOURLY-00-65,CELL010101,DBN,KV1,active,2026-08-20-17,2026-08-20 17:00:00,36.45,index,valid,synthetic_ran_kpi,261,257,6.23,99.9
RAN_KPI-CELL_CONGESTION_HOURLY-00-66,CELL010101,DBN,KV1,active,2026-08-20-18,2026-08-20 18:00:00,33.41,index,valid,synthetic_ran_kpi,147,146,7.74,99.9
RAN_KPI-CELL_CONGESTION_HOURLY-00-67,CELL010101,DBN,KV1,active,2026-08-20-19,2026-08-20 19:00:00,19.64,index,valid,synthetic_ran_kpi,222,218,4.44,99.9
RAN_KPI-CELL_CONGESTION_HOURLY-00-68,CELL010101,DBN,KV1,active,2026-08-20-20,2026-08-20 20:00:00,38.7,index,valid,synthetic_ran_kpi,198,190,2.46,99.9
RAN_KPI-CELL_CONGESTION_HOURLY-00-69,CELL010101,DBN,KV1,active,2026-08-20-21,2026-08-20 21:00:00,51.74,index,valid,synthetic_ran_kpi,149,141,2.58,99.9
RAN_KPI-CELL_CONGESTION_HOURLY-00-70,CELL010101,DBN,KV1,active,2026-08-20-22,2026-08-20 22:00:00,33.6,index,valid,synthetic_ran_kpi,113,107,6.02,99.9
RAN_KPI-CELL_CONGESTION_HOURLY-00-71,CELL010101,DBN,KV1,active,2026-08-20-23,2026-08-20 23:00:00,68.59,index,valid,synthetic_ran_kpi,193,188,2.49,99.9
RAN_KPI-CELL_CONGESTION_HOURLY-01-00,CELL020201,SLA,KV1,active,2026-08-18-00,2026-08-18 00:00:00,29.73,index,valid,synthetic_ran_kpi,296,291,6.38,99.9
RAN_KPI-CELL_CONGESTION_HOURLY-01-01,CELL020201,SLA,KV1,active,2026-08-18-01,2026-08-18 01:00:00,19.59,index,valid,synthetic_ran_kpi,289,282,6.75,99.9
RAN_KPI-CELL_CONGESTION_HOURLY-01-02,CELL020201,SLA,KV1,active,2026-08-18-02,2026-08-18 02:00:00,77.13,index,valid,synthetic_ran_kpi,150,142,5.73,99.9
RAN_KPI-CELL_CONGESTION_HOURLY-01-03,CELL020201,SLA,KV1,active,2026-08-18-03,2026-08-18 03:00:00,81.96,index,valid,synthetic_ran_kpi,136,132,3.07,99.9
RAN_KPI-CELL_CONGESTION_HOURLY-01-04,CELL020201,SLA,KV1,active,2026-08-18-04,2026-08-18 04:00:00,73.57,index,valid,synthetic_ran_kpi,209,203,4.33,99.9
RAN_KPI-CELL_CONGESTION_HOURLY-01-05,CELL020201,SLA,KV1,active,2026-08-18-05,2026-08-18 05:00:00,72.24,index,valid,synthetic_ran_kpi,266,264,2.33,99.9
RAN_KPI-CELL_CONGESTION_HOURLY-01-06,CELL020201,SLA,KV1,active,2026-08-18-06,2026-08-18 06:00:00,32.44,index,valid,synthetic_ran_kpi,170,169,6.3,99.9
RAN_KPI-CELL_CONGESTION_HOURLY-01-07,CELL020201,SLA,KV1,active,2026-08-18-07,2026-08-18 07:00:00,39.84,index,valid,synthetic_ran_kpi,201,197,1.16,99.9
RAN_KPI-CELL_CONGESTION_HOURLY-01-08,CELL020201,SLA,KV1,active,2026-08-18-08,2026-08-18 08:00:00,76.39,index,valid,synthetic_ran_kpi,282,274,3.61,99.9
RAN_KPI-CELL_CONGESTION_HOURLY-01-09,CELL020201,SLA,KV1,active,2026-08-18-09,2026-08-18 09:00:00,61.74,index,valid,synthetic_ran_kpi,244,239,0.75,99.9
RAN_KPI-CELL_CONGESTION_HOURLY-01-10,CELL020201,SLA,KV1,active,2026-08-18-10,2026-08-18 10:00:00,61.76,index,valid,synthetic_ran_kpi,180,177,2.48,99.9
RAN_KPI-CELL_CONGESTION_HOURLY-01-11,CELL020201,SLA,KV1,active,2026-08-18-11,2026-08-18 11:00:00,22.75,index,valid,synthetic_ran_kpi,193,185,2.28,99.9
RAN_KPI-CELL_CONGESTION_HOURLY-01-12,CELL020201,SLA,KV1,active,2026-08-18-12,2026-08-18 12:00:00,81.62,index,valid,synthetic_ran_kpi,214,212,3.42,99.9
RAN_KPI-CELL_CONGESTION_HOURLY-01-13,CELL020201,SLA,KV1,active,2026-08-18-13,2026-08-18 13:00:00,84.53,index,valid,synthetic_ran_kpi,195,194,0.6,99.9
RAN_KPI-CELL_CONGESTION_HOURLY-01-14,CELL020201,SLA,KV1,active,2026-08-18-14,2026-08-18 14:00:00,46.39,index,valid,synthetic_ran_kpi,149,142,5.89,99.9
RAN_KPI-CELL_CONGESTION_HOURLY-01-15,CELL020201,SLA,KV1,active,2026-08-18-15,2026-08-18 15:00:00,21.2,index,valid,synthetic_ran_kpi,212,204,6.3,99.9
RAN_KPI-CELL_CONGESTION_HOURLY-01-16,CELL020201,SLA,KV1,active,2026-08-18-16,2026-08-18 16:00:00,73.7,index,valid,synthetic_ran_kpi,101,98,5.98,99.9
RAN_KPI-CELL_CONGESTION_HOURLY-01-17,CELL020201,SLA,KV1,active,2026-08-18-17,2026-08-18 17:00:00,31.67,index,valid,synthetic_ran_kpi,250,247,4.75,99.9
RAN_KPI-CELL_CONGESTION_HOURLY-01-18,CELL020201,SLA,KV1,active,2026-08-18-18,2026-08-18 18:00:00,24.57,index,valid,synthetic_ran_kpi,283,279,3.4,99.9
RAN_KPI-CELL_CONGESTION_HOURLY-01-19,CELL020201,SLA,KV1,active,2026-08-18-19,2026-08-18 19:00:00,42.74,index,valid,synthetic_ran_kpi,128,127,3.61,99.9
RAN_KPI-CELL_CONGESTION_HOURLY-01-20,CELL020201,SLA,KV1,active,2026-08-18-20,2026-08-18 20:00:00,74.14,index,valid,synthetic_ran_kpi,261,257,3.68,99.9
RAN_KPI-CELL_CONGESTION_HOURLY-01-21,CELL020201,SLA,KV1,active,2026-08-18-21,2026-08-18 21:00:00,74.92,index,valid,synthetic_ran_kpi,137,130,3.13,99.9
RAN_KPI-CELL_CONGESTION_HOURLY-01-22,CELL020201,SLA,KV1,active,2026-08-18-22,2026-08-18 22:00:00,29.26,index,valid,synthetic_ran_kpi,100,97,7.6,99.9
RAN_KPI-CELL_CONGESTION_HOURLY-01-23,CELL020201,SLA,KV1,active,2026-08-18-23,2026-08-18 23:00:00,33.94,index,valid,synthetic_ran_kpi,226,224,2.05,99.9
RAN_KPI-CELL_CONGESTION_HOURLY-01-24,CELL020201,SLA,KV1,active,2026-08-19-00,2026-08-19 00:00:00,48.57,index,valid,synthetic_ran_kpi,106,101,5.75,99.9
RAN_KPI-CELL_CONGESTION_HOURLY-01-25,CELL020201,SLA,KV1,active,2026-08-19-01,2026-08-19 01:00:00,79.36,index,valid,synthetic_ran_kpi,215,213,2.4,99.9
RAN_KPI-CELL_CONGESTION_HOURLY-01-26,CELL020201,SLA,KV1,active,2026-08-19-02,2026-08-19 02:00:00,59.81,index,valid,synthetic_ran_kpi,243,237,0.77,99.9
RAN_KPI-CELL_CONGESTION_HOURLY-01-27,CELL020201,SLA,KV1,active,2026-08-19-03,2026-08-19 03:00:00,34.15,index,valid,synthetic_ran_kpi,178,173,0.58,99.9
RAN_KPI-CELL_CONGESTION_HOURLY-01-28,CELL020201,SLA,KV1,active,2026-08-19-04,2026-08-19 04:00:00,39.38,index,valid,synthetic_ran_kpi,150,147,0.72,99.9
RAN_KPI-CELL_CONGESTION_HOURLY-01-29,CELL020201,SLA,KV1,active,2026-08-19-05,2026-08-19 05:00:00,78.54,index,valid,synthetic_ran_kpi,186,181,2.41,99.9
RAN_KPI-CELL_CONGESTION_HOURLY-01-30,CELL020201,SLA,KV1,active,2026-08-19-06,2026-08-19 06:00:00,42.95,index,valid,synthetic_ran_kpi,82,81,2.41,99.9
RAN_KPI-CELL_CONGESTION_HOURLY-01-31,CELL020201,SLA,KV1,active,2026-08-19-07,2026-08-19 07:00:00,39.09,index,valid,synthetic_ran_kpi,271,269,2.98,99.9
RAN_KPI-CELL_CONGESTION_HOURLY-01-32,CELL020201,SLA,KV1,active,2026-08-19-08,2026-08-19 08:00:00,38.08,index,valid,synthetic_ran_kpi,177,172,3.24,99.9
RAN_KPI-CELL_CONGESTION_HOURLY-01-33,CELL020201,SLA,KV1,active,2026-08-19-09,2026-08-19 09:00:00,25.19,index,valid,synthetic_ran_kpi,238,231,7.52,99.9
RAN_KPI-CELL_CONGESTION_HOURLY-01-34,CELL020201,SLA,KV1,active,2026-08-19-10,2026-08-19 10:00:00,61.0,index,valid,synthetic_ran_kpi,151,144,4.61,99.9
RAN_KPI-CELL_CONGESTION_HOURLY-01-35,CELL020201,SLA,KV1,active,2026-08-19-11,2026-08-19 11:00:00,72.92,index,valid,synthetic_ran_kpi,191,188,4.44,99.9
RAN_KPI-CELL_CONGESTION_HOURLY-01-36,CELL020201,SLA,KV1,active,2026-08-19-12,2026-08-19 12:00:00,21.87,index,valid,synthetic_ran_kpi,148,147,2.16,99.9
RAN_KPI-CELL_CONGESTION_HOURLY-01-37,CELL020201,SLA,KV1,active,2026-08-19-13,2026-08-19 13:00:00,68.04,index,valid,synthetic_ran_kpi,116,112,2.0,99.9
RAN_KPI-CELL_CONGESTION_HOURLY-01-38,CELL020201,SLA,KV1,active,2026-08-19-14,2026-08-19 14:00:00,27.82,index,valid,synthetic_ran_kpi,128,127,3.06,99.9
RAN_KPI-CELL_CONGESTION_HOURLY-01-39,CELL020201,SLA,KV1,active,2026-08-19-15,2026-08-19 15:00:00,28.74,index,valid,synthetic_ran_kpi,254,246,5.41,99.9
RAN_KPI-CELL_CONGESTION_HOURLY-01-40,CELL020201,SLA,KV1,active,2026-08-19-16,2026-08-19 16:00:00,60.63,index,valid,synthetic_ran_kpi,234,233,3.46,99.9
RAN_KPI-CELL_CONGESTION_HOURLY-01-41,CELL020201,SLA,KV1,active,2026-08-19-17,2026-08-19 17:00:00,83.41,index,valid,synthetic_ran_kpi,261,259,5.09,99.9
RAN_KPI-CELL_CONGESTION_HOURLY-01-42,CELL020201,SLA,KV1,active,2026-08-19-18,2026-08-19 18:00:00,38.04,index,valid,synthetic_ran_kpi,82,75,4.88,99.9
RAN_KPI-CELL_CONGESTION_HOURLY-01-43,CELL020201,SLA,KV1,active,2026-08-19-19,2026-08-19 19:00:00,61.39,index,valid,synthetic_ran_kpi,96,88,0.73,99.9
RAN_KPI-CELL_CONGESTION_HOURLY-01-44,CELL020201,SLA,KV1,active,2026-08-19-20,2026-08-19 20:00:00,77.24,index,valid,synthetic_ran_kpi,246,244,3.38,99.9
RAN_KPI-CELL_CONGESTION_HOURLY-01-45,CELL020201,SLA,KV1,degraded,2026-08-19-21,2026-08-19 21:00:00,116.89,index,degraded,synthetic_ran_kpi,250,223,2.05,98.0
RAN_KPI-CELL_CONGESTION_HOURLY-01-46,CELL020201,SLA,KV1,active,2026-08-19-22,2026-08-19 22:00:00,66.56,index,valid,synthetic_ran_kpi,288,285,2.19,99.9
RAN_KPI-CELL_CONGESTION_HOURLY-01-47,CELL020201,SLA,KV1,active,2026-08-19-23,2026-08-19 23:00:00,21.65,index,valid,synthetic_ran_kpi,197,189,7.2,99.9
RAN_KPI-CELL_CONGESTION_HOURLY-01-48,CELL020201,SLA,KV1,active,2026-08-20-00,2026-08-20 00:00:00,66.09,index,valid,synthetic_ran_kpi,135,131,2.71,99.9
RAN_KPI-CELL_CONGESTION_HOURLY-01-49,CELL020201,SLA,KV1,active,2026-08-20-01,2026-08-20 01:00:00,66.0,index,valid,synthetic_ran_kpi,257,249,3.31,99.9
RAN_KPI-CELL_CONGESTION_HOURLY-01-50,CELL020201,SLA,KV1,active,2026-08-20-02,2026-08-20 02:00:00,24.6,index,valid,synthetic_ran_kpi,183,179,2.84,99.9
RAN_KPI-CELL_CONGESTION_HOURLY-01-51,CELL020201,SLA,KV1,active,2026-08-20-03,2026-08-20 03:00:00,39.13,index,valid,synthetic_ran_kpi,159,155,6.13,99.9
RAN_KPI-CELL_CONGESTION_HOURLY-01-52,CELL020201,SLA,KV1,active,2026-08-20-04,2026-08-20 04:00:00,25.87,index,valid,synthetic_ran_kpi,198,191,2.54,99.9
RAN_KPI-CELL_CONGESTION_HOURLY-01-53,CELL020201,SLA,KV1,active,2026-08-20-05,2026-08-20 05:00:00,49.53,index,valid,synthetic_ran_kpi,192,184,7.16,99.9
RAN_KPI-CELL_CONGESTION_HOURLY-01-54,CELL020201,SLA,KV1,active,2026-08-20-06,2026-08-20 06:00:00,64.09,index,valid,synthetic_ran_kpi,172,167,2.33,99.9
RAN_KPI-CELL_CONGESTION_HOURLY-01-55,CELL020201,SLA,KV1,active,2026-08-20-07,2026-08-20 07:00:00,84.16,index,valid,synthetic_ran_kpi,126,120,2.03,99.9
RAN_KPI-CELL_CONGESTION_HOURLY-01-56,CELL020201,SLA,KV1,active,2026-08-20-08,2026-08-20 08:00:00,16.72,index,valid,synthetic_ran_kpi,221,220,3.89,99.9
RAN_KPI-CELL_CONGESTION_HOURLY-01-57,CELL020201,SLA,KV1,active,2026-08-20-09,2026-08-20 09:00:00,74.23,index,valid,synthetic_ran_kpi,163,156,1.55,99.9
RAN_KPI-CELL_CONGESTION_HOURLY-01-58,CELL020201,SLA,KV1,active,2026-08-20-10,2026-08-20 10:00:00,79.29,index,valid,synthetic_ran_kpi,121,116,2.2,99.9
RAN_KPI-CELL_CONGESTION_HOURLY-01-59,CELL020201,SLA,KV1,active,2026-08-20-11,2026-08-20 11:00:00,33.1,index,valid,synthetic_ran_kpi,204,197,7.91,99.9
RAN_KPI-CELL_CONGESTION_HOURLY-01-60,CELL020201,SLA,KV1,active,2026-08-20-12,2026-08-20 12:00:00,24.41,index,valid,synthetic_ran_kpi,218,210,2.25,99.9
RAN_KPI-CELL_CONGESTION_HOURLY-01-61,CELL020201,SLA,KV1,active,2026-08-20-13,2026-08-20 13:00:00,30.9,index,valid,synthetic_ran_kpi,141,133,3.69,99.9
RAN_KPI-CELL_CONGESTION_HOURLY-01-62,CELL020201,SLA,KV1,active,2026-08-20-14,2026-08-20 14:00:00,79.91,index,valid,synthetic_ran_kpi,292,286,5.82,99.9
RAN_KPI-CELL_CONGESTION_HOURLY-01-63,CELL020201,SLA,KV1,active,2026-08-20-15,2026-08-20 15:00:00,66.07,index,valid,synthetic_ran_kpi,234,232,6.1,99.9
RAN_KPI-CELL_CONGESTION_HOURLY-01-64,CELL020201,SLA,KV1,active,2026-08-20-16,2026-08-20 16:00:00,29.15,index,valid,synthetic_ran_kpi,129,124,1.03,99.9
RAN_KPI-CELL_CONGESTION_HOURLY-01-65,CELL020201,SLA,KV1,active,2026-08-20-17,2026-08-20 17:00:00,32.91,index,valid,synthetic_ran_kpi,126,120,2.13,99.9
RAN_KPI-CELL_CONGESTION_HOURLY-01-66,CELL020201,SLA,KV1,active,2026-08-20-18,2026-08-20 18:00:00,61.66,index,valid,synthetic_ran_kpi,215,213,2.17,99.9
RAN_KPI-CELL_CONGESTION_HOURLY-01-67,CELL020201,SLA,KV1,active,2026-08-20-19,2026-08-20 19:00:00,78.52,index,valid,synthetic_ran_kpi,142,134,7.36,99.9
RAN_KPI-CELL_CONGESTION_HOURLY-01-68,CELL020201,SLA,KV1,active,2026-08-20-20,2026-08-20 20:00:00,66.22,index,valid,synthetic_ran_kpi,148,145,6.08,99.9
RAN_KPI-CELL_CONGESTION_HOURLY-01-69,CELL020201,SLA,KV1,active,2026-08-20-21,2026-08-20 21:00:00,71.11,index,valid,synthetic_ran_kpi,274,266,3.57,99.9
RAN_KPI-CELL_CONGESTION_HOURLY-01-70,CELL020201,SLA,KV1,active,2026-08-20-22,2026-08-20 22:00:00,22.84,index,valid,synthetic_ran_kpi,172,166,7.38,99.9
RAN_KPI-CELL_CONGESTION_HOURLY-01-71,CELL020201,SLA,KV1,active,2026-08-20-23,2026-08-20 23:00:00,72.08,index,valid,synthetic_ran_kpi,124,119,6.67,99.9
RAN_KPI-CELL_CONGESTION_HOURLY-02-00,CELL030101,CMU,KV3,active,2026-08-18-00,2026-08-18 00:00:00,58.13,index,valid,synthetic_ran_kpi,216,210,5.98,99.9
RAN_KPI-CELL_CONGESTION_HOURLY-02-01,CELL030101,CMU,KV3,active,2026-08-18-01,2026-08-18 01:00:00,41.97,index,valid,synthetic_ran_kpi,297,291,7.21,99.9
RAN_KPI-CELL_CONGESTION_HOURLY-02-02,CELL030101,CMU,KV3,active,2026-08-18-02,2026-08-18 02:00:00,42.34,index,valid,synthetic_ran_kpi,116,112,5.34,99.9
RAN_KPI-CELL_CONGESTION_HOURLY-02-03,CELL030101,CMU,KV3,active,2026-08-18-03,2026-08-18 03:00:00,37.78,index,valid,synthetic_ran_kpi,169,166,5.01,99.9
RAN_KPI-CELL_CONGESTION_HOURLY-02-04,CELL030101,CMU,KV3,active,2026-08-18-04,2026-08-18 04:00:00,83.06,index,valid,synthetic_ran_kpi,251,243,1.68,99.9
RAN_KPI-CELL_CONGESTION_HOURLY-02-05,CELL030101,CMU,KV3,active,2026-08-18-05,2026-08-18 05:00:00,74.02,index,valid,synthetic_ran_kpi,141,140,3.81,99.9
RAN_KPI-CELL_CONGESTION_HOURLY-02-06,CELL030101,CMU,KV3,active,2026-08-18-06,2026-08-18 06:00:00,81.23,index,valid,synthetic_ran_kpi,110,106,7.12,99.9
RAN_KPI-CELL_CONGESTION_HOURLY-02-07,CELL030101,CMU,KV3,active,2026-08-18-07,2026-08-18 07:00:00,66.83,index,valid,synthetic_ran_kpi,123,117,4.41,99.9
RAN_KPI-CELL_CONGESTION_HOURLY-02-08,CELL030101,CMU,KV3,active,2026-08-18-08,2026-08-18 08:00:00,41.32,index,valid,synthetic_ran_kpi,133,130,2.13,99.9
RAN_KPI-CELL_CONGESTION_HOURLY-02-09,CELL030101,CMU,KV3,active,2026-08-18-09,2026-08-18 09:00:00,66.9,index,valid,synthetic_ran_kpi,158,156,4.74,99.9
RAN_KPI-CELL_CONGESTION_HOURLY-02-10,CELL030101,CMU,KV3,active,2026-08-18-10,2026-08-18 10:00:00,15.31,index,valid,synthetic_ran_kpi,201,198,4.48,99.9
RAN_KPI-CELL_CONGESTION_HOURLY-02-11,CELL030101,CMU,KV3,active,2026-08-18-11,2026-08-18 11:00:00,36.36,index,valid,synthetic_ran_kpi,291,286,5.71,99.9
RAN_KPI-CELL_CONGESTION_HOURLY-02-12,CELL030101,CMU,KV3,active,2026-08-18-12,2026-08-18 12:00:00,79.62,index,valid,synthetic_ran_kpi,148,145,2.95,99.9
RAN_KPI-CELL_CONGESTION_HOURLY-02-13,CELL030101,CMU,KV3,active,2026-08-18-13,2026-08-18 13:00:00,79.39,index,valid,synthetic_ran_kpi,274,270,6.97,99.9
RAN_KPI-CELL_CONGESTION_HOURLY-02-14,CELL030101,CMU,KV3,active,2026-08-18-14,2026-08-18 14:00:00,65.1,index,valid,synthetic_ran_kpi,180,174,4.3,99.9
RAN_KPI-CELL_CONGESTION_HOURLY-02-15,CELL030101,CMU,KV3,active,2026-08-18-15,2026-08-18 15:00:00,56.74,index,valid,synthetic_ran_kpi,89,86,3.62,99.9
RAN_KPI-CELL_CONGESTION_HOURLY-02-16,CELL030101,CMU,KV3,active,2026-08-18-16,2026-08-18 16:00:00,33.01,index,valid,synthetic_ran_kpi,202,200,4.1,99.9
RAN_KPI-CELL_CONGESTION_HOURLY-02-17,CELL030101,CMU,KV3,active,2026-08-18-17,2026-08-18 17:00:00,18.19,index,valid,synthetic_ran_kpi,267,264,0.91,99.9
RAN_KPI-CELL_CONGESTION_HOURLY-02-18,CELL030101,CMU,KV3,active,2026-08-18-18,2026-08-18 18:00:00,36.52,index,valid,synthetic_ran_kpi,90,83,5.65,99.9
RAN_KPI-CELL_CONGESTION_HOURLY-02-19,CELL030101,CMU,KV3,active,2026-08-18-19,2026-08-18 19:00:00,80.26,index,valid,synthetic_ran_kpi,118,116,3.1,99.9
RAN_KPI-CELL_CONGESTION_HOURLY-02-20,CELL030101,CMU,KV3,active,2026-08-18-20,2026-08-18 20:00:00,48.99,index,valid,synthetic_ran_kpi,165,160,6.88,99.9
RAN_KPI-CELL_CONGESTION_HOURLY-02-21,CELL030101,CMU,KV3,active,2026-08-18-21,2026-08-18 21:00:00,49.19,index,valid,synthetic_ran_kpi,219,218,2.4,99.9
RAN_KPI-CELL_CONGESTION_HOURLY-02-22,CELL030101,CMU,KV3,active,2026-08-18-22,2026-08-18 22:00:00,74.99,index,valid,synthetic_ran_kpi,191,188,6.17,99.9
RAN_KPI-CELL_CONGESTION_HOURLY-02-23,CELL030101,CMU,KV3,active,2026-08-18-23,2026-08-18 23:00:00,29.14,index,valid,synthetic_ran_kpi,293,289,5.83,99.9
RAN_KPI-CELL_CONGESTION_HOURLY-02-24,CELL030101,CMU,KV3,active,2026-08-19-00,2026-08-19 00:00:00,83.84,index,valid,synthetic_ran_kpi,103,100,6.48,99.9
RAN_KPI-CELL_CONGESTION_HOURLY-02-25,CELL030101,CMU,KV3,active,2026-08-19-01,2026-08-19 01:00:00,15.86,index,valid,synthetic_ran_kpi,259,253,5.99,99.9
RAN_KPI-CELL_CONGESTION_HOURLY-02-26,CELL030101,CMU,KV3,active,2026-08-19-02,2026-08-19 02:00:00,16.53,index,valid,synthetic_ran_kpi,111,108,7.25,99.9
RAN_KPI-CELL_CONGESTION_HOURLY-02-27,CELL030101,CMU,KV3,active,2026-08-19-03,2026-08-19 03:00:00,29.5,index,valid,synthetic_ran_kpi,296,289,2.71,99.9
RAN_KPI-CELL_CONGESTION_HOURLY-02-28,CELL030101,CMU,KV3,active,2026-08-19-04,2026-08-19 04:00:00,43.75,index,valid,synthetic_ran_kpi,154,151,3.09,99.9
RAN_KPI-CELL_CONGESTION_HOURLY-02-29,CELL030101,CMU,KV3,active,2026-08-19-05,2026-08-19 05:00:00,43.48,index,valid,synthetic_ran_kpi,126,123,5.72,99.9
RAN_KPI-CELL_CONGESTION_HOURLY-02-30,CELL030101,CMU,KV3,active,2026-08-19-06,2026-08-19 06:00:00,26.17,index,valid,synthetic_ran_kpi,100,93,2.23,99.9
RAN_KPI-CELL_CONGESTION_HOURLY-02-31,CELL030101,CMU,KV3,active,2026-08-19-07,2026-08-19 07:00:00,63.37,index,valid,synthetic_ran_kpi,170,165,1.15,99.9
RAN_KPI-CELL_CONGESTION_HOURLY-02-32,CELL030101,CMU,KV3,active,2026-08-19-08,2026-08-19 08:00:00,67.6,index,valid,synthetic_ran_kpi,296,290,0.65,99.9
RAN_KPI-CELL_CONGESTION_HOURLY-02-33,CELL030101,CMU,KV3,active,2026-08-19-09,2026-08-19 09:00:00,82.09,index,valid,synthetic_ran_kpi,157,151,1.86,99.9
RAN_KPI-CELL_CONGESTION_HOURLY-02-34,CELL030101,CMU,KV3,active,2026-08-19-10,2026-08-19 10:00:00,18.47,index,valid,synthetic_ran_kpi,236,234,3.09,99.9
RAN_KPI-CELL_CONGESTION_HOURLY-02-35,CELL030101,CMU,KV3,active,2026-08-19-11,2026-08-19 11:00:00,39.52,index,valid,synthetic_ran_kpi,109,108,4.99,99.9
RAN_KPI-CELL_CONGESTION_HOURLY-02-36,CELL030101,CMU,KV3,active,2026-08-19-12,2026-08-19 12:00:00,23.2,index,valid,synthetic_ran_kpi,109,102,2.01,99.9
RAN_KPI-CELL_CONGESTION_HOURLY-02-37,CELL030101,CMU,KV3,active,2026-08-19-13,2026-08-19 13:00:00,31.65,index,valid,synthetic_ran_kpi,241,233,1.15,99.9
RAN_KPI-CELL_CONGESTION_HOURLY-02-38,CELL030101,CMU,KV3,active,2026-08-19-14,2026-08-19 14:00:00,74.84,index,valid,synthetic_ran_kpi,243,237,1.85,99.9
RAN_KPI-CELL_CONGESTION_HOURLY-02-39,CELL030101,CMU,KV3,active,2026-08-19-15,2026-08-19 15:00:00,63.01,index,valid,synthetic_ran_kpi,291,284,6.79,99.9
RAN_KPI-CELL_CONGESTION_HOURLY-02-40,CELL030101,CMU,KV3,active,2026-08-19-16,2026-08-19 16:00:00,59.32,index,valid,synthetic_ran_kpi,127,125,5.83,99.9
RAN_KPI-CELL_CONGESTION_HOURLY-02-41,CELL030101,CMU,KV3,active,2026-08-19-17,2026-08-19 17:00:00,52.01,index,valid,synthetic_ran_kpi,80,77,7.23,99.9
RAN_KPI-CELL_CONGESTION_HOURLY-02-42,CELL030101,CMU,KV3,active,2026-08-19-18,2026-08-19 18:00:00,73.71,index,valid,synthetic_ran_kpi,122,118,6.15,99.9
RAN_KPI-CELL_CONGESTION_HOURLY-02-43,CELL030101,CMU,KV3,active,2026-08-19-19,2026-08-19 19:00:00,28.5,index,valid,synthetic_ran_kpi,114,107,6.41,99.9
RAN_KPI-CELL_CONGESTION_HOURLY-02-44,CELL030101,CMU,KV3,active,2026-08-19-20,2026-08-19 20:00:00,52.19,index,valid,synthetic_ran_kpi,293,286,7.18,99.9
RAN_KPI-CELL_CONGESTION_HOURLY-02-45,CELL030101,CMU,KV3,active,2026-08-19-21,2026-08-19 21:00:00,78.85,index,valid,synthetic_ran_kpi,300,296,0.82,99.9
RAN_KPI-CELL_CONGESTION_HOURLY-02-46,CELL030101,CMU,KV3,active,2026-08-19-22,2026-08-19 22:00:00,77.97,index,valid,synthetic_ran_kpi,145,144,6.96,99.9
RAN_KPI-CELL_CONGESTION_HOURLY-02-47,CELL030101,CMU,KV3,active,2026-08-19-23,2026-08-19 23:00:00,77.3,index,valid,synthetic_ran_kpi,300,293,4.55,99.9
RAN_KPI-CELL_CONGESTION_HOURLY-02-48,CELL030101,CMU,KV3,active,2026-08-20-00,2026-08-20 00:00:00,57.02,index,valid,synthetic_ran_kpi,226,218,5.66,99.9
RAN_KPI-CELL_CONGESTION_HOURLY-02-49,CELL030101,CMU,KV3,active,2026-08-20-01,2026-08-20 01:00:00,75.89,index,valid,synthetic_ran_kpi,149,142,3.99,99.9
RAN_KPI-CELL_CONGESTION_HOURLY-02-50,CELL030101,CMU,KV3,active,2026-08-20-02,2026-08-20 02:00:00,32.36,index,valid,synthetic_ran_kpi,192,184,3.71,99.9
RAN_KPI-CELL_CONGESTION_HOURLY-02-51,CELL030101,CMU,KV3,active,2026-08-20-03,2026-08-20 03:00:00,67.91,index,valid,synthetic_ran_kpi,152,147,2.6,99.9
RAN_KPI-CELL_CONGESTION_HOURLY-02-52,CELL030101,CMU,KV3,active,2026-08-20-04,2026-08-20 04:00:00,43.65,index,valid,synthetic_ran_kpi,222,221,5.19,99.9
RAN_KPI-CELL_CONGESTION_HOURLY-02-53,CELL030101,CMU,KV3,active,2026-08-20-05,2026-08-20 05:00:00,49.46,index,valid,synthetic_ran_kpi,153,149,5.51,99.9
RAN_KPI-CELL_CONGESTION_HOURLY-02-54,CELL030101,CMU,KV3,active,2026-08-20-06,2026-08-20 06:00:00,42.63,index,valid,synthetic_ran_kpi,86,85,5.25,99.9
RAN_KPI-CELL_CONGESTION_HOURLY-02-55,CELL030101,CMU,KV3,active,2026-08-20-07,2026-08-20 07:00:00,36.67,index,valid,synthetic_ran_kpi,208,202,6.82,99.9
RAN_KPI-CELL_CONGESTION_HOURLY-02-56,CELL030101,CMU,KV3,active,2026-08-20-08,2026-08-20 08:00:00,55.62,index,valid,synthetic_ran_kpi,211,206,7.43,99.9
RAN_KPI-CELL_CONGESTION_HOURLY-02-57,CELL030101,CMU,KV3,active,2026-08-20-09,2026-08-20 09:00:00,21.38,index,valid,synthetic_ran_kpi,107,105,6.48,99.9
RAN_KPI-CELL_CONGESTION_HOURLY-02-58,CELL030101,CMU,KV3,active,2026-08-20-10,2026-08-20 10:00:00,54.39,index,valid,synthetic_ran_kpi,196,188,5.31,99.9
RAN_KPI-CELL_CONGESTION_HOURLY-02-59,CELL030101,CMU,KV3,active,2026-08-20-11,2026-08-20 11:00:00,40.13,index,valid,synthetic_ran_kpi,159,152,1.38,99.9
RAN_KPI-CELL_CONGESTION_HOURLY-02-60,CELL030101,CMU,KV3,active,2026-08-20-12,2026-08-20 12:00:00,43.1,index,valid,synthetic_ran_kpi,95,94,0.92,99.9
RAN_KPI-CELL_CONGESTION_HOURLY-02-61,CELL030101,CMU,KV3,active,2026-08-20-13,2026-08-20 13:00:00,35.7,index,valid,synthetic_ran_kpi,89,85,2.59,99.9
RAN_KPI-CELL_CONGESTION_HOURLY-02-62,CELL030101,CMU,KV3,active,2026-08-20-14,2026-08-20 14:00:00,43.2,index,valid,synthetic_ran_kpi,194,193,3.2,99.9
RAN_KPI-CELL_CONGESTION_HOURLY-02-63,CELL030101,CMU,KV3,active,2026-08-20-15,2026-08-20 15:00:00,16.41,index,valid,synthetic_ran_kpi,266,259,5.05,99.9
RAN_KPI-CELL_CONGESTION_HOURLY-02-64,CELL030101,CMU,KV3,active,2026-08-20-16,2026-08-20 16:00:00,26.84,index,valid,synthetic_ran_kpi,216,212,5.22,99.9
RAN_KPI-CELL_CONGESTION_HOURLY-02-65,CELL030101,CMU,KV3,active,2026-08-20-17,2026-08-20 17:00:00,24.85,index,valid,synthetic_ran_kpi,226,219,4.46,99.9
RAN_KPI-CELL_CONGESTION_HOURLY-02-66,CELL030101,CMU,KV3,active,2026-08-20-18,2026-08-20 18:00:00,28.31,index,valid,synthetic_ran_kpi,259,254,4.31,99.9
RAN_KPI-CELL_CONGESTION_HOURLY-02-67,CELL030101,CMU,KV3,active,2026-08-20-19,2026-08-20 19:00:00,72.28,index,valid,synthetic_ran_kpi,106,101,7.91,99.9
RAN_KPI-CELL_CONGESTION_HOURLY-02-68,CELL030101,CMU,KV3,active,2026-08-20-20,2026-08-20 20:00:00,44.31,index,valid,synthetic_ran_kpi,185,177,6.18,99.9
RAN_KPI-CELL_CONGESTION_HOURLY-02-69,CELL030101,CMU,KV3,active,2026-08-20-21,2026-08-20 21:00:00,66.61,index,valid,synthetic_ran_kpi,112,104,5.93,99.9
RAN_KPI-CELL_CONGESTION_HOURLY-02-70,CELL030101,CMU,KV3,active,2026-08-20-22,2026-08-20 22:00:00,19.52,index,valid,synthetic_ran_kpi,291,286,2.04,99.9
RAN_KPI-CELL_CONGESTION_HOURLY-02-71,CELL030101,CMU,KV3,active,2026-08-20-23,2026-08-20 23:00:00,58.58,index,valid,synthetic_ran_kpi,174,170,2.14,99.9
RAN_KPI-CELL_CONGESTION_HOURLY-03-00,CELL040201,NBH,KV1,active,2026-08-18-00,2026-08-18 00:00:00,49.56,index,valid,synthetic_ran_kpi,101,99,2.01,99.9
RAN_KPI-CELL_CONGESTION_HOURLY-03-01,CELL040201,NBH,KV1,active,2026-08-18-01,2026-08-18 01:00:00,37.57,index,valid,synthetic_ran_kpi,122,121,7.75,99.9
RAN_KPI-CELL_CONGESTION_HOURLY-03-02,CELL040201,NBH,KV1,active,2026-08-18-02,2026-08-18 02:00:00,28.62,index,valid,synthetic_ran_kpi,246,238,6.77,99.9
RAN_KPI-CELL_CONGESTION_HOURLY-03-03,CELL040201,NBH,KV1,active,2026-08-18-03,2026-08-18 03:00:00,15.85,index,valid,synthetic_ran_kpi,148,142,3.05,99.9
RAN_KPI-CELL_CONGESTION_HOURLY-03-04,CELL040201,NBH,KV1,active,2026-08-18-04,2026-08-18 04:00:00,40.26,index,valid,synthetic_ran_kpi,92,85,7.2,99.9
RAN_KPI-CELL_CONGESTION_HOURLY-03-05,CELL040201,NBH,KV1,active,2026-08-18-05,2026-08-18 05:00:00,45.7,index,valid,synthetic_ran_kpi,206,201,2.06,99.9
RAN_KPI-CELL_CONGESTION_HOURLY-03-06,CELL040201,NBH,KV1,active,2026-08-18-06,2026-08-18 06:00:00,49.83,index,valid,synthetic_ran_kpi,250,244,6.48,99.9
RAN_KPI-CELL_CONGESTION_HOURLY-03-07,CELL040201,NBH,KV1,active,2026-08-18-07,2026-08-18 07:00:00,54.91,index,valid,synthetic_ran_kpi,141,135,6.16,99.9
RAN_KPI-CELL_CONGESTION_HOURLY-03-08,CELL040201,NBH,KV1,active,2026-08-18-08,2026-08-18 08:00:00,65.98,index,valid,synthetic_ran_kpi,278,277,3.54,99.9
RAN_KPI-CELL_CONGESTION_HOURLY-03-09,CELL040201,NBH,KV1,active,2026-08-18-09,2026-08-18 09:00:00,53.05,index,valid,synthetic_ran_kpi,205,198,4.55,99.9
RAN_KPI-CELL_CONGESTION_HOURLY-03-10,CELL040201,NBH,KV1,active,2026-08-18-10,2026-08-18 10:00:00,71.74,index,valid,synthetic_ran_kpi,244,242,7.38,99.9
RAN_KPI-CELL_CONGESTION_HOURLY-03-11,CELL040201,NBH,KV1,active,2026-08-18-11,2026-08-18 11:00:00,15.13,index,valid,synthetic_ran_kpi,286,284,7.54,99.9
RAN_KPI-CELL_CONGESTION_HOURLY-03-12,CELL040201,NBH,KV1,active,2026-08-18-12,2026-08-18 12:00:00,52.45,index,valid,synthetic_ran_kpi,144,139,5.83,99.9
RAN_KPI-CELL_CONGESTION_HOURLY-03-13,CELL040201,NBH,KV1,active,2026-08-18-13,2026-08-18 13:00:00,47.84,index,valid,synthetic_ran_kpi,84,79,5.03,99.9
RAN_KPI-CELL_CONGESTION_HOURLY-03-14,CELL040201,NBH,KV1,active,2026-08-18-14,2026-08-18 14:00:00,84.1,index,valid,synthetic_ran_kpi,263,261,0.89,99.9
RAN_KPI-CELL_CONGESTION_HOURLY-03-15,CELL040201,NBH,KV1,active,2026-08-18-15,2026-08-18 15:00:00,68.53,index,valid,synthetic_ran_kpi,81,73,2.04,99.9
RAN_KPI-CELL_CONGESTION_HOURLY-03-16,CELL040201,NBH,KV1,active,2026-08-18-16,2026-08-18 16:00:00,60.94,index,valid,synthetic_ran_kpi,98,91,1.51,99.9
RAN_KPI-CELL_CONGESTION_HOURLY-03-17,CELL040201,NBH,KV1,active,2026-08-18-17,2026-08-18 17:00:00,26.21,index,valid,synthetic_ran_kpi,165,164,7.3,99.9
RAN_KPI-CELL_CONGESTION_HOURLY-03-18,CELL040201,NBH,KV1,active,2026-08-18-18,2026-08-18 18:00:00,54.73,index,valid,synthetic_ran_kpi,267,263,7.76,99.9
RAN_KPI-CELL_CONGESTION_HOURLY-03-19,CELL040201,NBH,KV1,active,2026-08-18-19,2026-08-18 19:00:00,17.21,index,valid,synthetic_ran_kpi,237,234,5.23,99.9
RAN_KPI-CELL_CONGESTION_HOURLY-03-20,CELL040201,NBH,KV1,active,2026-08-18-20,2026-08-18 20:00:00,23.16,index,valid,synthetic_ran_kpi,120,119,2.5,99.9
RAN_KPI-CELL_CONGESTION_HOURLY-03-21,CELL040201,NBH,KV1,active,2026-08-18-21,2026-08-18 21:00:00,67.63,index,valid,synthetic_ran_kpi,256,249,2.36,99.9
RAN_KPI-CELL_CONGESTION_HOURLY-03-22,CELL040201,NBH,KV1,active,2026-08-18-22,2026-08-18 22:00:00,46.31,index,valid,synthetic_ran_kpi,163,156,4.73,99.9
RAN_KPI-CELL_CONGESTION_HOURLY-03-23,CELL040201,NBH,KV1,active,2026-08-18-23,2026-08-18 23:00:00,32.33,index,valid,synthetic_ran_kpi,189,183,0.58,99.9
RAN_KPI-CELL_CONGESTION_HOURLY-03-24,CELL040201,NBH,KV1,active,2026-08-19-00,2026-08-19 00:00:00,46.82,index,valid,synthetic_ran_kpi,100,97,1.49,99.9
RAN_KPI-CELL_CONGESTION_HOURLY-03-25,CELL040201,NBH,KV1,active,2026-08-19-01,2026-08-19 01:00:00,53.8,index,valid,synthetic_ran_kpi,161,157,3.67,99.9
RAN_KPI-CELL_CONGESTION_HOURLY-03-26,CELL040201,NBH,KV1,active,2026-08-19-02,2026-08-19 02:00:00,29.88,index,valid,synthetic_ran_kpi,134,131,3.79,99.9
RAN_KPI-CELL_CONGESTION_HOURLY-03-27,CELL040201,NBH,KV1,active,2026-08-19-03,2026-08-19 03:00:00,47.86,index,valid,synthetic_ran_kpi,141,138,6.17,99.9
RAN_KPI-CELL_CONGESTION_HOURLY-03-28,CELL040201,NBH,KV1,active,2026-08-19-04,2026-08-19 04:00:00,19.4,index,valid,synthetic_ran_kpi,156,150,7.93,99.9
RAN_KPI-CELL_CONGESTION_HOURLY-03-29,CELL040201,NBH,KV1,active,2026-08-19-05,2026-08-19 05:00:00,16.57,index,valid,synthetic_ran_kpi,180,179,0.54,99.9
RAN_KPI-CELL_CONGESTION_HOURLY-03-30,CELL040201,NBH,KV1,active,2026-08-19-06,2026-08-19 06:00:00,59.96,index,valid,synthetic_ran_kpi,267,263,2.57,99.9
RAN_KPI-CELL_CONGESTION_HOURLY-03-31,CELL040201,NBH,KV1,active,2026-08-19-07,2026-08-19 07:00:00,69.18,index,valid,synthetic_ran_kpi,209,208,5.15,99.9
RAN_KPI-CELL_CONGESTION_HOURLY-03-32,CELL040201,NBH,KV1,active,2026-08-19-08,2026-08-19 08:00:00,29.75,index,valid,synthetic_ran_kpi,106,103,7.46,99.9
RAN_KPI-CELL_CONGESTION_HOURLY-03-33,CELL040201,NBH,KV1,active,2026-08-19-09,2026-08-19 09:00:00,40.13,index,valid,synthetic_ran_kpi,210,207,3.32,99.9
RAN_KPI-CELL_CONGESTION_HOURLY-03-34,CELL040201,NBH,KV1,active,2026-08-19-10,2026-08-19 10:00:00,54.07,index,valid,synthetic_ran_kpi,190,183,1.7,99.9
RAN_KPI-CELL_CONGESTION_HOURLY-03-35,CELL040201,NBH,KV1,active,2026-08-19-11,2026-08-19 11:00:00,67.89,index,valid,synthetic_ran_kpi,182,175,2.64,99.9
RAN_KPI-CELL_CONGESTION_HOURLY-03-36,CELL040201,NBH,KV1,active,2026-08-19-12,2026-08-19 12:00:00,48.97,index,valid,synthetic_ran_kpi,276,273,7.79,99.9
RAN_KPI-CELL_CONGESTION_HOURLY-03-37,CELL040201,NBH,KV1,active,2026-08-19-13,2026-08-19 13:00:00,28.76,index,valid,synthetic_ran_kpi,109,106,1.77,99.9
RAN_KPI-CELL_CONGESTION_HOURLY-03-38,CELL040201,NBH,KV1,active,2026-08-19-14,2026-08-19 14:00:00,68.45,index,valid,synthetic_ran_kpi,299,295,3.95,99.9
RAN_KPI-CELL_CONGESTION_HOURLY-03-39,CELL040201,NBH,KV1,active,2026-08-19-15,2026-08-19 15:00:00,58.87,index,valid,synthetic_ran_kpi,102,100,3.71,99.9
RAN_KPI-CELL_CONGESTION_HOURLY-03-40,CELL040201,NBH,KV1,active,2026-08-19-16,2026-08-19 16:00:00,51.47,index,valid,synthetic_ran_kpi,123,115,0.6,99.9
RAN_KPI-CELL_CONGESTION_HOURLY-03-41,CELL040201,NBH,KV1,active,2026-08-19-17,2026-08-19 17:00:00,81.32,index,valid,synthetic_ran_kpi,237,233,3.7,99.9
RAN_KPI-CELL_CONGESTION_HOURLY-03-42,CELL040201,NBH,KV1,active,2026-08-19-18,2026-08-19 18:00:00,40.0,index,valid,synthetic_ran_kpi,273,268,5.91,99.9
RAN_KPI-CELL_CONGESTION_HOURLY-03-43,CELL040201,NBH,KV1,active,2026-08-19-19,2026-08-19 19:00:00,53.26,index,valid,synthetic_ran_kpi,81,78,6.29,99.9
RAN_KPI-CELL_CONGESTION_HOURLY-03-44,CELL040201,NBH,KV1,active,2026-08-19-20,2026-08-19 20:00:00,42.77,index,valid,synthetic_ran_kpi,244,239,4.27,99.9
RAN_KPI-CELL_CONGESTION_HOURLY-03-45,CELL040201,NBH,KV1,active,2026-08-19-21,2026-08-19 21:00:00,21.01,index,valid,synthetic_ran_kpi,253,246,4.31,99.9
RAN_KPI-CELL_CONGESTION_HOURLY-03-46,CELL040201,NBH,KV1,active,2026-08-19-22,2026-08-19 22:00:00,61.93,index,valid,synthetic_ran_kpi,92,88,2.29,99.9
RAN_KPI-CELL_CONGESTION_HOURLY-03-47,CELL040201,NBH,KV1,active,2026-08-19-23,2026-08-19 23:00:00,75.43,index,valid,synthetic_ran_kpi,93,88,2.74,99.9
RAN_KPI-CELL_CONGESTION_HOURLY-03-48,CELL040201,NBH,KV1,active,2026-08-20-00,2026-08-20 00:00:00,17.28,index,valid,synthetic_ran_kpi,202,201,0.78,99.9
RAN_KPI-CELL_CONGESTION_HOURLY-03-49,CELL040201,NBH,KV1,active,2026-08-20-01,2026-08-20 01:00:00,76.32,index,valid,synthetic_ran_kpi,292,287,0.76,99.9
RAN_KPI-CELL_CONGESTION_HOURLY-03-50,CELL040201,NBH,KV1,active,2026-08-20-02,2026-08-20 02:00:00,35.05,index,valid,synthetic_ran_kpi,249,244,5.6,99.9
RAN_KPI-CELL_CONGESTION_HOURLY-03-51,CELL040201,NBH,KV1,active,2026-08-20-03,2026-08-20 03:00:00,68.66,index,valid,synthetic_ran_kpi,182,181,3.61,99.9
RAN_KPI-CELL_CONGESTION_HOURLY-03-52,CELL040201,NBH,KV1,active,2026-08-20-04,2026-08-20 04:00:00,68.39,index,valid,synthetic_ran_kpi,129,124,2.37,99.9
RAN_KPI-CELL_CONGESTION_HOURLY-03-53,CELL040201,NBH,KV1,active,2026-08-20-05,2026-08-20 05:00:00,76.98,index,valid,synthetic_ran_kpi,100,95,4.95,99.9
RAN_KPI-CELL_CONGESTION_HOURLY-03-54,CELL040201,NBH,KV1,active,2026-08-20-06,2026-08-20 06:00:00,74.45,index,valid,synthetic_ran_kpi,83,81,7.94,99.9
RAN_KPI-CELL_CONGESTION_HOURLY-03-55,CELL040201,NBH,KV1,active,2026-08-20-07,2026-08-20 07:00:00,71.17,index,valid,synthetic_ran_kpi,97,95,3.82,99.9
RAN_KPI-CELL_CONGESTION_HOURLY-03-56,CELL040201,NBH,KV1,active,2026-08-20-08,2026-08-20 08:00:00,64.68,index,valid,synthetic_ran_kpi,295,288,6.09,99.9
RAN_KPI-CELL_CONGESTION_HOURLY-03-57,CELL040201,NBH,KV1,active,2026-08-20-09,2026-08-20 09:00:00,49.01,index,valid,synthetic_ran_kpi,232,228,5.67,99.9
RAN_KPI-CELL_CONGESTION_HOURLY-03-58,CELL040201,NBH,KV1,active,2026-08-20-10,2026-08-20 10:00:00,66.82,index,valid,synthetic_ran_kpi,212,210,3.83,99.9
RAN_KPI-CELL_CONGESTION_HOURLY-03-59,CELL040201,NBH,KV1,active,2026-08-20-11,2026-08-20 11:00:00,35.92,index,valid,synthetic_ran_kpi,286,279,2.28,99.9
RAN_KPI-CELL_CONGESTION_HOURLY-03-60,CELL040201,NBH,KV1,active,2026-08-20-12,2026-08-20 12:00:00,30.62,index,valid,synthetic_ran_kpi,260,253,6.68,99.9
RAN_KPI-CELL_CONGESTION_HOURLY-03-61,CELL040201,NBH,KV1,active,2026-08-20-13,2026-08-20 13:00:00,32.03,index,valid,synthetic_ran_kpi,91,84,3.68,99.9
RAN_KPI-CELL_CONGESTION_HOURLY-03-62,CELL040201,NBH,KV1,active,2026-08-20-14,2026-08-20 14:00:00,25.47,index,valid,synthetic_ran_kpi,140,132,2.41,99.9
RAN_KPI-CELL_CONGESTION_HOURLY-03-63,CELL040201,NBH,KV1,active,2026-08-20-15,2026-08-20 15:00:00,66.1,index,valid,synthetic_ran_kpi,298,296,2.54,99.9
RAN_KPI-CELL_CONGESTION_HOURLY-03-64,CELL040201,NBH,KV1,active,2026-08-20-16,2026-08-20 16:00:00,20.19,index,valid,synthetic_ran_kpi,109,104,2.49,99.9
RAN_KPI-CELL_CONGESTION_HOURLY-03-65,CELL040201,NBH,KV1,active,2026-08-20-17,2026-08-20 17:00:00,76.13,index,valid,synthetic_ran_kpi,220,217,7.69,99.9
RAN_KPI-CELL_CONGESTION_HOURLY-03-66,CELL040201,NBH,KV1,active,2026-08-20-18,2026-08-20 18:00:00,47.85,index,valid,synthetic_ran_kpi,208,202,1.14,99.9
RAN_KPI-CELL_CONGESTION_HOURLY-03-67,CELL040201,NBH,KV1,active,2026-08-20-19,2026-08-20 19:00:00,84.45,index,valid,synthetic_ran_kpi,198,191,4.78,99.9
RAN_KPI-CELL_CONGESTION_HOURLY-03-68,CELL040201,NBH,KV1,active,2026-08-20-20,2026-08-20 20:00:00,21.8,index,valid,synthetic_ran_kpi,199,195,4.15,99.9
RAN_KPI-CELL_CONGESTION_HOURLY-03-69,CELL040201,NBH,KV1,active,2026-08-20-21,2026-08-20 21:00:00,42.16,index,valid,synthetic_ran_kpi,279,273,5.77,99.9
RAN_KPI-CELL_CONGESTION_HOURLY-03-70,CELL040201,NBH,KV1,active,2026-08-20-22,2026-08-20 22:00:00,26.63,index,valid,synthetic_ran_kpi,126,121,2.15,99.9
RAN_KPI-CELL_CONGESTION_HOURLY-03-71,CELL040201,NBH,KV1,active,2026-08-20-23,2026-08-20 23:00:00,40.91,index,valid,synthetic_ran_kpi,271,267,4.32,99.9
RAN_KPI-CELL_CONGESTION_HOURLY-04-00,CELL050101,HCM,KV3,active,2026-08-18-00,2026-08-18 00:00:00,46.94,index,valid,synthetic_ran_kpi,247,242,4.07,99.9
RAN_KPI-CELL_CONGESTION_HOURLY-04-01,CELL050101,HCM,KV3,active,2026-08-18-01,2026-08-18 01:00:00,76.88,index,valid,synthetic_ran_kpi,128,124,1.23,99.9
RAN_KPI-CELL_CONGESTION_HOURLY-04-02,CELL050101,HCM,KV3,active,2026-08-18-02,2026-08-18 02:00:00,34.57,index,valid,synthetic_ran_kpi,143,138,4.26,99.9
RAN_KPI-CELL_CONGESTION_HOURLY-04-03,CELL050101,HCM,KV3,active,2026-08-18-03,2026-08-18 03:00:00,84.09,index,valid,synthetic_ran_kpi,82,78,0.53,99.9
RAN_KPI-CELL_CONGESTION_HOURLY-04-04,CELL050101,HCM,KV3,active,2026-08-18-04,2026-08-18 04:00:00,79.28,index,valid,synthetic_ran_kpi,248,246,7.86,99.9
RAN_KPI-CELL_CONGESTION_HOURLY-04-05,CELL050101,HCM,KV3,active,2026-08-18-05,2026-08-18 05:00:00,39.72,index,valid,synthetic_ran_kpi,201,196,1.1,99.9
RAN_KPI-CELL_CONGESTION_HOURLY-04-06,CELL050101,HCM,KV3,active,2026-08-18-06,2026-08-18 06:00:00,59.81,index,valid,synthetic_ran_kpi,256,254,7.55,99.9
RAN_KPI-CELL_CONGESTION_HOURLY-04-07,CELL050101,HCM,KV3,active,2026-08-18-07,2026-08-18 07:00:00,20.88,index,valid,synthetic_ran_kpi,95,93,4.35,99.9
RAN_KPI-CELL_CONGESTION_HOURLY-04-08,CELL050101,HCM,KV3,active,2026-08-18-08,2026-08-18 08:00:00,21.61,index,valid,synthetic_ran_kpi,86,84,4.67,99.9
RAN_KPI-CELL_CONGESTION_HOURLY-04-09,CELL050101,HCM,KV3,active,2026-08-18-09,2026-08-18 09:00:00,35.57,index,valid,synthetic_ran_kpi,142,134,4.19,99.9
RAN_KPI-CELL_CONGESTION_HOURLY-04-10,CELL050101,HCM,KV3,active,2026-08-18-10,2026-08-18 10:00:00,27.47,index,valid,synthetic_ran_kpi,236,230,3.64,99.9
RAN_KPI-CELL_CONGESTION_HOURLY-04-11,CELL050101,HCM,KV3,active,2026-08-18-11,2026-08-18 11:00:00,73.62,index,valid,synthetic_ran_kpi,176,170,5.42,99.9
RAN_KPI-CELL_CONGESTION_HOURLY-04-12,CELL050101,HCM,KV3,active,2026-08-18-12,2026-08-18 12:00:00,31.29,index,valid,synthetic_ran_kpi,211,210,1.19,99.9
RAN_KPI-CELL_CONGESTION_HOURLY-04-13,CELL050101,HCM,KV3,active,2026-08-18-13,2026-08-18 13:00:00,44.24,index,valid,synthetic_ran_kpi,225,224,7.21,99.9
RAN_KPI-CELL_CONGESTION_HOURLY-04-14,CELL050101,HCM,KV3,active,2026-08-18-14,2026-08-18 14:00:00,63.46,index,valid,synthetic_ran_kpi,95,94,4.1,99.9
RAN_KPI-CELL_CONGESTION_HOURLY-04-15,CELL050101,HCM,KV3,active,2026-08-18-15,2026-08-18 15:00:00,78.45,index,valid,synthetic_ran_kpi,86,82,1.39,99.9
RAN_KPI-CELL_CONGESTION_HOURLY-04-16,CELL050101,HCM,KV3,active,2026-08-18-16,2026-08-18 16:00:00,64.51,index,valid,synthetic_ran_kpi,120,112,4.63,99.9
RAN_KPI-CELL_CONGESTION_HOURLY-04-17,CELL050101,HCM,KV3,active,2026-08-18-17,2026-08-18 17:00:00,34.25,index,valid,synthetic_ran_kpi,195,190,5.9,99.9
RAN_KPI-CELL_CONGESTION_HOURLY-04-18,CELL050101,HCM,KV3,active,2026-08-18-18,2026-08-18 18:00:00,24.43,index,valid,synthetic_ran_kpi,200,192,2.11,99.9
RAN_KPI-CELL_CONGESTION_HOURLY-04-19,CELL050101,HCM,KV3,active,2026-08-18-19,2026-08-18 19:00:00,77.22,index,valid,synthetic_ran_kpi,214,211,5.69,99.9
RAN_KPI-CELL_CONGESTION_HOURLY-04-20,CELL050101,HCM,KV3,active,2026-08-18-20,2026-08-18 20:00:00,43.52,index,valid,synthetic_ran_kpi,196,192,6.58,99.9
RAN_KPI-CELL_CONGESTION_HOURLY-04-21,CELL050101,HCM,KV3,active,2026-08-18-21,2026-08-18 21:00:00,33.8,index,valid,synthetic_ran_kpi,278,277,3.0,99.9
RAN_KPI-CELL_CONGESTION_HOURLY-04-22,CELL050101,HCM,KV3,active,2026-08-18-22,2026-08-18 22:00:00,30.51,index,valid,synthetic_ran_kpi,222,221,5.23,99.9
RAN_KPI-CELL_CONGESTION_HOURLY-04-23,CELL050101,HCM,KV3,active,2026-08-18-23,2026-08-18 23:00:00,73.96,index,valid,synthetic_ran_kpi,278,271,1.01,99.9
RAN_KPI-CELL_CONGESTION_HOURLY-04-24,CELL050101,HCM,KV3,active,2026-08-19-00,2026-08-19 00:00:00,30.96,index,valid,synthetic_ran_kpi,161,155,5.82,99.9
RAN_KPI-CELL_CONGESTION_HOURLY-04-25,CELL050101,HCM,KV3,active,2026-08-19-01,2026-08-19 01:00:00,55.94,index,valid,synthetic_ran_kpi,257,250,7.48,99.9
RAN_KPI-CELL_CONGESTION_HOURLY-04-26,CELL050101,HCM,KV3,active,2026-08-19-02,2026-08-19 02:00:00,35.71,index,valid,synthetic_ran_kpi,280,272,7.97,99.9
RAN_KPI-CELL_CONGESTION_HOURLY-04-27,CELL050101,HCM,KV3,active,2026-08-19-03,2026-08-19 03:00:00,17.31,index,valid,synthetic_ran_kpi,252,251,4.61,99.9
RAN_KPI-CELL_CONGESTION_HOURLY-04-28,CELL050101,HCM,KV3,active,2026-08-19-04,2026-08-19 04:00:00,36.56,index,valid,synthetic_ran_kpi,296,294,7.03,99.9
RAN_KPI-CELL_CONGESTION_HOURLY-04-29,CELL050101,HCM,KV3,active,2026-08-19-05,2026-08-19 05:00:00,53.04,index,valid,synthetic_ran_kpi,154,150,7.92,99.9
RAN_KPI-CELL_CONGESTION_HOURLY-04-30,CELL050101,HCM,KV3,active,2026-08-19-06,2026-08-19 06:00:00,21.32,index,valid,synthetic_ran_kpi,114,110,7.4,99.9
RAN_KPI-CELL_CONGESTION_HOURLY-04-31,CELL050101,HCM,KV3,active,2026-08-19-07,2026-08-19 07:00:00,74.33,index,valid,synthetic_ran_kpi,283,275,2.02,99.9
RAN_KPI-CELL_CONGESTION_HOURLY-04-32,CELL050101,HCM,KV3,active,2026-08-19-08,2026-08-19 08:00:00,73.61,index,valid,synthetic_ran_kpi,126,124,6.64,99.9
RAN_KPI-CELL_CONGESTION_HOURLY-04-33,CELL050101,HCM,KV3,active,2026-08-19-09,2026-08-19 09:00:00,39.87,index,valid,synthetic_ran_kpi,127,119,4.44,99.9
RAN_KPI-CELL_CONGESTION_HOURLY-04-34,CELL050101,HCM,KV3,active,2026-08-19-10,2026-08-19 10:00:00,28.43,index,valid,synthetic_ran_kpi,130,126,4.28,99.9
RAN_KPI-CELL_CONGESTION_HOURLY-04-35,CELL050101,HCM,KV3,active,2026-08-19-11,2026-08-19 11:00:00,84.74,index,valid,synthetic_ran_kpi,259,253,4.4,99.9
RAN_KPI-CELL_CONGESTION_HOURLY-04-36,CELL050101,HCM,KV3,active,2026-08-19-12,2026-08-19 12:00:00,77.95,index,valid,synthetic_ran_kpi,254,249,6.82,99.9
RAN_KPI-CELL_CONGESTION_HOURLY-04-37,CELL050101,HCM,KV3,active,2026-08-19-13,2026-08-19 13:00:00,26.88,index,valid,synthetic_ran_kpi,284,282,1.77,99.9
RAN_KPI-CELL_CONGESTION_HOURLY-04-38,CELL050101,HCM,KV3,active,2026-08-19-14,2026-08-19 14:00:00,20.68,index,valid,synthetic_ran_kpi,137,132,1.87,99.9
RAN_KPI-CELL_CONGESTION_HOURLY-04-39,CELL050101,HCM,KV3,active,2026-08-19-15,2026-08-19 15:00:00,18.54,index,valid,synthetic_ran_kpi,282,274,1.6,99.9
RAN_KPI-CELL_CONGESTION_HOURLY-04-40,CELL050101,HCM,KV3,active,2026-08-19-16,2026-08-19 16:00:00,39.13,index,valid,synthetic_ran_kpi,282,279,4.87,99.9
RAN_KPI-CELL_CONGESTION_HOURLY-04-41,CELL050101,HCM,KV3,active,2026-08-19-17,2026-08-19 17:00:00,75.23,index,valid,synthetic_ran_kpi,284,279,3.34,99.9
RAN_KPI-CELL_CONGESTION_HOURLY-04-42,CELL050101,HCM,KV3,active,2026-08-19-18,2026-08-19 18:00:00,35.13,index,valid,synthetic_ran_kpi,172,171,1.79,99.9
RAN_KPI-CELL_CONGESTION_HOURLY-04-43,CELL050101,HCM,KV3,active,2026-08-19-19,2026-08-19 19:00:00,32.1,index,valid,synthetic_ran_kpi,289,285,3.99,99.9
RAN_KPI-CELL_CONGESTION_HOURLY-04-44,CELL050101,HCM,KV3,active,2026-08-19-20,2026-08-19 20:00:00,67.85,index,valid,synthetic_ran_kpi,226,224,3.67,99.9
RAN_KPI-CELL_CONGESTION_HOURLY-04-45,CELL050101,HCM,KV3,active,2026-08-19-21,2026-08-19 21:00:00,23.45,index,valid,synthetic_ran_kpi,231,228,7.12,99.9
RAN_KPI-CELL_CONGESTION_HOURLY-04-46,CELL050101,HCM,KV3,active,2026-08-19-22,2026-08-19 22:00:00,80.53,index,valid,synthetic_ran_kpi,146,141,6.88,99.9
RAN_KPI-CELL_CONGESTION_HOURLY-04-47,CELL050101,HCM,KV3,active,2026-08-19-23,2026-08-19 23:00:00,69.68,index,valid,synthetic_ran_kpi,102,95,0.92,99.9
RAN_KPI-CELL_CONGESTION_HOURLY-04-48,CELL050101,HCM,KV3,active,2026-08-20-00,2026-08-20 00:00:00,82.24,index,valid,synthetic_ran_kpi,81,80,2.56,99.9
RAN_KPI-CELL_CONGESTION_HOURLY-04-49,CELL050101,HCM,KV3,active,2026-08-20-01,2026-08-20 01:00:00,64.17,index,valid,synthetic_ran_kpi,173,172,2.38,99.9
RAN_KPI-CELL_CONGESTION_HOURLY-04-50,CELL050101,HCM,KV3,active,2026-08-20-02,2026-08-20 02:00:00,78.41,index,valid,synthetic_ran_kpi,282,277,0.55,99.9
RAN_KPI-CELL_CONGESTION_HOURLY-04-51,CELL050101,HCM,KV3,active,2026-08-20-03,2026-08-20 03:00:00,22.42,index,valid,synthetic_ran_kpi,247,246,0.74,99.9
RAN_KPI-CELL_CONGESTION_HOURLY-04-52,CELL050101,HCM,KV3,active,2026-08-20-04,2026-08-20 04:00:00,25.77,index,valid,synthetic_ran_kpi,129,126,5.1,99.9
RAN_KPI-CELL_CONGESTION_HOURLY-04-53,CELL050101,HCM,KV3,active,2026-08-20-05,2026-08-20 05:00:00,79.27,index,valid,synthetic_ran_kpi,124,120,0.88,99.9
RAN_KPI-CELL_CONGESTION_HOURLY-04-54,CELL050101,HCM,KV3,active,2026-08-20-06,2026-08-20 06:00:00,22.42,index,valid,synthetic_ran_kpi,118,117,0.57,99.9
RAN_KPI-CELL_CONGESTION_HOURLY-04-55,CELL050101,HCM,KV3,active,2026-08-20-07,2026-08-20 07:00:00,15.37,index,valid,synthetic_ran_kpi,127,125,1.83,99.9
RAN_KPI-CELL_CONGESTION_HOURLY-04-56,CELL050101,HCM,KV3,active,2026-08-20-08,2026-08-20 08:00:00,53.09,index,valid,synthetic_ran_kpi,108,107,5.34,99.9
RAN_KPI-CELL_CONGESTION_HOURLY-04-57,CELL050101,HCM,KV3,active,2026-08-20-09,2026-08-20 09:00:00,52.73,index,valid,synthetic_ran_kpi,107,105,7.66,99.9
RAN_KPI-CELL_CONGESTION_HOURLY-04-58,CELL050101,HCM,KV3,active,2026-08-20-10,2026-08-20 10:00:00,51.84,index,valid,synthetic_ran_kpi,250,249,3.88,99.9
RAN_KPI-CELL_CONGESTION_HOURLY-04-59,CELL050101,HCM,KV3,active,2026-08-20-11,2026-08-20 11:00:00,49.3,index,valid,synthetic_ran_kpi,102,101,1.39,99.9
RAN_KPI-CELL_CONGESTION_HOURLY-04-60,CELL050101,HCM,KV3,active,2026-08-20-12,2026-08-20 12:00:00,17.67,index,valid,synthetic_ran_kpi,89,84,7.01,99.9
RAN_KPI-CELL_CONGESTION_HOURLY-04-61,CELL050101,HCM,KV3,active,2026-08-20-13,2026-08-20 13:00:00,83.98,index,valid,synthetic_ran_kpi,217,215,6.42,99.9
RAN_KPI-CELL_CONGESTION_HOURLY-04-62,CELL050101,HCM,KV3,active,2026-08-20-14,2026-08-20 14:00:00,43.87,index,valid,synthetic_ran_kpi,249,244,7.8,99.9
RAN_KPI-CELL_CONGESTION_HOURLY-04-63,CELL050101,HCM,KV3,active,2026-08-20-15,2026-08-20 15:00:00,38.45,index,valid,synthetic_ran_kpi,176,175,3.85,99.9
RAN_KPI-CELL_CONGESTION_HOURLY-04-64,CELL050101,HCM,KV3,active,2026-08-20-16,2026-08-20 16:00:00,39.0,index,valid,synthetic_ran_kpi,181,179,0.8,99.9
RAN_KPI-CELL_CONGESTION_HOURLY-04-65,CELL050101,HCM,KV3,active,2026-08-20-17,2026-08-20 17:00:00,34.85,index,valid,synthetic_ran_kpi,104,100,3.52,99.9
RAN_KPI-CELL_CONGESTION_HOURLY-04-66,CELL050101,HCM,KV3,active,2026-08-20-18,2026-08-20 18:00:00,37.29,index,valid,synthetic_ran_kpi,209,207,4.98,99.9
RAN_KPI-CELL_CONGESTION_HOURLY-04-67,CELL050101,HCM,KV3,active,2026-08-20-19,2026-08-20 19:00:00,61.11,index,valid,synthetic_ran_kpi,194,192,3.65,99.9
RAN_KPI-CELL_CONGESTION_HOURLY-04-68,CELL050101,HCM,KV3,active,2026-08-20-20,2026-08-20 20:00:00,44.39,index,valid,synthetic_ran_kpi,213,212,3.37,99.9
RAN_KPI-CELL_CONGESTION_HOURLY-04-69,CELL050101,HCM,KV3,active,2026-08-20-21,2026-08-20 21:00:00,57.28,index,valid,synthetic_ran_kpi,214,208,0.72,99.9
RAN_KPI-CELL_CONGESTION_HOURLY-04-70,CELL050101,HCM,KV3,active,2026-08-20-22,2026-08-20 22:00:00,57.94,index,valid,synthetic_ran_kpi,297,290,0.91,99.9
RAN_KPI-CELL_CONGESTION_HOURLY-04-71,CELL050101,HCM,KV3,active,2026-08-20-23,2026-08-20 23:00:00,61.67,index,valid,synthetic_ran_kpi,286,279,7.08,99.9
RAN_KPI-CELL_CONGESTION_HOURLY-05-00,CELL060101,KHA,KV2,active,2026-08-18-00,2026-08-18 00:00:00,53.61,index,valid,synthetic_ran_kpi,257,256,4.13,99.9
RAN_KPI-CELL_CONGESTION_HOURLY-05-01,CELL060101,KHA,KV2,active,2026-08-18-01,2026-08-18 01:00:00,41.79,index,valid,synthetic_ran_kpi,145,141,3.09,99.9
RAN_KPI-CELL_CONGESTION_HOURLY-05-02,CELL060101,KHA,KV2,active,2026-08-18-02,2026-08-18 02:00:00,84.11,index,valid,synthetic_ran_kpi,283,276,2.11,99.9
RAN_KPI-CELL_CONGESTION_HOURLY-05-03,CELL060101,KHA,KV2,active,2026-08-18-03,2026-08-18 03:00:00,36.13,index,valid,synthetic_ran_kpi,170,163,5.46,99.9
RAN_KPI-CELL_CONGESTION_HOURLY-05-04,CELL060101,KHA,KV2,active,2026-08-18-04,2026-08-18 04:00:00,35.91,index,valid,synthetic_ran_kpi,220,216,1.28,99.9
RAN_KPI-CELL_CONGESTION_HOURLY-05-05,CELL060101,KHA,KV2,active,2026-08-18-05,2026-08-18 05:00:00,62.53,index,valid,synthetic_ran_kpi,209,206,6.97,99.9
RAN_KPI-CELL_CONGESTION_HOURLY-05-06,CELL060101,KHA,KV2,active,2026-08-18-06,2026-08-18 06:00:00,43.27,index,valid,synthetic_ran_kpi,183,179,7.64,99.9
RAN_KPI-CELL_CONGESTION_HOURLY-05-07,CELL060101,KHA,KV2,active,2026-08-18-07,2026-08-18 07:00:00,35.83,index,valid,synthetic_ran_kpi,249,241,2.4,99.9
RAN_KPI-CELL_CONGESTION_HOURLY-05-08,CELL060101,KHA,KV2,active,2026-08-18-08,2026-08-18 08:00:00,82.3,index,valid,synthetic_ran_kpi,128,127,0.54,99.9
RAN_KPI-CELL_CONGESTION_HOURLY-05-09,CELL060101,KHA,KV2,active,2026-08-18-09,2026-08-18 09:00:00,63.49,index,valid,synthetic_ran_kpi,154,148,6.65,99.9
RAN_KPI-CELL_CONGESTION_HOURLY-05-10,CELL060101,KHA,KV2,active,2026-08-18-10,2026-08-18 10:00:00,46.17,index,valid,synthetic_ran_kpi,160,157,1.57,99.9
RAN_KPI-CELL_CONGESTION_HOURLY-05-11,CELL060101,KHA,KV2,active,2026-08-18-11,2026-08-18 11:00:00,82.61,index,valid,synthetic_ran_kpi,154,148,5.01,99.9
RAN_KPI-CELL_CONGESTION_HOURLY-05-12,CELL060101,KHA,KV2,active,2026-08-18-12,2026-08-18 12:00:00,27.92,index,valid,synthetic_ran_kpi,196,188,2.54,99.9
RAN_KPI-CELL_CONGESTION_HOURLY-05-13,CELL060101,KHA,KV2,active,2026-08-18-13,2026-08-18 13:00:00,71.56,index,valid,synthetic_ran_kpi,250,249,4.82,99.9
RAN_KPI-CELL_CONGESTION_HOURLY-05-14,CELL060101,KHA,KV2,active,2026-08-18-14,2026-08-18 14:00:00,19.15,index,valid,synthetic_ran_kpi,145,137,7.33,99.9
RAN_KPI-CELL_CONGESTION_HOURLY-05-15,CELL060101,KHA,KV2,active,2026-08-18-15,2026-08-18 15:00:00,19.84,index,valid,synthetic_ran_kpi,147,139,6.71,99.9
RAN_KPI-CELL_CONGESTION_HOURLY-05-16,CELL060101,KHA,KV2,active,2026-08-18-16,2026-08-18 16:00:00,19.02,index,valid,synthetic_ran_kpi,110,107,5.71,99.9
RAN_KPI-CELL_CONGESTION_HOURLY-05-17,CELL060101,KHA,KV2,active,2026-08-18-17,2026-08-18 17:00:00,62.56,index,valid,synthetic_ran_kpi,174,170,3.77,99.9
RAN_KPI-CELL_CONGESTION_HOURLY-05-18,CELL060101,KHA,KV2,active,2026-08-18-18,2026-08-18 18:00:00,37.28,index,valid,synthetic_ran_kpi,90,83,1.87,99.9
RAN_KPI-CELL_CONGESTION_HOURLY-05-19,CELL060101,KHA,KV2,active,2026-08-18-19,2026-08-18 19:00:00,48.11,index,valid,synthetic_ran_kpi,187,181,7.52,99.9
RAN_KPI-CELL_CONGESTION_HOURLY-05-20,CELL060101,KHA,KV2,active,2026-08-18-20,2026-08-18 20:00:00,66.45,index,valid,synthetic_ran_kpi,102,99,3.79,99.9
RAN_KPI-CELL_CONGESTION_HOURLY-05-21,CELL060101,KHA,KV2,active,2026-08-18-21,2026-08-18 21:00:00,24.96,index,valid,synthetic_ran_kpi,250,248,4.4,99.9
RAN_KPI-CELL_CONGESTION_HOURLY-05-22,CELL060101,KHA,KV2,active,2026-08-18-22,2026-08-18 22:00:00,57.66,index,valid,synthetic_ran_kpi,104,96,3.79,99.9
RAN_KPI-CELL_CONGESTION_HOURLY-05-23,CELL060101,KHA,KV2,active,2026-08-18-23,2026-08-18 23:00:00,62.32,index,valid,synthetic_ran_kpi,264,263,5.3,99.9
RAN_KPI-CELL_CONGESTION_HOURLY-05-24,CELL060101,KHA,KV2,active,2026-08-19-00,2026-08-19 00:00:00,35.83,index,valid,synthetic_ran_kpi,140,138,3.64,99.9
RAN_KPI-CELL_CONGESTION_HOURLY-05-25,CELL060101,KHA,KV2,active,2026-08-19-01,2026-08-19 01:00:00,53.94,index,valid,synthetic_ran_kpi,209,208,6.09,99.9
RAN_KPI-CELL_CONGESTION_HOURLY-05-26,CELL060101,KHA,KV2,active,2026-08-19-02,2026-08-19 02:00:00,40.78,index,valid,synthetic_ran_kpi,286,281,6.02,99.9
RAN_KPI-CELL_CONGESTION_HOURLY-05-27,CELL060101,KHA,KV2,active,2026-08-19-03,2026-08-19 03:00:00,45.47,index,valid,synthetic_ran_kpi,85,78,3.94,99.9
RAN_KPI-CELL_CONGESTION_HOURLY-05-28,CELL060101,KHA,KV2,active,2026-08-19-04,2026-08-19 04:00:00,84.81,index,valid,synthetic_ran_kpi,91,84,6.2,99.9
RAN_KPI-CELL_CONGESTION_HOURLY-05-29,CELL060101,KHA,KV2,active,2026-08-19-05,2026-08-19 05:00:00,51.96,index,valid,synthetic_ran_kpi,220,215,5.31,99.9
RAN_KPI-CELL_CONGESTION_HOURLY-05-30,CELL060101,KHA,KV2,active,2026-08-19-06,2026-08-19 06:00:00,53.98,index,valid,synthetic_ran_kpi,232,228,7.68,99.9
RAN_KPI-CELL_CONGESTION_HOURLY-05-31,CELL060101,KHA,KV2,active,2026-08-19-07,2026-08-19 07:00:00,50.02,index,valid,synthetic_ran_kpi,117,115,2.24,99.9
RAN_KPI-CELL_CONGESTION_HOURLY-05-32,CELL060101,KHA,KV2,active,2026-08-19-08,2026-08-19 08:00:00,19.75,index,valid,synthetic_ran_kpi,256,249,0.69,99.9
RAN_KPI-CELL_CONGESTION_HOURLY-05-33,CELL060101,KHA,KV2,active,2026-08-19-09,2026-08-19 09:00:00,59.2,index,valid,synthetic_ran_kpi,186,179,6.59,99.9
RAN_KPI-CELL_CONGESTION_HOURLY-05-34,CELL060101,KHA,KV2,active,2026-08-19-10,2026-08-19 10:00:00,49.59,index,valid,synthetic_ran_kpi,263,257,6.0,99.9
RAN_KPI-CELL_CONGESTION_HOURLY-05-35,CELL060101,KHA,KV2,active,2026-08-19-11,2026-08-19 11:00:00,58.64,index,valid,synthetic_ran_kpi,238,230,0.54,99.9
RAN_KPI-CELL_CONGESTION_HOURLY-05-36,CELL060101,KHA,KV2,active,2026-08-19-12,2026-08-19 12:00:00,76.15,index,valid,synthetic_ran_kpi,269,262,3.25,99.9
RAN_KPI-CELL_CONGESTION_HOURLY-05-37,CELL060101,KHA,KV2,active,2026-08-19-13,2026-08-19 13:00:00,58.71,index,valid,synthetic_ran_kpi,209,207,7.54,99.9
RAN_KPI-CELL_CONGESTION_HOURLY-05-38,CELL060101,KHA,KV2,active,2026-08-19-14,2026-08-19 14:00:00,30.68,index,valid,synthetic_ran_kpi,142,134,3.06,99.9
RAN_KPI-CELL_CONGESTION_HOURLY-05-39,CELL060101,KHA,KV2,active,2026-08-19-15,2026-08-19 15:00:00,62.25,index,valid,synthetic_ran_kpi,127,126,1.24,99.9
RAN_KPI-CELL_CONGESTION_HOURLY-05-40,CELL060101,KHA,KV2,active,2026-08-19-16,2026-08-19 16:00:00,16.49,index,valid,synthetic_ran_kpi,118,113,7.48,99.9
RAN_KPI-CELL_CONGESTION_HOURLY-05-41,CELL060101,KHA,KV2,active,2026-08-19-17,2026-08-19 17:00:00,20.1,index,valid,synthetic_ran_kpi,243,240,3.31,99.9
RAN_KPI-CELL_CONGESTION_HOURLY-05-42,CELL060101,KHA,KV2,active,2026-08-19-18,2026-08-19 18:00:00,80.11,index,valid,synthetic_ran_kpi,275,271,5.05,99.9
RAN_KPI-CELL_CONGESTION_HOURLY-05-43,CELL060101,KHA,KV2,active,2026-08-19-19,2026-08-19 19:00:00,78.61,index,valid,synthetic_ran_kpi,295,288,5.09,99.9
RAN_KPI-CELL_CONGESTION_HOURLY-05-44,CELL060101,KHA,KV2,active,2026-08-19-20,2026-08-19 20:00:00,65.28,index,valid,synthetic_ran_kpi,108,106,1.73,99.9
RAN_KPI-CELL_CONGESTION_HOURLY-05-45,CELL060101,KHA,KV2,active,2026-08-19-21,2026-08-19 21:00:00,26.79,index,valid,synthetic_ran_kpi,161,159,1.19,99.9
RAN_KPI-CELL_CONGESTION_HOURLY-05-46,CELL060101,KHA,KV2,active,2026-08-19-22,2026-08-19 22:00:00,79.42,index,valid,synthetic_ran_kpi,229,222,2.56,99.9
RAN_KPI-CELL_CONGESTION_HOURLY-05-47,CELL060101,KHA,KV2,active,2026-08-19-23,2026-08-19 23:00:00,43.46,index,valid,synthetic_ran_kpi,203,196,4.32,99.9
RAN_KPI-CELL_CONGESTION_HOURLY-05-48,CELL060101,KHA,KV2,active,2026-08-20-00,2026-08-20 00:00:00,17.86,index,valid,synthetic_ran_kpi,135,128,4.41,99.9
RAN_KPI-CELL_CONGESTION_HOURLY-05-49,CELL060101,KHA,KV2,active,2026-08-20-01,2026-08-20 01:00:00,54.01,index,valid,synthetic_ran_kpi,242,237,7.0,99.9
RAN_KPI-CELL_CONGESTION_HOURLY-05-50,CELL060101,KHA,KV2,active,2026-08-20-02,2026-08-20 02:00:00,26.17,index,valid,synthetic_ran_kpi,159,154,3.67,99.9
RAN_KPI-CELL_CONGESTION_HOURLY-05-51,CELL060101,KHA,KV2,active,2026-08-20-03,2026-08-20 03:00:00,49.5,index,valid,synthetic_ran_kpi,286,283,2.18,99.9
RAN_KPI-CELL_CONGESTION_HOURLY-05-52,CELL060101,KHA,KV2,active,2026-08-20-04,2026-08-20 04:00:00,72.49,index,valid,synthetic_ran_kpi,177,172,4.89,99.9
RAN_KPI-CELL_CONGESTION_HOURLY-05-53,CELL060101,KHA,KV2,active,2026-08-20-05,2026-08-20 05:00:00,31.03,index,valid,synthetic_ran_kpi,291,284,5.01,99.9
RAN_KPI-CELL_CONGESTION_HOURLY-05-54,CELL060101,KHA,KV2,active,2026-08-20-06,2026-08-20 06:00:00,67.29,index,valid,synthetic_ran_kpi,283,276,4.0,99.9
RAN_KPI-CELL_CONGESTION_HOURLY-05-55,CELL060101,KHA,KV2,active,2026-08-20-07,2026-08-20 07:00:00,62.16,index,valid,synthetic_ran_kpi,296,291,7.08,99.9
RAN_KPI-CELL_CONGESTION_HOURLY-05-56,CELL060101,KHA,KV2,active,2026-08-20-08,2026-08-20 08:00:00,62.42,index,valid,synthetic_ran_kpi,125,123,3.16,99.9
RAN_KPI-CELL_CONGESTION_HOURLY-05-57,CELL060101,KHA,KV2,active,2026-08-20-09,2026-08-20 09:00:00,82.48,index,valid,synthetic_ran_kpi,280,277,1.57,99.9
RAN_KPI-CELL_CONGESTION_HOURLY-05-58,CELL060101,KHA,KV2,active,2026-08-20-10,2026-08-20 10:00:00,68.61,index,valid,synthetic_ran_kpi,89,83,2.02,99.9
RAN_KPI-CELL_CONGESTION_HOURLY-05-59,CELL060101,KHA,KV2,active,2026-08-20-11,2026-08-20 11:00:00,19.18,index,valid,synthetic_ran_kpi,297,295,5.29,99.9
RAN_KPI-CELL_CONGESTION_HOURLY-05-60,CELL060101,KHA,KV2,active,2026-08-20-12,2026-08-20 12:00:00,69.75,index,valid,synthetic_ran_kpi,271,270,2.06,99.9
RAN_KPI-CELL_CONGESTION_HOURLY-05-61,CELL060101,KHA,KV2,active,2026-08-20-13,2026-08-20 13:00:00,16.08,index,valid,synthetic_ran_kpi,117,110,3.38,99.9
RAN_KPI-CELL_CONGESTION_HOURLY-05-62,CELL060101,KHA,KV2,active,2026-08-20-14,2026-08-20 14:00:00,59.5,index,valid,synthetic_ran_kpi,127,119,1.91,99.9
RAN_KPI-CELL_CONGESTION_HOURLY-05-63,CELL060101,KHA,KV2,active,2026-08-20-15,2026-08-20 15:00:00,42.11,index,valid,synthetic_ran_kpi,264,257,3.06,99.9
RAN_KPI-CELL_CONGESTION_HOURLY-05-64,CELL060101,KHA,KV2,active,2026-08-20-16,2026-08-20 16:00:00,47.64,index,valid,synthetic_ran_kpi,247,239,6.43,99.9
RAN_KPI-CELL_CONGESTION_HOURLY-05-65,CELL060101,KHA,KV2,active,2026-08-20-17,2026-08-20 17:00:00,82.62,index,valid,synthetic_ran_kpi,85,78,4.32,99.9
RAN_KPI-CELL_CONGESTION_HOURLY-05-66,CELL060101,KHA,KV2,active,2026-08-20-18,2026-08-20 18:00:00,61.87,index,valid,synthetic_ran_kpi,155,153,1.22,99.9
RAN_KPI-CELL_CONGESTION_HOURLY-05-67,CELL060101,KHA,KV2,active,2026-08-20-19,2026-08-20 19:00:00,33.94,index,valid,synthetic_ran_kpi,88,85,1.53,99.9
RAN_KPI-CELL_CONGESTION_HOURLY-05-68,CELL060101,KHA,KV2,active,2026-08-20-20,2026-08-20 20:00:00,25.22,index,valid,synthetic_ran_kpi,204,198,5.69,99.9
RAN_KPI-CELL_CONGESTION_HOURLY-05-69,CELL060101,KHA,KV2,active,2026-08-20-21,2026-08-20 21:00:00,25.73,index,valid,synthetic_ran_kpi,144,137,5.38,99.9
RAN_KPI-CELL_CONGESTION_HOURLY-05-70,CELL060101,KHA,KV2,active,2026-08-20-22,2026-08-20 22:00:00,18.64,index,valid,synthetic_ran_kpi,80,77,3.06,99.9
RAN_KPI-CELL_CONGESTION_HOURLY-05-71,CELL060101,KHA,KV2,active,2026-08-20-23,2026-08-20 23:00:00,73.68,index,valid,synthetic_ran_kpi,200,197,2.6,99.9
