cell_rrc_hourly_id,cell_id,province_code,area_code,status,date_hour,observed_at,metric_value,metric_unit,quality_flag,source_system,attempt_count,success_count,traffic_gb,availability_pct
RAN_KPI-CELL_RRC_HOURLY-00-00,CELL010101,DBN,KV1,active,2026-08-18-00,2026-08-18 00:00:00,84.84,index,valid,synthetic_ran_kpi,208,206,3.49,99.9
RAN_KPI-CELL_RRC_HOURLY-00-01,CELL010101,DBN,KV1,active,2026-08-18-01,2026-08-18 01:00:00,29.67,index,valid,synthetic_ran_kpi,199,191,3.37,99.9
RAN_KPI-CELL_RRC_HOURLY-00-02,CELL010101,DBN,KV1,active,2026-08-18-02,2026-08-18 02:00:00,50.9,index,valid,synthetic_ran_kpi,237,235,6.51,99.9
RAN_KPI-CELL_RRC_HOURLY-00-03,CELL010101,DBN,KV1,active,2026-08-18-03,2026-08-18 03:00:00,68.36,index,valid,synthetic_ran_kpi,103,101,0.7,99.9
RAN_KPI-CELL_RRC_HOURLY-00-04,CELL010101,DBN,KV1,active,2026-08-18-04,2026-08-18 04:00:00,35.07,index,valid,synthetic_ran_kpi,158,155,4.16,99.9
RAN_KPI-CELL_RRC_HOURLY-00-05,CELL010101,DBN,KV1,active,2026-08-18-05,2026-08-18 05:00:00,24.32,index,valid,synthetic_ran_kpi,139,137,4.13,99.9
RAN_KPI-CELL_RRC_HOURLY-00-06,CELL010101,DBN,KV1,active,2026-08-18-06,2026-08-18 06:00:00,79.09,index,valid,synthetic_ran_kpi,206,202,4.34,99.9
RAN_KPI-CELL_RRC_HOURLY-00-07,CELL010101,DBN,KV1,active,2026-08-18-07,2026-08-18 07:00:00,46.82,index,valid,synthetic_ran_kpi,98,90,6.49,99.9
RAN_KPI-CELL_RRC_HOURLY-00-08,CELL010101,DBN,KV1,active,2026-08-18-08,2026-08-18 08:00:00,31.78,index,valid,synthetic_ran_kpi,202,195,3.72,99.9
RAN_KPI-CELL_RRC_HOURLY-00-09,CELL010101,DBN,KV1,active,2026-08-18-09,2026-08-18 09:00:00,29.29,index,valid,synthetic_ran_kpi,260,253,7.78,99.9
RAN_KPI-CELL_RRC_HOURLY-00-10,CELL010101,DBN,KV1,active,2026-08-18-10,2026-08-18 10:00:00,29.59,index,valid,synthetic_ran_kpi,188,186,2.84,99.9
RAN_KPI-CELL_RRC_HOURLY-00-11,CELL010101,DBN,KV1,active,2026-08-18-11,2026-08-18 11:00:00,31.06,index,valid,synthetic_ran_kpi,87,85,3.88,99.9
RAN_KPI-CELL_RRC_HOURLY-00-12,CELL010101,DBN,KV1,active,2026-08-18-12,2026-08-18 12:00:00,56.39,index,valid,synthetic_ran_kpi,231,228,2.34,99.9
RAN_KPI-CELL_RRC_HOURLY-00-13,CELL010101,DBN,KV1,active,2026-08-18-13,2026-08-18 13:00:00,60.48,index,valid,synthetic_ran_kpi,225,218,4.54,99.9
RAN_KPI-CELL_RRC_HOURLY-00-14,CELL010101,DBN,KV1,active,2026-08-18-14,2026-08-18 14:00:00,23.65,index,valid,synthetic_ran_kpi,218,214,1.61,99.9
RAN_KPI-CELL_RRC_HOURLY-00-15,CELL010101,DBN,KV1,active,2026-08-18-15,2026-08-18 15:00:00,74.63,index,valid,synthetic_ran_kpi,231,223,3.18,99.9
RAN_KPI-CELL_RRC_HOURLY-00-16,CELL010101,DBN,KV1,active,2026-08-18-16,2026-08-18 16:00:00,53.55,index,valid,synthetic_ran_kpi,282,274,1.43,99.9
RAN_KPI-CELL_RRC_HOURLY-00-17,CELL010101,DBN,KV1,active,2026-08-18-17,2026-08-18 17:00:00,22.24,index,valid,synthetic_ran_kpi,155,147,4.29,99.9
RAN_KPI-CELL_RRC_HOURLY-00-18,CELL010101,DBN,KV1,active,2026-08-18-18,2026-08-18 18:00:00,64.19,index,valid,synthetic_ran_kpi,211,208,2.96,99.9
RAN_KPI-CELL_RRC_HOURLY-00-19,CELL010101,DBN,KV1,active,2026-08-18-19,2026-08-18 19:00:00,59.97,index,valid,synthetic_ran_kpi,148,145,5.54,99.9
RAN_KPI-CELL_RRC_HOURLY-00-20,CELL010101,DBN,KV1,active,2026-08-18-20,2026-08-18 20:00:00,69.66,index,valid,synthetic_ran_kpi,117,111,1.05,99.9
RAN_KPI-CELL_RRC_HOURLY-00-21,CELL010101,DBN,KV1,active,2026-08-18-21,2026-08-18 21:00:00,50.18,index,valid,synthetic_ran_kpi,252,248,1.08,99.9
RAN_KPI-CELL_RRC_HOURLY-00-22,CELL010101,DBN,KV1,active,2026-08-18-22,2026-08-18 22:00:00,79.47,index,valid,synthetic_ran_kpi,171,163,2.94,99.9
RAN_KPI-CELL_RRC_HOURLY-00-23,CELL010101,DBN,KV1,active,2026-08-18-23,2026-08-18 23:00:00,51.96,index,valid,synthetic_ran_kpi,153,148,7.01,99.9
RAN_KPI-CELL_RRC_HOURLY-00-24,CELL010101,DBN,KV1,active,2026-08-19-00,2026-08-19 00:00:00,72.5,index,valid,synthetic_ran_kpi,89,82,4.93,99.9
RAN_KPI-CELL_RRC_HOURLY-00-25,CELL010101,DBN,KV1,active,2026-08-19-01,2026-08-19 01:00:00,74.87,index,valid,synthetic_ran_kpi,173,168,6.23,99.9
RAN_KPI-CELL_RRC_HOURLY-00-26,CELL010101,DBN,KV1,active,2026-08-19-02,2026-08-19 02:00:00,18.17,index,valid,synthetic_ran_kpi,144,138,1.99,99.9
RAN_KPI-CELL_RRC_HOURLY-00-27,CELL010101,DBN,KV1,degraded,2026-08-19-03,2026-08-19 03:00:00,71.15,index,degraded,synthetic_ran_kpi,236,215,3.22,98.0
RAN_KPI-CELL_RRC_HOURLY-00-28,CELL010101,DBN,KV1,active,2026-08-19-04,2026-08-19 04:00:00,64.05,index,valid,synthetic_ran_kpi,175,168,4.93,99.9
RAN_KPI-CELL_RRC_HOURLY-00-29,CELL010101,DBN,KV1,active,2026-08-19-05,2026-08-19 05:00:00,44.11,index,valid,synthetic_ran_kpi,177,174,6.92,99.9
RAN_KPI-CELL_RRC_HOURLY-00-30,CELL010101,DBN,KV1,active,2026-08-19-06,2026-08-19 06:00:00,37.52,index,valid,synthetic_ran_kpi,192,190,7.62,99.9
RAN_KPI-CELL_RRC_HOURLY-00-31,CELL010101,DBN,KV1,active,2026-08-19-07,2026-08-19 07:00:00,20.58,index,valid,synthetic_ran_kpi,109,108,1.05,99.9
RAN_KPI-CELL_RRC_HOURLY-00-32,CELL010101,DBN,KV1,active,2026-08-19-08,2026-08-19 08:00:00,40.69,index,valid,synthetic_ran_kpi,198,197,1.16,99.9
RAN_KPI-CELL_RRC_HOURLY-00-33,CELL010101,DBN,KV1,active,2026-08-19-09,2026-08-19 09:00:00,50.97,index,valid,synthetic_ran_kpi,282,279,5.91,99.9
RAN_KPI-CELL_RRC_HOURLY-00-34,CELL010101,DBN,KV1,active,2026-08-19-10,2026-08-19 10:00:00,38.71,index,valid,synthetic_ran_kpi,204,200,7.18,99.9
RAN_KPI-CELL_RRC_HOURLY-00-35,CELL010101,DBN,KV1,active,2026-08-19-11,2026-08-19 11:00:00,35.21,index,valid,synthetic_ran_kpi,132,125,5.41,99.9
RAN_KPI-CELL_RRC_HOURLY-00-36,CELL010101,DBN,KV1,active,2026-08-19-12,2026-08-19 12:00:00,50.48,index,valid,synthetic_ran_kpi,289,287,4.11,99.9
RAN_KPI-CELL_RRC_HOURLY-00-37,CELL010101,DBN,KV1,active,2026-08-19-13,2026-08-19 13:00:00,45.78,index,valid,synthetic_ran_kpi,81,80,6.91,99.9
RAN_KPI-CELL_RRC_HOURLY-00-38,CELL010101,DBN,KV1,active,2026-08-19-14,2026-08-19 14:00:00,44.92,index,valid,synthetic_ran_kpi,170,162,7.6,99.9
RAN_KPI-CELL_RRC_HOURLY-00-39,CELL010101,DBN,KV1,active,2026-08-19-15,2026-08-19 15:00:00,67.73,index,valid,synthetic_ran_kpi,162,158,4.78,99.9
RAN_KPI-CELL_RRC_HOURLY-00-40,CELL010101,DBN,KV1,active,2026-08-19-16,2026-08-19 16:00:00,28.01,index,valid,synthetic_ran_kpi,278,271,4.78,99.9
RAN_KPI-CELL_RRC_HOURLY-00-41,CELL010101,DBN,KV1,active,2026-08-19-17,2026-08-19 17:00:00,42.84,index,valid,synthetic_ran_kpi,285,281,3.06,99.9
RAN_KPI-CELL_RRC_HOURLY-00-42,CELL010101,DBN,KV1,active,2026-08-19-18,2026-08-19 18:00:00,41.28,index,valid,synthetic_ran_kpi,139,132,5.6,99.9
RAN_KPI-CELL_RRC_HOURLY-00-43,CELL010101,DBN,KV1,active,2026-08-19-19,2026-08-19 19:00:00,38.04,index,valid,synthetic_ran_kpi,188,185,0.65,99.9
RAN_KPI-CELL_RRC_HOURLY-00-44,CELL010101,DBN,KV1,active,2026-08-19-20,2026-08-19 20:00:00,24.38,index,valid,synthetic_ran_kpi,142,139,2.86,99.9
RAN_KPI-CELL_RRC_HOURLY-00-45,CELL010101,DBN,KV1,active,2026-08-19-21,2026-08-19 21:00:00,68.75,index,valid,synthetic_ran_kpi,214,209,7.15,99.9
RAN_KPI-CELL_RRC_HOURLY-00-46,CELL010101,DBN,KV1,active,2026-08-19-22,2026-08-19 22:00:00,47.82,index,valid,synthetic_ran_kpi,189,188,1.92,99.9
RAN_KPI-CELL_RRC_HOURLY-00-47,CELL010101,DBN,KV1,active,2026-08-19-23,2026-08-19 23:00:00,63.34,index,valid,synthetic_ran_kpi,169,168,6.87,99.9
RAN_KPI-CELL_RRC_HOURLY-00-48,CELL010101,DBN,KV1,active,2026-08-20-00,2026-08-20 00:00:00,46.06,index,valid,synthetic_ran_kpi,229,225,5.49,99.9
RAN_KPI-CELL_RRC_HOURLY-00-49,CELL010101,DBN,KV1,active,2026-08-20-01,2026-08-20 01:00:00,23.83,index,valid,synthetic_ran_kpi,113,110,0.54,99.9
RAN_KPI-CELL_RRC_HOURLY-00-50,CELL010101,DBN,KV1,active,2026-08-20-02,2026-08-20 02:00:00,70.51,index,valid,synthetic_ran_kpi,211,206,4.02,99.9
RAN_KPI-CELL_RRC_HOURLY-00-51,CELL010101,DBN,KV1,active,2026-08-20-03,2026-08-20 03:00:00,50.91,index,valid,synthetic_ran_kpi,80,78,7.08,99.9
RAN_KPI-CELL_RRC_HOURLY-00-52,CELL010101,DBN,KV1,active,2026-08-20-04,2026-08-20 04:00:00,37.71,index,valid,synthetic_ran_kpi,100,96,2.0,99.9
RAN_KPI-CELL_RRC_HOURLY-00-53,CELL010101,DBN,KV1,active,2026-08-20-05,2026-08-20 05:00:00,77.67,index,valid,synthetic_ran_kpi,146,138,5.8,99.9
RAN_KPI-CELL_RRC_HOURLY-00-54,CELL010101,DBN,KV1,active,2026-08-20-06,2026-08-20 06:00:00,74.26,index,valid,synthetic_ran_kpi,168,160,5.92,99.9
RAN_KPI-CELL_RRC_HOURLY-00-55,CELL010101,DBN,KV1,active,2026-08-20-07,2026-08-20 07:00:00,70.32,index,valid,synthetic_ran_kpi,81,80,4.98,99.9
RAN_KPI-CELL_RRC_HOURLY-00-56,CELL010101,DBN,KV1,active,2026-08-20-08,2026-08-20 08:00:00,79.2,index,valid,synthetic_ran_kpi,198,197,4.17,99.9
RAN_KPI-CELL_RRC_HOURLY-00-57,CELL010101,DBN,KV1,active,2026-08-20-09,2026-08-20 09:00:00,60.86,index,valid,synthetic_ran_kpi,195,194,3.79,99.9
RAN_KPI-CELL_RRC_HOURLY-00-58,CELL010101,DBN,KV1,active,2026-08-20-10,2026-08-20 10:00:00,33.43,index,valid,synthetic_ran_kpi,105,100,7.38,99.9
RAN_KPI-CELL_RRC_HOURLY-00-59,CELL010101,DBN,KV1,active,2026-08-20-11,2026-08-20 11:00:00,31.58,index,valid,synthetic_ran_kpi,202,196,4.24,99.9
RAN_KPI-CELL_RRC_HOURLY-00-60,CELL010101,DBN,KV1,active,2026-08-20-12,2026-08-20 12:00:00,35.15,index,valid,synthetic_ran_kpi,300,298,7.2,99.9
RAN_KPI-CELL_RRC_HOURLY-00-61,CELL010101,DBN,KV1,active,2026-08-20-13,2026-08-20 13:00:00,48.78,index,valid,synthetic_ran_kpi,229,227,6.09,99.9
RAN_KPI-CELL_RRC_HOURLY-00-62,CELL010101,DBN,KV1,active,2026-08-20-14,2026-08-20 14:00:00,70.11,index,valid,synthetic_ran_kpi,156,150,3.95,99.9
RAN_KPI-CELL_RRC_HOURLY-00-63,CELL010101,DBN,KV1,active,2026-08-20-15,2026-08-20 15:00:00,35.58,index,valid,synthetic_ran_kpi,120,116,1.27,99.9
RAN_KPI-CELL_RRC_HOURLY-00-64,CELL010101,DBN,KV1,active,2026-08-20-16,2026-08-20 16:00:00,77.55,index,valid,synthetic_ran_kpi,256,254,7.32,99.9
RAN_KPI-CELL_RRC_HOURLY-00-65,CELL010101,DBN,KV1,active,2026-08-20-17,2026-08-20 17:00:00,70.89,index,valid,synthetic_ran_kpi,260,258,3.29,99.9
RAN_KPI-CELL_RRC_HOURLY-00-66,CELL010101,DBN,KV1,active,2026-08-20-18,2026-08-20 18:00:00,27.79,index,valid,synthetic_ran_kpi,201,199,4.18,99.9
RAN_KPI-CELL_RRC_HOURLY-00-67,CELL010101,DBN,KV1,active,2026-08-20-19,2026-08-20 19:00:00,48.95,index,valid,synthetic_ran_kpi,98,94,5.04,99.9
RAN_KPI-CELL_RRC_HOURLY-00-68,CELL010101,DBN,KV1,active,2026-08-20-20,2026-08-20 20:00:00,43.83,index,valid,synthetic_ran_kpi,188,182,6.75,99.9
RAN_KPI-CELL_RRC_HOURLY-00-69,CELL010101,DBN,KV1,active,2026-08-20-21,2026-08-20 21:00:00,19.01,index,valid,synthetic_ran_kpi,172,167,5.68,99.9
RAN_KPI-CELL_RRC_HOURLY-00-70,CELL010101,DBN,KV1,active,2026-08-20-22,2026-08-20 22:00:00,16.13,index,valid,synthetic_ran_kpi,212,210,0.87,99.9
RAN_KPI-CELL_RRC_HOURLY-00-71,CELL010101,DBN,KV1,active,2026-08-20-23,2026-08-20 23:00:00,52.62,index,valid,synthetic_ran_kpi,102,98,2.24,99.9
RAN_KPI-CELL_RRC_HOURLY-01-00,CELL020201,SLA,KV1,active,2026-08-18-00,2026-08-18 00:00:00,18.14,index,valid,synthetic_ran_kpi,280,278,3.42,99.9
RAN_KPI-CELL_RRC_HOURLY-01-01,CELL020201,SLA,KV1,active,2026-08-18-01,2026-08-18 01:00:00,68.89,index,valid,synthetic_ran_kpi,171,170,1.31,99.9
RAN_KPI-CELL_RRC_HOURLY-01-02,CELL020201,SLA,KV1,active,2026-08-18-02,2026-08-18 02:00:00,20.6,index,valid,synthetic_ran_kpi,210,202,3.26,99.9
RAN_KPI-CELL_RRC_HOURLY-01-03,CELL020201,SLA,KV1,active,2026-08-18-03,2026-08-18 03:00:00,77.88,index,valid,synthetic_ran_kpi,197,194,5.17,99.9
RAN_KPI-CELL_RRC_HOURLY-01-04,CELL020201,SLA,KV1,active,2026-08-18-04,2026-08-18 04:00:00,46.76,index,valid,synthetic_ran_kpi,276,272,6.4,99.9
RAN_KPI-CELL_RRC_HOURLY-01-05,CELL020201,SLA,KV1,active,2026-08-18-05,2026-08-18 05:00:00,53.25,index,valid,synthetic_ran_kpi,237,236,6.47,99.9
RAN_KPI-CELL_RRC_HOURLY-01-06,CELL020201,SLA,KV1,active,2026-08-18-06,2026-08-18 06:00:00,48.65,index,valid,synthetic_ran_kpi,268,263,5.09,99.9
RAN_KPI-CELL_RRC_HOURLY-01-07,CELL020201,SLA,KV1,active,2026-08-18-07,2026-08-18 07:00:00,69.3,index,valid,synthetic_ran_kpi,257,252,4.47,99.9
RAN_KPI-CELL_RRC_HOURLY-01-08,CELL020201,SLA,KV1,active,2026-08-18-08,2026-08-18 08:00:00,78.15,index,valid,synthetic_ran_kpi,285,277,4.61,99.9
RAN_KPI-CELL_RRC_HOURLY-01-09,CELL020201,SLA,KV1,active,2026-08-18-09,2026-08-18 09:00:00,63.84,index,valid,synthetic_ran_kpi,99,98,0.76,99.9
RAN_KPI-CELL_RRC_HOURLY-01-10,CELL020201,SLA,KV1,active,2026-08-18-10,2026-08-18 10:00:00,26.07,index,valid,synthetic_ran_kpi,82,75,6.97,99.9
RAN_KPI-CELL_RRC_HOURLY-01-11,CELL020201,SLA,KV1,active,2026-08-18-11,2026-08-18 11:00:00,36.25,index,valid,synthetic_ran_kpi,152,144,0.62,99.9
RAN_KPI-CELL_RRC_HOURLY-01-12,CELL020201,SLA,KV1,active,2026-08-18-12,2026-08-18 12:00:00,25.3,index,valid,synthetic_ran_kpi,226,218,3.82,99.9
RAN_KPI-CELL_RRC_HOURLY-01-13,CELL020201,SLA,KV1,active,2026-08-18-13,2026-08-18 13:00:00,58.0,index,valid,synthetic_ran_kpi,227,224,1.3,99.9
RAN_KPI-CELL_RRC_HOURLY-01-14,CELL020201,SLA,KV1,active,2026-08-18-14,2026-08-18 14:00:00,48.71,index,valid,synthetic_ran_kpi,130,126,2.37,99.9
RAN_KPI-CELL_RRC_HOURLY-01-15,CELL020201,SLA,KV1,active,2026-08-18-15,2026-08-18 15:00:00,18.51,index,valid,synthetic_ran_kpi,290,282,5.3,99.9
RAN_KPI-CELL_RRC_HOURLY-01-16,CELL020201,SLA,KV1,active,2026-08-18-16,2026-08-18 16:00:00,59.33,index,valid,synthetic_ran_kpi,129,121,3.13,99.9
RAN_KPI-CELL_RRC_HOURLY-01-17,CELL020201,SLA,KV1,active,2026-08-18-17,2026-08-18 17:00:00,32.98,index,valid,synthetic_ran_kpi,196,194,0.56,99.9
RAN_KPI-CELL_RRC_HOURLY-01-18,CELL020201,SLA,KV1,active,2026-08-18-18,2026-08-18 18:00:00,24.48,index,valid,synthetic_ran_kpi,283,280,5.36,99.9
RAN_KPI-CELL_RRC_HOURLY-01-19,CELL020201,SLA,KV1,active,2026-08-18-19,2026-08-18 19:00:00,64.74,index,valid,synthetic_ran_kpi,222,220,0.94,99.9
RAN_KPI-CELL_RRC_HOURLY-01-20,CELL020201,SLA,KV1,active,2026-08-18-20,2026-08-18 20:00:00,63.23,index,valid,synthetic_ran_kpi,209,204,2.89,99.9
RAN_KPI-CELL_RRC_HOURLY-01-21,CELL020201,SLA,KV1,active,2026-08-18-21,2026-08-18 21:00:00,22.79,index,valid,synthetic_ran_kpi,256,255,6.31,99.9
RAN_KPI-CELL_RRC_HOURLY-01-22,CELL020201,SLA,KV1,active,2026-08-18-22,2026-08-18 22:00:00,78.88,index,valid,synthetic_ran_kpi,267,260,2.88,99.9
RAN_KPI-CELL_RRC_HOURLY-01-23,CELL020201,SLA,KV1,active,2026-08-18-23,2026-08-18 23:00:00,33.92,index,valid,synthetic_ran_kpi,97,96,0.56,99.9
RAN_KPI-CELL_RRC_HOURLY-01-24,CELL020201,SLA,KV1,active,2026-08-19-00,2026-08-19 00:00:00,45.72,index,valid,synthetic_ran_kpi,265,257,2.07,99.9
RAN_KPI-CELL_RRC_HOURLY-01-25,CELL020201,SLA,KV1,active,2026-08-19-01,2026-08-19 01:00:00,33.06,index,valid,synthetic_ran_kpi,134,131,7.82,99.9
RAN_KPI-CELL_RRC_HOURLY-01-26,CELL020201,SLA,KV1,active,2026-08-19-02,2026-08-19 02:00:00,61.19,index,valid,synthetic_ran_kpi,159,152,3.44,99.9
RAN_KPI-CELL_RRC_HOURLY-01-27,CELL020201,SLA,KV1,active,2026-08-19-03,2026-08-19 03:00:00,84.56,index,valid,synthetic_ran_kpi,90,84,4.22,99.9
RAN_KPI-CELL_RRC_HOURLY-01-28,CELL020201,SLA,KV1,active,2026-08-19-04,2026-08-19 04:00:00,18.92,index,valid,synthetic_ran_kpi,165,158,7.14,99.9
RAN_KPI-CELL_RRC_HOURLY-01-29,CELL020201,SLA,KV1,active,2026-08-19-05,2026-08-19 05:00:00,59.64,index,valid,synthetic_ran_kpi,265,263,1.7,99.9
RAN_KPI-CELL_RRC_HOURLY-01-30,CELL020201,SLA,KV1,active,2026-08-19-06,2026-08-19 06:00:00,76.22,index,valid,synthetic_ran_kpi,175,172,4.73,99.9
RAN_KPI-CELL_RRC_HOURLY-01-31,CELL020201,SLA,KV1,active,2026-08-19-07,2026-08-19 07:00:00,66.17,index,valid,synthetic_ran_kpi,279,277,5.32,99.9
RAN_KPI-CELL_RRC_HOURLY-01-32,CELL020201,SLA,KV1,active,2026-08-19-08,2026-08-19 08:00:00,63.4,index,valid,synthetic_ran_kpi,291,285,2.44,99.9
RAN_KPI-CELL_RRC_HOURLY-01-33,CELL020201,SLA,KV1,active,2026-08-19-09,2026-08-19 09:00:00,18.76,index,valid,synthetic_ran_kpi,260,252,1.28,99.9
RAN_KPI-CELL_RRC_HOURLY-01-34,CELL020201,SLA,KV1,active,2026-08-19-10,2026-08-19 10:00:00,39.07,index,valid,synthetic_ran_kpi,195,188,7.95,99.9
RAN_KPI-CELL_RRC_HOURLY-01-35,CELL020201,SLA,KV1,active,2026-08-19-11,2026-08-19 11:00:00,70.49,index,valid,synthetic_ran_kpi,239,232,0.68,99.9
RAN_KPI-CELL_RRC_HOURLY-01-36,CELL020201,SLA,KV1,active,2026-08-19-12,2026-08-19 12:00:00,59.12,index,valid,synthetic_ran_kpi,239,238,4.67,99.9
RAN_KPI-CELL_RRC_HOURLY-01-37,CELL020201,SLA,KV1,active,2026-08-19-13,2026-08-19 13:00:00,70.28,index,valid,synthetic_ran_kpi,197,194,4.8,99.9
RAN_KPI-CELL_RRC_HOURLY-01-38,CELL020201,SLA,KV1,active,2026-08-19-14,2026-08-19 14:00:00,80.81,index,valid,synthetic_ran_kpi,130,124,6.59,99.9
RAN_KPI-CELL_RRC_HOURLY-01-39,CELL020201,SLA,KV1,active,2026-08-19-15,2026-08-19 15:00:00,77.16,index,valid,synthetic_ran_kpi,229,225,6.46,99.9
RAN_KPI-CELL_RRC_HOURLY-01-40,CELL020201,SLA,KV1,active,2026-08-19-16,2026-08-19 16:00:00,77.06,index,valid,synthetic_ran_kpi,168,165,2.57,99.9
RAN_KPI-CELL_RRC_HOURLY-01-41,CELL020201,SLA,KV1,active,2026-08-19-17,2026-08-19 17:00:00,49.77,index,valid,synthetic_ran_kpi,132,125,0.77,99.9
RAN_KPI-CELL_RRC_HOURLY-01-42,CELL020201,SLA,KV1,active,2026-08-19-18,2026-08-19 18:00:00,54.64,index,valid,synthetic_ran_kpi,83,78,2.03,99.9
RAN_KPI-CELL_RRC_HOURLY-01-43,CELL020201,SLA,KV1,active,2026-08-19-19,2026-08-19 19:00:00,29.53,index,valid,synthetic_ran_kpi,153,149,4.22,99.9
RAN_KPI-CELL_RRC_HOURLY-01-44,CELL020201,SLA,KV1,active,2026-08-19-20,2026-08-19 20:00:00,60.09,index,valid,synthetic_ran_kpi,299,294,7.85,99.9
RAN_KPI-CELL_RRC_HOURLY-01-45,CELL020201,SLA,KV1,degraded,2026-08-19-21,2026-08-19 21:00:00,98.17,index,degraded,synthetic_ran_kpi,172,145,7.47,98.0
RAN_KPI-CELL_RRC_HOURLY-01-46,CELL020201,SLA,KV1,active,2026-08-19-22,2026-08-19 22:00:00,53.53,index,valid,synthetic_ran_kpi,141,137,6.71,99.9
RAN_KPI-CELL_RRC_HOURLY-01-47,CELL020201,SLA,KV1,active,2026-08-19-23,2026-08-19 23:00:00,33.48,index,valid,synthetic_ran_kpi,253,248,5.05,99.9
RAN_KPI-CELL_RRC_HOURLY-01-48,CELL020201,SLA,KV1,active,2026-08-20-00,2026-08-20 00:00:00,34.32,index,valid,synthetic_ran_kpi,202,195,3.73,99.9
RAN_KPI-CELL_RRC_HOURLY-01-49,CELL020201,SLA,KV1,active,2026-08-20-01,2026-08-20 01:00:00,18.8,index,valid,synthetic_ran_kpi,110,108,0.81,99.9
RAN_KPI-CELL_RRC_HOURLY-01-50,CELL020201,SLA,KV1,active,2026-08-20-02,2026-08-20 02:00:00,73.15,index,valid,synthetic_ran_kpi,89,87,3.62,99.9
RAN_KPI-CELL_RRC_HOURLY-01-51,CELL020201,SLA,KV1,active,2026-08-20-03,2026-08-20 03:00:00,65.06,index,valid,synthetic_ran_kpi,239,235,3.09,99.9
RAN_KPI-CELL_RRC_HOURLY-01-52,CELL020201,SLA,KV1,active,2026-08-20-04,2026-08-20 04:00:00,40.23,index,valid,synthetic_ran_kpi,259,258,5.53,99.9
RAN_KPI-CELL_RRC_HOURLY-01-53,CELL020201,SLA,KV1,active,2026-08-20-05,2026-08-20 05:00:00,43.3,index,valid,synthetic_ran_kpi,202,194,6.94,99.9
RAN_KPI-CELL_RRC_HOURLY-01-54,CELL020201,SLA,KV1,active,2026-08-20-06,2026-08-20 06:00:00,42.81,index,valid,synthetic_ran_kpi,207,205,3.29,99.9
RAN_KPI-CELL_RRC_HOURLY-01-55,CELL020201,SLA,KV1,active,2026-08-20-07,2026-08-20 07:00:00,34.6,index,valid,synthetic_ran_kpi,100,97,4.32,99.9
RAN_KPI-CELL_RRC_HOURLY-01-56,CELL020201,SLA,KV1,active,2026-08-20-08,2026-08-20 08:00:00,39.2,index,valid,synthetic_ran_kpi,219,211,6.14,99.9
RAN_KPI-CELL_RRC_HOURLY-01-57,CELL020201,SLA,KV1,active,2026-08-20-09,2026-08-20 09:00:00,40.81,index,valid,synthetic_ran_kpi,265,261,7.7,99.9
RAN_KPI-CELL_RRC_HOURLY-01-58,CELL020201,SLA,KV1,active,2026-08-20-10,2026-08-20 10:00:00,81.68,index,valid,synthetic_ran_kpi,81,78,6.44,99.9
RAN_KPI-CELL_RRC_HOURLY-01-59,CELL020201,SLA,KV1,active,2026-08-20-11,2026-08-20 11:00:00,79.86,index,valid,synthetic_ran_kpi,293,289,4.57,99.9
RAN_KPI-CELL_RRC_HOURLY-01-60,CELL020201,SLA,KV1,active,2026-08-20-12,2026-08-20 12:00:00,45.99,index,valid,synthetic_ran_kpi,158,150,2.33,99.9
RAN_KPI-CELL_RRC_HOURLY-01-61,CELL020201,SLA,KV1,active,2026-08-20-13,2026-08-20 13:00:00,82.98,index,valid,synthetic_ran_kpi,164,162,6.92,99.9
RAN_KPI-CELL_RRC_HOURLY-01-62,CELL020201,SLA,KV1,active,2026-08-20-14,2026-08-20 14:00:00,51.22,index,valid,synthetic_ran_kpi,213,210,6.25,99.9
RAN_KPI-CELL_RRC_HOURLY-01-63,CELL020201,SLA,KV1,active,2026-08-20-15,2026-08-20 15:00:00,32.6,index,valid,synthetic_ran_kpi,295,290,2.71,99.9
RAN_KPI-CELL_RRC_HOURLY-01-64,CELL020201,SLA,KV1,active,2026-08-20-16,2026-08-20 16:00:00,25.9,index,valid,synthetic_ran_kpi,94,88,1.93,99.9
RAN_KPI-CELL_RRC_HOURLY-01-65,CELL020201,SLA,KV1,active,2026-08-20-17,2026-08-20 17:00:00,41.7,index,valid,synthetic_ran_kpi,298,297,7.99,99.9
RAN_KPI-CELL_RRC_HOURLY-01-66,CELL020201,SLA,KV1,active,2026-08-20-18,2026-08-20 18:00:00,72.82,index,valid,synthetic_ran_kpi,218,217,6.33,99.9
RAN_KPI-CELL_RRC_HOURLY-01-67,CELL020201,SLA,KV1,active,2026-08-20-19,2026-08-20 19:00:00,66.67,index,valid,synthetic_ran_kpi,268,261,3.64,99.9
RAN_KPI-CELL_RRC_HOURLY-01-68,CELL020201,SLA,KV1,active,2026-08-20-20,2026-08-20 20:00:00,72.27,index,valid,synthetic_ran_kpi,183,180,6.81,99.9
RAN_KPI-CELL_RRC_HOURLY-01-69,CELL020201,SLA,KV1,active,2026-08-20-21,2026-08-20 21:00:00,33.74,index,valid,synthetic_ran_kpi,123,117,5.42,99.9
RAN_KPI-CELL_RRC_HOURLY-01-70,CELL020201,SLA,KV1,active,2026-08-20-22,2026-08-20 22:00:00,28.17,index,valid,synthetic_ran_kpi,159,157,5.34,99.9
RAN_KPI-CELL_RRC_HOURLY-01-71,CELL020201,SLA,KV1,active,2026-08-20-23,2026-08-20 23:00:00,57.66,index,valid,synthetic_ran_kpi,154,151,0.77,99.9
RAN_KPI-CELL_RRC_HOURLY-02-00,CELL030101,CMU,KV3,active,2026-08-18-00,2026-08-18 00:00:00,75.81,index,valid,synthetic_ran_kpi,163,158,1.52,99.9
RAN_KPI-CELL_RRC_HOURLY-02-01,CELL030101,CMU,KV3,active,2026-08-18-01,2026-08-18 01:00:00,72.85,index,valid,synthetic_ran_kpi,244,237,2.49,99.9
RAN_KPI-CELL_RRC_HOURLY-02-02,CELL030101,CMU,KV3,active,2026-08-18-02,2026-08-18 02:00:00,23.81,index,valid,synthetic_ran_kpi,273,267,6.53,99.9
RAN_KPI-CELL_RRC_HOURLY-02-03,CELL030101,CMU,KV3,active,2026-08-18-03,2026-08-18 03:00:00,28.17,index,valid,synthetic_ran_kpi,204,200,5.14,99.9
RAN_KPI-CELL_RRC_HOURLY-02-04,CELL030101,CMU,KV3,active,2026-08-18-04,2026-08-18 04:00:00,78.13,index,valid,synthetic_ran_kpi,128,120,3.83,99.9
RAN_KPI-CELL_RRC_HOURLY-02-05,CELL030101,CMU,KV3,active,2026-08-18-05,2026-08-18 05:00:00,69.06,index,valid,synthetic_ran_kpi,220,215,7.17,99.9
RAN_KPI-CELL_RRC_HOURLY-02-06,CELL030101,CMU,KV3,active,2026-08-18-06,2026-08-18 06:00:00,36.83,index,valid,synthetic_ran_kpi,102,99,4.06,99.9
RAN_KPI-CELL_RRC_HOURLY-02-07,CELL030101,CMU,KV3,active,2026-08-18-07,2026-08-18 07:00:00,78.51,index,valid,synthetic_ran_kpi,117,112,4.59,99.9
RAN_KPI-CELL_RRC_HOURLY-02-08,CELL030101,CMU,KV3,active,2026-08-18-08,2026-08-18 08:00:00,32.18,index,valid,synthetic_ran_kpi,165,159,6.82,99.9
RAN_KPI-CELL_RRC_HOURLY-02-09,CELL030101,CMU,KV3,active,2026-08-18-09,2026-08-18 09:00:00,84.66,index,valid,synthetic_ran_kpi,192,185,3.63,99.9
RAN_KPI-CELL_RRC_HOURLY-02-10,CELL030101,CMU,KV3,active,2026-08-18-10,2026-08-18 10:00:00,27.22,index,valid,synthetic_ran_kpi,210,206,0.56,99.9
RAN_KPI-CELL_RRC_HOURLY-02-11,CELL030101,CMU,KV3,active,2026-08-18-11,2026-08-18 11:00:00,16.56,index,valid,synthetic_ran_kpi,182,174,3.3,99.9
RAN_KPI-CELL_RRC_HOURLY-02-12,CELL030101,CMU,KV3,active,2026-08-18-12,2026-08-18 12:00:00,83.12,index,valid,synthetic_ran_kpi,110,103,5.85,99.9
RAN_KPI-CELL_RRC_HOURLY-02-13,CELL030101,CMU,KV3,active,2026-08-18-13,2026-08-18 13:00:00,48.56,index,valid,synthetic_ran_kpi,153,149,2.92,99.9
RAN_KPI-CELL_RRC_HOURLY-02-14,CELL030101,CMU,KV3,active,2026-08-18-14,2026-08-18 14:00:00,36.49,index,valid,synthetic_ran_kpi,147,143,7.17,99.9
RAN_KPI-CELL_RRC_HOURLY-02-15,CELL030101,CMU,KV3,active,2026-08-18-15,2026-08-18 15:00:00,51.57,index,valid,synthetic_ran_kpi,203,195,5.48,99.9
RAN_KPI-CELL_RRC_HOURLY-02-16,CELL030101,CMU,KV3,active,2026-08-18-16,2026-08-18 16:00:00,26.34,index,valid,synthetic_ran_kpi,178,173,3.29,99.9
RAN_KPI-CELL_RRC_HOURLY-02-17,CELL030101,CMU,KV3,active,2026-08-18-17,2026-08-18 17:00:00,28.57,index,valid,synthetic_ran_kpi,144,140,7.72,99.9
RAN_KPI-CELL_RRC_HOURLY-02-18,CELL030101,CMU,KV3,active,2026-08-18-18,2026-08-18 18:00:00,22.05,index,valid,synthetic_ran_kpi,164,157,1.31,99.9
RAN_KPI-CELL_RRC_HOURLY-02-19,CELL030101,CMU,KV3,active,2026-08-18-19,2026-08-18 19:00:00,17.58,index,valid,synthetic_ran_kpi,133,132,0.58,99.9
RAN_KPI-CELL_RRC_HOURLY-02-20,CELL030101,CMU,KV3,active,2026-08-18-20,2026-08-18 20:00:00,50.79,index,valid,synthetic_ran_kpi,168,161,4.11,99.9
RAN_KPI-CELL_RRC_HOURLY-02-21,CELL030101,CMU,KV3,active,2026-08-18-21,2026-08-18 21:00:00,59.07,index,valid,synthetic_ran_kpi,197,192,7.9,99.9
RAN_KPI-CELL_RRC_HOURLY-02-22,CELL030101,CMU,KV3,active,2026-08-18-22,2026-08-18 22:00:00,37.05,index,valid,synthetic_ran_kpi,170,166,7.76,99.9
RAN_KPI-CELL_RRC_HOURLY-02-23,CELL030101,CMU,KV3,active,2026-08-18-23,2026-08-18 23:00:00,16.93,index,valid,synthetic_ran_kpi,254,250,1.28,99.9
RAN_KPI-CELL_RRC_HOURLY-02-24,CELL030101,CMU,KV3,active,2026-08-19-00,2026-08-19 00:00:00,74.31,index,valid,synthetic_ran_kpi,175,167,0.51,99.9
RAN_KPI-CELL_RRC_HOURLY-02-25,CELL030101,CMU,KV3,active,2026-08-19-01,2026-08-19 01:00:00,64.66,index,valid,synthetic_ran_kpi,149,142,6.49,99.9
RAN_KPI-CELL_RRC_HOURLY-02-26,CELL030101,CMU,KV3,active,2026-08-19-02,2026-08-19 02:00:00,58.47,index,valid,synthetic_ran_kpi,93,86,1.25,99.9
RAN_KPI-CELL_RRC_HOURLY-02-27,CELL030101,CMU,KV3,active,2026-08-19-03,2026-08-19 03:00:00,56.51,index,valid,synthetic_ran_kpi,138,131,2.13,99.9
RAN_KPI-CELL_RRC_HOURLY-02-28,CELL030101,CMU,KV3,active,2026-08-19-04,2026-08-19 04:00:00,78.18,index,valid,synthetic_ran_kpi,90,87,4.26,99.9
RAN_KPI-CELL_RRC_HOURLY-02-29,CELL030101,CMU,KV3,active,2026-08-19-05,2026-08-19 05:00:00,31.5,index,valid,synthetic_ran_kpi,177,172,2.84,99.9
RAN_KPI-CELL_RRC_HOURLY-02-30,CELL030101,CMU,KV3,active,2026-08-19-06,2026-08-19 06:00:00,21.97,index,valid,synthetic_ran_kpi,115,112,6.37,99.9
RAN_KPI-CELL_RRC_HOURLY-02-31,CELL030101,CMU,KV3,active,2026-08-19-07,2026-08-19 07:00:00,58.64,index,valid,synthetic_ran_kpi,266,260,1.98,99.9
RAN_KPI-CELL_RRC_HOURLY-02-32,CELL030101,CMU,KV3,active,2026-08-19-08,2026-08-19 08:00:00,40.68,index,valid,synthetic_ran_kpi,123,121,7.88,99.9
RAN_KPI-CELL_RRC_HOURLY-02-33,CELL030101,CMU,KV3,active,2026-08-19-09,2026-08-19 09:00:00,77.71,index,valid,synthetic_ran_kpi,282,276,3.35,99.9
RAN_KPI-CELL_RRC_HOURLY-02-34,CELL030101,CMU,KV3,active,2026-08-19-10,2026-08-19 10:00:00,70.87,index,valid,synthetic_ran_kpi,148,144,1.13,99.9
RAN_KPI-CELL_RRC_HOURLY-02-35,CELL030101,CMU,KV3,active,2026-08-19-11,2026-08-19 11:00:00,72.28,index,valid,synthetic_ran_kpi,246,241,5.1,99.9
RAN_KPI-CELL_RRC_HOURLY-02-36,CELL030101,CMU,KV3,active,2026-08-19-12,2026-08-19 12:00:00,70.76,index,valid,synthetic_ran_kpi,204,197,4.63,99.9
RAN_KPI-CELL_RRC_HOURLY-02-37,CELL030101,CMU,KV3,active,2026-08-19-13,2026-08-19 13:00:00,54.44,index,valid,synthetic_ran_kpi,252,248,4.05,99.9
RAN_KPI-CELL_RRC_HOURLY-02-38,CELL030101,CMU,KV3,active,2026-08-19-14,2026-08-19 14:00:00,59.57,index,valid,synthetic_ran_kpi,254,253,2.41,99.9
RAN_KPI-CELL_RRC_HOURLY-02-39,CELL030101,CMU,KV3,active,2026-08-19-15,2026-08-19 15:00:00,32.89,index,valid,synthetic_ran_kpi,217,215,7.05,99.9
RAN_KPI-CELL_RRC_HOURLY-02-40,CELL030101,CMU,KV3,active,2026-08-19-16,2026-08-19 16:00:00,84.99,index,valid,synthetic_ran_kpi,244,238,6.12,99.9
RAN_KPI-CELL_RRC_HOURLY-02-41,CELL030101,CMU,KV3,active,2026-08-19-17,2026-08-19 17:00:00,63.87,index,valid,synthetic_ran_kpi,239,233,3.92,99.9
RAN_KPI-CELL_RRC_HOURLY-02-42,CELL030101,CMU,KV3,active,2026-08-19-18,2026-08-19 18:00:00,44.71,index,valid,synthetic_ran_kpi,134,131,6.33,99.9
RAN_KPI-CELL_RRC_HOURLY-02-43,CELL030101,CMU,KV3,active,2026-08-19-19,2026-08-19 19:00:00,83.15,index,valid,synthetic_ran_kpi,178,173,2.28,99.9
RAN_KPI-CELL_RRC_HOURLY-02-44,CELL030101,CMU,KV3,active,2026-08-19-20,2026-08-19 20:00:00,16.78,index,valid,synthetic_ran_kpi,121,119,2.27,99.9
RAN_KPI-CELL_RRC_HOURLY-02-45,CELL030101,CMU,KV3,active,2026-08-19-21,2026-08-19 21:00:00,84.45,index,valid,synthetic_ran_kpi,261,258,4.18,99.9
RAN_KPI-CELL_RRC_HOURLY-02-46,CELL030101,CMU,KV3,active,2026-08-19-22,2026-08-19 22:00:00,59.4,index,valid,synthetic_ran_kpi,152,149,1.29,99.9
RAN_KPI-CELL_RRC_HOURLY-02-47,CELL030101,CMU,KV3,active,2026-08-19-23,2026-08-19 23:00:00,41.06,index,valid,synthetic_ran_kpi,193,185,4.48,99.9
RAN_KPI-CELL_RRC_HOURLY-02-48,CELL030101,CMU,KV3,active,2026-08-20-00,2026-08-20 00:00:00,80.54,index,valid,synthetic_ran_kpi,242,241,3.34,99.9
RAN_KPI-CELL_RRC_HOURLY-02-49,CELL030101,CMU,KV3,active,2026-08-20-01,2026-08-20 01:00:00,42.69,index,valid,synthetic_ran_kpi,164,163,5.97,99.9
RAN_KPI-CELL_RRC_HOURLY-02-50,CELL030101,CMU,KV3,active,2026-08-20-02,2026-08-20 02:00:00,57.75,index,valid,synthetic_ran_kpi,97,95,1.01,99.9
RAN_KPI-CELL_RRC_HOURLY-02-51,CELL030101,CMU,KV3,active,2026-08-20-03,2026-08-20 03:00:00,68.65,index,valid,synthetic_ran_kpi,261,258,7.37,99.9
RAN_KPI-CELL_RRC_HOURLY-02-52,CELL030101,CMU,KV3,active,2026-08-20-04,2026-08-20 04:00:00,84.0,index,valid,synthetic_ran_kpi,205,203,0.75,99.9
RAN_KPI-CELL_RRC_HOURLY-02-53,CELL030101,CMU,KV3,active,2026-08-20-05,2026-08-20 05:00:00,18.12,index,valid,synthetic_ran_kpi,162,160,2.89,99.9
RAN_KPI-CELL_RRC_HOURLY-02-54,CELL030101,CMU,KV3,active,2026-08-20-06,2026-08-20 06:00:00,58.65,index,valid,synthetic_ran_kpi,130,125,7.23,99.9
RAN_KPI-CELL_RRC_HOURLY-02-55,CELL030101,CMU,KV3,active,2026-08-20-07,2026-08-20 07:00:00,67.84,index,valid,synthetic_ran_kpi,165,164,4.37,99.9
RAN_KPI-CELL_RRC_HOURLY-02-56,CELL030101,CMU,KV3,active,2026-08-20-08,2026-08-20 08:00:00,47.01,index,valid,synthetic_ran_kpi,99,93,6.81,99.9
RAN_KPI-CELL_RRC_HOURLY-02-57,CELL030101,CMU,KV3,active,2026-08-20-09,2026-08-20 09:00:00,74.25,index,valid,synthetic_ran_kpi,147,139,6.73,99.9
RAN_KPI-CELL_RRC_HOURLY-02-58,CELL030101,CMU,KV3,active,2026-08-20-10,2026-08-20 10:00:00,33.7,index,valid,synthetic_ran_kpi,289,282,7.08,99.9
RAN_KPI-CELL_RRC_HOURLY-02-59,CELL030101,CMU,KV3,active,2026-08-20-11,2026-08-20 11:00:00,84.02,index,valid,synthetic_ran_kpi,228,225,3.82,99.9
RAN_KPI-CELL_RRC_HOURLY-02-60,CELL030101,CMU,KV3,active,2026-08-20-12,2026-08-20 12:00:00,50.69,index,valid,synthetic_ran_kpi,106,99,5.61,99.9
RAN_KPI-CELL_RRC_HOURLY-02-61,CELL030101,CMU,KV3,active,2026-08-20-13,2026-08-20 13:00:00,83.26,index,valid,synthetic_ran_kpi,115,107,7.09,99.9
RAN_KPI-CELL_RRC_HOURLY-02-62,CELL030101,CMU,KV3,active,2026-08-20-14,2026-08-20 14:00:00,84.49,index,valid,synthetic_ran_kpi,126,122,4.8,99.9
RAN_KPI-CELL_RRC_HOURLY-02-63,CELL030101,CMU,KV3,active,2026-08-20-15,2026-08-20 15:00:00,19.83,index,valid,synthetic_ran_kpi,231,230,4.59,99.9
RAN_KPI-CELL_RRC_HOURLY-02-64,CELL030101,CMU,KV3,active,2026-08-20-16,2026-08-20 16:00:00,27.69,index,valid,synthetic_ran_kpi,198,191,1.29,99.9
RAN_KPI-CELL_RRC_HOURLY-02-65,CELL030101,CMU,KV3,active,2026-08-20-17,2026-08-20 17:00:00,52.65,index,valid,synthetic_ran_kpi,81,76,7.36,99.9
RAN_KPI-CELL_RRC_HOURLY-02-66,CELL030101,CMU,KV3,active,2026-08-20-18,2026-08-20 18:00:00,46.42,index,valid,synthetic_ran_kpi,191,188,7.63,99.9
RAN_KPI-CELL_RRC_HOURLY-02-67,CELL030101,CMU,KV3,active,2026-08-20-19,2026-08-20 19:00:00,56.84,index,valid,synthetic_ran_kpi,198,197,7.22,99.9
RAN_KPI-CELL_RRC_HOURLY-02-68,CELL030101,CMU,KV3,active,2026-08-20-20,2026-08-20 20:00:00,47.29,index,valid,synthetic_ran_kpi,274,269,1.64,99.9
RAN_KPI-CELL_RRC_HOURLY-02-69,CELL030101,CMU,KV3,active,2026-08-20-21,2026-08-20 21:00:00,33.25,index,valid,synthetic_ran_kpi,220,219,5.7,99.9
RAN_KPI-CELL_RRC_HOURLY-02-70,CELL030101,CMU,KV3,active,2026-08-20-22,2026-08-20 22:00:00,46.89,index,valid,synthetic_ran_kpi,128,125,3.15,99.9
RAN_KPI-CELL_RRC_HOURLY-02-71,CELL030101,CMU,KV3,active,2026-08-20-23,2026-08-20 23:00:00,76.4,index,valid,synthetic_ran_kpi,232,227,5.93,99.9
RAN_KPI-CELL_RRC_HOURLY-03-00,CELL040201,NBH,KV1,active,2026-08-18-00,2026-08-18 00:00:00,69.76,index,valid,synthetic_ran_kpi,259,254,1.53,99.9
RAN_KPI-CELL_RRC_HOURLY-03-01,CELL040201,NBH,KV1,active,2026-08-18-01,2026-08-18 01:00:00,38.66,index,valid,synthetic_ran_kpi,99,93,5.92,99.9
RAN_KPI-CELL_RRC_HOURLY-03-02,CELL040201,NBH,KV1,active,2026-08-18-02,2026-08-18 02:00:00,69.45,index,valid,synthetic_ran_kpi,164,162,7.04,99.9
RAN_KPI-CELL_RRC_HOURLY-03-03,CELL040201,NBH,KV1,active,2026-08-18-03,2026-08-18 03:00:00,64.38,index,valid,synthetic_ran_kpi,95,90,2.78,99.9
RAN_KPI-CELL_RRC_HOURLY-03-04,CELL040201,NBH,KV1,active,2026-08-18-04,2026-08-18 04:00:00,41.51,index,valid,synthetic_ran_kpi,155,147,0.88,99.9
RAN_KPI-CELL_RRC_HOURLY-03-05,CELL040201,NBH,KV1,active,2026-08-18-05,2026-08-18 05:00:00,17.23,index,valid,synthetic_ran_kpi,190,183,1.4,99.9
RAN_KPI-CELL_RRC_HOURLY-03-06,CELL040201,NBH,KV1,active,2026-08-18-06,2026-08-18 06:00:00,32.52,index,valid,synthetic_ran_kpi,245,243,7.36,99.9
RAN_KPI-CELL_RRC_HOURLY-03-07,CELL040201,NBH,KV1,active,2026-08-18-07,2026-08-18 07:00:00,70.77,index,valid,synthetic_ran_kpi,199,196,2.45,99.9
RAN_KPI-CELL_RRC_HOURLY-03-08,CELL040201,NBH,KV1,active,2026-08-18-08,2026-08-18 08:00:00,29.42,index,valid,synthetic_ran_kpi,273,271,6.17,99.9
RAN_KPI-CELL_RRC_HOURLY-03-09,CELL040201,NBH,KV1,active,2026-08-18-09,2026-08-18 09:00:00,64.97,index,valid,synthetic_ran_kpi,247,243,0.72,99.9
RAN_KPI-CELL_RRC_HOURLY-03-10,CELL040201,NBH,KV1,active,2026-08-18-10,2026-08-18 10:00:00,32.64,index,valid,synthetic_ran_kpi,81,80,7.89,99.9
RAN_KPI-CELL_RRC_HOURLY-03-11,CELL040201,NBH,KV1,active,2026-08-18-11,2026-08-18 11:00:00,77.06,index,valid,synthetic_ran_kpi,294,289,5.38,99.9
RAN_KPI-CELL_RRC_HOURLY-03-12,CELL040201,NBH,KV1,active,2026-08-18-12,2026-08-18 12:00:00,81.84,index,valid,synthetic_ran_kpi,106,103,5.98,99.9
RAN_KPI-CELL_RRC_HOURLY-03-13,CELL040201,NBH,KV1,active,2026-08-18-13,2026-08-18 13:00:00,50.28,index,valid,synthetic_ran_kpi,102,95,6.11,99.9
RAN_KPI-CELL_RRC_HOURLY-03-14,CELL040201,NBH,KV1,active,2026-08-18-14,2026-08-18 14:00:00,16.35,index,valid,synthetic_ran_kpi,274,266,5.93,99.9
RAN_KPI-CELL_RRC_HOURLY-03-15,CELL040201,NBH,KV1,active,2026-08-18-15,2026-08-18 15:00:00,81.25,index,valid,synthetic_ran_kpi,95,91,1.16,99.9
RAN_KPI-CELL_RRC_HOURLY-03-16,CELL040201,NBH,KV1,active,2026-08-18-16,2026-08-18 16:00:00,84.13,index,valid,synthetic_ran_kpi,109,103,6.64,99.9
RAN_KPI-CELL_RRC_HOURLY-03-17,CELL040201,NBH,KV1,active,2026-08-18-17,2026-08-18 17:00:00,55.96,index,valid,synthetic_ran_kpi,203,198,4.01,99.9
RAN_KPI-CELL_RRC_HOURLY-03-18,CELL040201,NBH,KV1,active,2026-08-18-18,2026-08-18 18:00:00,78.55,index,valid,synthetic_ran_kpi,162,154,6.16,99.9
RAN_KPI-CELL_RRC_HOURLY-03-19,CELL040201,NBH,KV1,active,2026-08-18-19,2026-08-18 19:00:00,54.51,index,valid,synthetic_ran_kpi,176,172,7.04,99.9
RAN_KPI-CELL_RRC_HOURLY-03-20,CELL040201,NBH,KV1,active,2026-08-18-20,2026-08-18 20:00:00,78.78,index,valid,synthetic_ran_kpi,148,146,5.49,99.9
RAN_KPI-CELL_RRC_HOURLY-03-21,CELL040201,NBH,KV1,active,2026-08-18-21,2026-08-18 21:00:00,60.29,index,valid,synthetic_ran_kpi,221,218,5.46,99.9
RAN_KPI-CELL_RRC_HOURLY-03-22,CELL040201,NBH,KV1,active,2026-08-18-22,2026-08-18 22:00:00,39.1,index,valid,synthetic_ran_kpi,165,164,7.12,99.9
RAN_KPI-CELL_RRC_HOURLY-03-23,CELL040201,NBH,KV1,active,2026-08-18-23,2026-08-18 23:00:00,21.67,index,valid,synthetic_ran_kpi,263,255,1.93,99.9
RAN_KPI-CELL_RRC_HOURLY-03-24,CELL040201,NBH,KV1,active,2026-08-19-00,2026-08-19 00:00:00,81.65,index,valid,synthetic_ran_kpi,84,80,3.22,99.9
RAN_KPI-CELL_RRC_HOURLY-03-25,CELL040201,NBH,KV1,active,2026-08-19-01,2026-08-19 01:00:00,71.22,index,valid,synthetic_ran_kpi,234,229,1.41,99.9
RAN_KPI-CELL_RRC_HOURLY-03-26,CELL040201,NBH,KV1,active,2026-08-19-02,2026-08-19 02:00:00,60.96,index,valid,synthetic_ran_kpi,223,215,2.06,99.9
RAN_KPI-CELL_RRC_HOURLY-03-27,CELL040201,NBH,KV1,active,2026-08-19-03,2026-08-19 03:00:00,55.25,index,valid,synthetic_ran_kpi,279,272,0.73,99.9
RAN_KPI-CELL_RRC_HOURLY-03-28,CELL040201,NBH,KV1,active,2026-08-19-04,2026-08-19 04:00:00,63.99,index,valid,synthetic_ran_kpi,258,251,1.8,99.9
RAN_KPI-CELL_RRC_HOURLY-03-29,CELL040201,NBH,KV1,active,2026-08-19-05,2026-08-19 05:00:00,57.86,index,valid,synthetic_ran_kpi,248,245,6.55,99.9
RAN_KPI-CELL_RRC_HOURLY-03-30,CELL040201,NBH,KV1,active,2026-08-19-06,2026-08-19 06:00:00,78.56,index,valid,synthetic_ran_kpi,283,281,2.26,99.9
RAN_KPI-CELL_RRC_HOURLY-03-31,CELL040201,NBH,KV1,active,2026-08-19-07,2026-08-19 07:00:00,84.94,index,valid,synthetic_ran_kpi,299,294,4.35,99.9
RAN_KPI-CELL_RRC_HOURLY-03-32,CELL040201,NBH,KV1,active,2026-08-19-08,2026-08-19 08:00:00,24.71,index,valid,synthetic_ran_kpi,247,239,4.03,99.9
RAN_KPI-CELL_RRC_HOURLY-03-33,CELL040201,NBH,KV1,active,2026-08-19-09,2026-08-19 09:00:00,37.53,index,valid,synthetic_ran_kpi,292,284,2.64,99.9
RAN_KPI-CELL_RRC_HOURLY-03-34,CELL040201,NBH,KV1,active,2026-08-19-10,2026-08-19 10:00:00,37.9,index,valid,synthetic_ran_kpi,101,100,6.81,99.9
RAN_KPI-CELL_RRC_HOURLY-03-35,CELL040201,NBH,KV1,active,2026-08-19-11,2026-08-19 11:00:00,56.29,index,valid,synthetic_ran_kpi,211,207,4.67,99.9
RAN_KPI-CELL_RRC_HOURLY-03-36,CELL040201,NBH,KV1,active,2026-08-19-12,2026-08-19 12:00:00,61.26,index,valid,synthetic_ran_kpi,278,274,7.88,99.9
RAN_KPI-CELL_RRC_HOURLY-03-37,CELL040201,NBH,KV1,active,2026-08-19-13,2026-08-19 13:00:00,21.38,index,valid,synthetic_ran_kpi,245,243,2.56,99.9
RAN_KPI-CELL_RRC_HOURLY-03-38,CELL040201,NBH,KV1,active,2026-08-19-14,2026-08-19 14:00:00,78.66,index,valid,synthetic_ran_kpi,232,225,6.35,99.9
RAN_KPI-CELL_RRC_HOURLY-03-39,CELL040201,NBH,KV1,active,2026-08-19-15,2026-08-19 15:00:00,35.9,index,valid,synthetic_ran_kpi,184,177,1.65,99.9
RAN_KPI-CELL_RRC_HOURLY-03-40,CELL040201,NBH,KV1,active,2026-08-19-16,2026-08-19 16:00:00,36.35,index,valid,synthetic_ran_kpi,287,285,2.11,99.9
RAN_KPI-CELL_RRC_HOURLY-03-41,CELL040201,NBH,KV1,active,2026-08-19-17,2026-08-19 17:00:00,63.4,index,valid,synthetic_ran_kpi,249,244,2.21,99.9
RAN_KPI-CELL_RRC_HOURLY-03-42,CELL040201,NBH,KV1,active,2026-08-19-18,2026-08-19 18:00:00,24.75,index,valid,synthetic_ran_kpi,150,143,1.46,99.9
RAN_KPI-CELL_RRC_HOURLY-03-43,CELL040201,NBH,KV1,active,2026-08-19-19,2026-08-19 19:00:00,70.63,index,valid,synthetic_ran_kpi,99,95,7.94,99.9
RAN_KPI-CELL_RRC_HOURLY-03-44,CELL040201,NBH,KV1,active,2026-08-19-20,2026-08-19 20:00:00,16.03,index,valid,synthetic_ran_kpi,173,167,7.85,99.9
RAN_KPI-CELL_RRC_HOURLY-03-45,CELL040201,NBH,KV1,active,2026-08-19-21,2026-08-19 21:00:00,24.36,index,valid,synthetic_ran_kpi,181,173,2.52,99.9
RAN_KPI-CELL_RRC_HOURLY-03-46,CELL040201,NBH,KV1,active,2026-08-19-22,2026-08-19 22:00:00,73.16,index,valid,synthetic_ran_kpi,142,134,5.89,99.9
RAN_KPI-CELL_RRC_HOURLY-03-47,CELL040201,NBH,KV1,active,2026-08-19-23,2026-08-19 23:00:00,32.76,index,valid,synthetic_ran_kpi,235,234,4.52,99.9
RAN_KPI-CELL_RRC_HOURLY-03-48,CELL040201,NBH,KV1,active,2026-08-20-00,2026-08-20 00:00:00,54.22,index,valid,synthetic_ran_kpi,148,142,5.61,99.9
RAN_KPI-CELL_RRC_HOURLY-03-49,CELL040201,NBH,KV1,active,2026-08-20-01,2026-08-20 01:00:00,26.11,index,valid,synthetic_ran_kpi,175,172,4.9,99.9
RAN_KPI-CELL_RRC_HOURLY-03-50,CELL040201,NBH,KV1,active,2026-08-20-02,2026-08-20 02:00:00,31.15,index,valid,synthetic_ran_kpi,252,247,6.24,99.9
RAN_KPI-CELL_RRC_HOURLY-03-51,CELL040201,NBH,KV1,active,2026-08-20-03,2026-08-20 03:00:00,16.59,index,valid,synthetic_ran_kpi,130,127,2.84,99.9
RAN_KPI-CELL_RRC_HOURLY-03-52,CELL040201,NBH,KV1,active,2026-08-20-04,2026-08-20 04:00:00,43.44,index,valid,synthetic_ran_kpi,126,125,5.45,99.9
RAN_KPI-CELL_RRC_HOURLY-03-53,CELL040201,NBH,KV1,active,2026-08-20-05,2026-08-20 05:00:00,70.73,index,valid,synthetic_ran_kpi,107,101,3.71,99.9
RAN_KPI-CELL_RRC_HOURLY-03-54,CELL040201,NBH,KV1,active,2026-08-20-06,2026-08-20 06:00:00,81.32,index,valid,synthetic_ran_kpi,193,191,4.86,99.9
RAN_KPI-CELL_RRC_HOURLY-03-55,CELL040201,NBH,KV1,active,2026-08-20-07,2026-08-20 07:00:00,27.5,index,valid,synthetic_ran_kpi,179,177,4.68,99.9
RAN_KPI-CELL_RRC_HOURLY-03-56,CELL040201,NBH,KV1,active,2026-08-20-08,2026-08-20 08:00:00,48.09,index,valid,synthetic_ran_kpi,251,247,6.7,99.9
RAN_KPI-CELL_RRC_HOURLY-03-57,CELL040201,NBH,KV1,active,2026-08-20-09,2026-08-20 09:00:00,64.21,index,valid,synthetic_ran_kpi,254,247,3.67,99.9
RAN_KPI-CELL_RRC_HOURLY-03-58,CELL040201,NBH,KV1,active,2026-08-20-10,2026-08-20 10:00:00,41.37,index,valid,synthetic_ran_kpi,125,122,7.08,99.9
RAN_KPI-CELL_RRC_HOURLY-03-59,CELL040201,NBH,KV1,active,2026-08-20-11,2026-08-20 11:00:00,18.82,index,valid,synthetic_ran_kpi,99,97,7.58,99.9
RAN_KPI-CELL_RRC_HOURLY-03-60,CELL040201,NBH,KV1,active,2026-08-20-12,2026-08-20 12:00:00,78.43,index,valid,synthetic_ran_kpi,258,252,0.76,99.9
RAN_KPI-CELL_RRC_HOURLY-03-61,CELL040201,NBH,KV1,active,2026-08-20-13,2026-08-20 13:00:00,43.38,index,valid,synthetic_ran_kpi,114,108,7.17,99.9
RAN_KPI-CELL_RRC_HOURLY-03-62,CELL040201,NBH,KV1,active,2026-08-20-14,2026-08-20 14:00:00,18.51,index,valid,synthetic_ran_kpi,167,164,2.93,99.9
RAN_KPI-CELL_RRC_HOURLY-03-63,CELL040201,NBH,KV1,active,2026-08-20-15,2026-08-20 15:00:00,45.49,index,valid,synthetic_ran_kpi,270,265,3.0,99.9
RAN_KPI-CELL_RRC_HOURLY-03-64,CELL040201,NBH,KV1,active,2026-08-20-16,2026-08-20 16:00:00,70.73,index,valid,synthetic_ran_kpi,292,291,6.54,99.9
RAN_KPI-CELL_RRC_HOURLY-03-65,CELL040201,NBH,KV1,active,2026-08-20-17,2026-08-20 17:00:00,59.26,index,valid,synthetic_ran_kpi,295,290,6.62,99.9
RAN_KPI-CELL_RRC_HOURLY-03-66,CELL040201,NBH,KV1,active,2026-08-20-18,2026-08-20 18:00:00,81.49,index,valid,synthetic_ran_kpi,166,160,6.79,99.9
RAN_KPI-CELL_RRC_HOURLY-03-67,CELL040201,NBH,KV1,active,2026-08-20-19,2026-08-20 19:00:00,72.26,index,valid,synthetic_ran_kpi,148,142,6.88,99.9
RAN_KPI-CELL_RRC_HOURLY-03-68,CELL040201,NBH,KV1,active,2026-08-20-20,2026-08-20 20:00:00,55.08,index,valid,synthetic_ran_kpi,105,99,4.96,99.9
RAN_KPI-CELL_RRC_HOURLY-03-69,CELL040201,NBH,KV1,active,2026-08-20-21,2026-08-20 21:00:00,23.51,index,valid,synthetic_ran_kpi,129,128,6.23,99.9
RAN_KPI-CELL_RRC_HOURLY-03-70,CELL040201,NBH,KV1,active,2026-08-20-22,2026-08-20 22:00:00,15.67,index,valid,synthetic_ran_kpi,146,138,4.0,99.9
RAN_KPI-CELL_RRC_HOURLY-03-71,CELL040201,NBH,KV1,active,2026-08-20-23,2026-08-20 23:00:00,38.52,index,valid,synthetic_ran_kpi,103,102,5.48,99.9
RAN_KPI-CELL_RRC_HOURLY-04-00,CELL050101,HCM,KV3,active,2026-08-18-00,2026-08-18 00:00:00,56.91,index,valid,synthetic_ran_kpi,273,270,5.5,99.9
RAN_KPI-CELL_RRC_HOURLY-04-01,CELL050101,HCM,KV3,active,2026-08-18-01,2026-08-18 01:00:00,15.24,index,valid,synthetic_ran_kpi,193,186,5.74,99.9
RAN_KPI-CELL_RRC_HOURLY-04-02,CELL050101,HCM,KV3,active,2026-08-18-02,2026-08-18 02:00:00,58.27,index,valid,synthetic_ran_kpi,272,270,0.74,99.9
RAN_KPI-CELL_RRC_HOURLY-04-03,CELL050101,HCM,KV3,active,2026-08-18-03,2026-08-18 03:00:00,36.55,index,valid,synthetic_ran_kpi,90,82,1.86,99.9
RAN_KPI-CELL_RRC_HOURLY-04-04,CELL050101,HCM,KV3,active,2026-08-18-04,2026-08-18 04:00:00,52.5,index,valid,synthetic_ran_kpi,81,75,6.29,99.9
RAN_KPI-CELL_RRC_HOURLY-04-05,CELL050101,HCM,KV3,active,2026-08-18-05,2026-08-18 05:00:00,17.73,index,valid,synthetic_ran_kpi,155,147,7.24,99.9
RAN_KPI-CELL_RRC_HOURLY-04-06,CELL050101,HCM,KV3,active,2026-08-18-06,2026-08-18 06:00:00,30.25,index,valid,synthetic_ran_kpi,151,146,7.33,99.9
RAN_KPI-CELL_RRC_HOURLY-04-07,CELL050101,HCM,KV3,active,2026-08-18-07,2026-08-18 07:00:00,23.81,index,valid,synthetic_ran_kpi,214,206,3.0,99.9
RAN_KPI-CELL_RRC_HOURLY-04-08,CELL050101,HCM,KV3,active,2026-08-18-08,2026-08-18 08:00:00,47.28,index,valid,synthetic_ran_kpi,295,293,3.38,99.9
RAN_KPI-CELL_RRC_HOURLY-04-09,CELL050101,HCM,KV3,active,2026-08-18-09,2026-08-18 09:00:00,77.59,index,valid,synthetic_ran_kpi,271,269,3.43,99.9
RAN_KPI-CELL_RRC_HOURLY-04-10,CELL050101,HCM,KV3,active,2026-08-18-10,2026-08-18 10:00:00,65.19,index,valid,synthetic_ran_kpi,139,134,1.21,99.9
RAN_KPI-CELL_RRC_HOURLY-04-11,CELL050101,HCM,KV3,active,2026-08-18-11,2026-08-18 11:00:00,57.97,index,valid,synthetic_ran_kpi,164,159,1.82,99.9
RAN_KPI-CELL_RRC_HOURLY-04-12,CELL050101,HCM,KV3,active,2026-08-18-12,2026-08-18 12:00:00,79.69,index,valid,synthetic_ran_kpi,286,283,4.36,99.9
RAN_KPI-CELL_RRC_HOURLY-04-13,CELL050101,HCM,KV3,active,2026-08-18-13,2026-08-18 13:00:00,77.81,index,valid,synthetic_ran_kpi,247,239,5.38,99.9
RAN_KPI-CELL_RRC_HOURLY-04-14,CELL050101,HCM,KV3,active,2026-08-18-14,2026-08-18 14:00:00,63.86,index,valid,synthetic_ran_kpi,267,266,0.77,99.9
RAN_KPI-CELL_RRC_HOURLY-04-15,CELL050101,HCM,KV3,active,2026-08-18-15,2026-08-18 15:00:00,58.65,index,valid,synthetic_ran_kpi,82,80,5.2,99.9
RAN_KPI-CELL_RRC_HOURLY-04-16,CELL050101,HCM,KV3,active,2026-08-18-16,2026-08-18 16:00:00,50.14,index,valid,synthetic_ran_kpi,105,101,3.46,99.9
RAN_KPI-CELL_RRC_HOURLY-04-17,CELL050101,HCM,KV3,active,2026-08-18-17,2026-08-18 17:00:00,80.07,index,valid,synthetic_ran_kpi,295,293,7.41,99.9
RAN_KPI-CELL_RRC_HOURLY-04-18,CELL050101,HCM,KV3,active,2026-08-18-18,2026-08-18 18:00:00,25.59,index,valid,synthetic_ran_kpi,276,272,4.79,99.9
RAN_KPI-CELL_RRC_HOURLY-04-19,CELL050101,HCM,KV3,active,2026-08-18-19,2026-08-18 19:00:00,53.11,index,valid,synthetic_ran_kpi,91,86,4.09,99.9
RAN_KPI-CELL_RRC_HOURLY-04-20,CELL050101,HCM,KV3,active,2026-08-18-20,2026-08-18 20:00:00,40.75,index,valid,synthetic_ran_kpi,98,96,5.53,99.9
RAN_KPI-CELL_RRC_HOURLY-04-21,CELL050101,HCM,KV3,active,2026-08-18-21,2026-08-18 21:00:00,64.94,index,valid,synthetic_ran_kpi,122,117,2.68,99.9
RAN_KPI-CELL_RRC_HOURLY-04-22,CELL050101,HCM,KV3,active,2026-08-18-22,2026-08-18 22:00:00,59.78,index,valid,synthetic_ran_kpi,251,246,1.79,99.9
RAN_KPI-CELL_RRC_HOURLY-04-23,CELL050101,HCM,KV3,active,2026-08-18-23,2026-08-18 23:00:00,60.98,index,valid,synthetic_ran_kpi,140,135,7.43,99.9
RAN_KPI-CELL_RRC_HOURLY-04-24,CELL050101,HCM,KV3,active,2026-08-19-00,2026-08-19 00:00:00,30.32,index,valid,synthetic_ran_kpi,120,117,2.83,99.9
RAN_KPI-CELL_RRC_HOURLY-04-25,CELL050101,HCM,KV3,active,2026-08-19-01,2026-08-19 01:00:00,37.19,index,valid,synthetic_ran_kpi,124,118,3.65,99.9
RAN_KPI-CELL_RRC_HOURLY-04-26,CELL050101,HCM,KV3,active,2026-08-19-02,2026-08-19 02:00:00,64.55,index,valid,synthetic_ran_kpi,210,204,7.74,99.9
RAN_KPI-CELL_RRC_HOURLY-04-27,CELL050101,HCM,KV3,active,2026-08-19-03,2026-08-19 03:00:00,81.48,index,valid,synthetic_ran_kpi,171,170,3.93,99.9
RAN_KPI-CELL_RRC_HOURLY-04-28,CELL050101,HCM,KV3,active,2026-08-19-04,2026-08-19 04:00:00,62.63,index,valid,synthetic_ran_kpi,120,115,7.77,99.9
RAN_KPI-CELL_RRC_HOURLY-04-29,CELL050101,HCM,KV3,active,2026-08-19-05,2026-08-19 05:00:00,32.44,index,valid,synthetic_ran_kpi,236,232,5.5,99.9
RAN_KPI-CELL_RRC_HOURLY-04-30,CELL050101,HCM,KV3,active,2026-08-19-06,2026-08-19 06:00:00,60.94,index,valid,synthetic_ran_kpi,84,81,7.69,99.9
RAN_KPI-CELL_RRC_HOURLY-04-31,CELL050101,HCM,KV3,active,2026-08-19-07,2026-08-19 07:00:00,45.28,index,valid,synthetic_ran_kpi,278,272,0.65,99.9
RAN_KPI-CELL_RRC_HOURLY-04-32,CELL050101,HCM,KV3,active,2026-08-19-08,2026-08-19 08:00:00,60.85,index,valid,synthetic_ran_kpi,109,105,2.67,99.9
RAN_KPI-CELL_RRC_HOURLY-04-33,CELL050101,HCM,KV3,active,2026-08-19-09,2026-08-19 09:00:00,25.6,index,valid,synthetic_ran_kpi,110,109,7.31,99.9
RAN_KPI-CELL_RRC_HOURLY-04-34,CELL050101,HCM,KV3,active,2026-08-19-10,2026-08-19 10:00:00,69.26,index,valid,synthetic_ran_kpi,258,256,4.3,99.9
RAN_KPI-CELL_RRC_HOURLY-04-35,CELL050101,HCM,KV3,active,2026-08-19-11,2026-08-19 11:00:00,63.91,index,valid,synthetic_ran_kpi,122,119,4.29,99.9
RAN_KPI-CELL_RRC_HOURLY-04-36,CELL050101,HCM,KV3,active,2026-08-19-12,2026-08-19 12:00:00,56.17,index,valid,synthetic_ran_kpi,142,136,7.7,99.9
RAN_KPI-CELL_RRC_HOURLY-04-37,CELL050101,HCM,KV3,active,2026-08-19-13,2026-08-19 13:00:00,70.25,index,valid,synthetic_ran_kpi,171,167,5.07,99.9
RAN_KPI-CELL_RRC_HOURLY-04-38,CELL050101,HCM,KV3,active,2026-08-19-14,2026-08-19 14:00:00,40.35,index,valid,synthetic_ran_kpi,222,220,7.75,99.9
RAN_KPI-CELL_RRC_HOURLY-04-39,CELL050101,HCM,KV3,active,2026-08-19-15,2026-08-19 15:00:00,83.07,index,valid,synthetic_ran_kpi,254,252,0.66,99.9
RAN_KPI-CELL_RRC_HOURLY-04-40,CELL050101,HCM,KV3,active,2026-08-19-16,2026-08-19 16:00:00,46.4,index,valid,synthetic_ran_kpi,255,254,4.16,99.9
RAN_KPI-CELL_RRC_HOURLY-04-41,CELL050101,HCM,KV3,active,2026-08-19-17,2026-08-19 17:00:00,52.83,index,valid,synthetic_ran_kpi,82,80,3.82,99.9
RAN_KPI-CELL_RRC_HOURLY-04-42,CELL050101,HCM,KV3,active,2026-08-19-18,2026-08-19 18:00:00,19.18,index,valid,synthetic_ran_kpi,254,252,3.76,99.9
RAN_KPI-CELL_RRC_HOURLY-04-43,CELL050101,HCM,KV3,active,2026-08-19-19,2026-08-19 19:00:00,31.78,index,valid,synthetic_ran_kpi,115,108,4.22,99.9
RAN_KPI-CELL_RRC_HOURLY-04-44,CELL050101,HCM,KV3,active,2026-08-19-20,2026-08-19 20:00:00,22.49,index,valid,synthetic_ran_kpi,275,272,4.47,99.9
RAN_KPI-CELL_RRC_HOURLY-04-45,CELL050101,HCM,KV3,active,2026-08-19-21,2026-08-19 21:00:00,58.37,index,valid,synthetic_ran_kpi,87,81,6.84,99.9
RAN_KPI-CELL_RRC_HOURLY-04-46,CELL050101,HCM,KV3,active,2026-08-19-22,2026-08-19 22:00:00,39.61,index,valid,synthetic_ran_kpi,286,284,5.42,99.9
RAN_KPI-CELL_RRC_HOURLY-04-47,CELL050101,HCM,KV3,active,2026-08-19-23,2026-08-19 23:00:00,52.17,index,valid,synthetic_ran_kpi,232,226,5.22,99.9
RAN_KPI-CELL_RRC_HOURLY-04-48,CELL050101,HCM,KV3,active,2026-08-20-00,2026-08-20 00:00:00,81.1,index,valid,synthetic_ran_kpi,214,213,4.04,99.9
RAN_KPI-CELL_RRC_HOURLY-04-49,CELL050101,HCM,KV3,active,2026-08-20-01,2026-08-20 01:00:00,84.43,index,valid,synthetic_ran_kpi,136,131,6.56,99.9
RAN_KPI-CELL_RRC_HOURLY-04-50,CELL050101,HCM,KV3,active,2026-08-20-02,2026-08-20 02:00:00,24.1,index,valid,synthetic_ran_kpi,178,172,3.79,99.9
RAN_KPI-CELL_RRC_HOURLY-04-51,CELL050101,HCM,KV3,active,2026-08-20-03,2026-08-20 03:00:00,65.45,index,valid,synthetic_ran_kpi,157,151,7.11,99.9
RAN_KPI-CELL_RRC_HOURLY-04-52,CELL050101,HCM,KV3,active,2026-08-20-04,2026-08-20 04:00:00,70.75,index,valid,synthetic_ran_kpi,98,91,5.33,99.9
RAN_KPI-CELL_RRC_HOURLY-04-53,CELL050101,HCM,KV3,active,2026-08-20-05,2026-08-20 05:00:00,57.94,index,valid,synthetic_ran_kpi,277,276,2.49,99.9
RAN_KPI-CELL_RRC_HOURLY-04-54,CELL050101,HCM,KV3,active,2026-08-20-06,2026-08-20 06:00:00,51.8,index,valid,synthetic_ran_kpi,146,144,0.62,99.9
RAN_KPI-CELL_RRC_HOURLY-04-55,CELL050101,HCM,KV3,active,2026-08-20-07,2026-08-20 07:00:00,79.26,index,valid,synthetic_ran_kpi,124,117,2.56,99.9
RAN_KPI-CELL_RRC_HOURLY-04-56,CELL050101,HCM,KV3,active,2026-08-20-08,2026-08-20 08:00:00,42.53,index,valid,synthetic_ran_kpi,147,140,5.43,99.9
RAN_KPI-CELL_RRC_HOURLY-04-57,CELL050101,HCM,KV3,active,2026-08-20-09,2026-08-20 09:00:00,15.26,index,valid,synthetic_ran_kpi,292,288,7.57,99.9
RAN_KPI-CELL_RRC_HOURLY-04-58,CELL050101,HCM,KV3,active,2026-08-20-10,2026-08-20 10:00:00,17.23,index,valid,synthetic_ran_kpi,275,274,3.81,99.9
RAN_KPI-CELL_RRC_HOURLY-04-59,CELL050101,HCM,KV3,active,2026-08-20-11,2026-08-20 11:00:00,43.32,index,valid,synthetic_ran_kpi,240,235,4.07,99.9
RAN_KPI-CELL_RRC_HOURLY-04-60,CELL050101,HCM,KV3,active,2026-08-20-12,2026-08-20 12:00:00,75.14,index,valid,synthetic_ran_kpi,160,154,1.7,99.9
RAN_KPI-CELL_RRC_HOURLY-04-61,CELL050101,HCM,KV3,active,2026-08-20-13,2026-08-20 13:00:00,68.26,index,valid,synthetic_ran_kpi,119,117,3.07,99.9
RAN_KPI-CELL_RRC_HOURLY-04-62,CELL050101,HCM,KV3,active,2026-08-20-14,2026-08-20 14:00:00,67.77,index,valid,synthetic_ran_kpi,289,282,6.81,99.9
RAN_KPI-CELL_RRC_HOURLY-04-63,CELL050101,HCM,KV3,active,2026-08-20-15,2026-08-20 15:00:00,18.91,index,valid,synthetic_ran_kpi,219,215,6.36,99.9
RAN_KPI-CELL_RRC_HOURLY-04-64,CELL050101,HCM,KV3,active,2026-08-20-16,2026-08-20 16:00:00,78.55,index,valid,synthetic_ran_kpi,271,268,5.88,99.9
RAN_KPI-CELL_RRC_HOURLY-04-65,CELL050101,HCM,KV3,active,2026-08-20-17,2026-08-20 17:00:00,72.63,index,valid,synthetic_ran_kpi,141,136,4.96,99.9
RAN_KPI-CELL_RRC_HOURLY-04-66,CELL050101,HCM,KV3,active,2026-08-20-18,2026-08-20 18:00:00,19.05,index,valid,synthetic_ran_kpi,228,227,5.15,99.9
RAN_KPI-CELL_RRC_HOURLY-04-67,CELL050101,HCM,KV3,active,2026-08-20-19,2026-08-20 19:00:00,66.49,index,valid,synthetic_ran_kpi,289,281,6.25,99.9
RAN_KPI-CELL_RRC_HOURLY-04-68,CELL050101,HCM,KV3,active,2026-08-20-20,2026-08-20 20:00:00,42.62,index,valid,synthetic_ran_kpi,150,146,7.77,99.9
RAN_KPI-CELL_RRC_HOURLY-04-69,CELL050101,HCM,KV3,active,2026-08-20-21,2026-08-20 21:00:00,28.22,index,valid,synthetic_ran_kpi,169,165,4.6,99.9
RAN_KPI-CELL_RRC_HOURLY-04-70,CELL050101,HCM,KV3,active,2026-08-20-22,2026-08-20 22:00:00,58.69,index,valid,synthetic_ran_kpi,256,253,4.7,99.9
RAN_KPI-CELL_RRC_HOURLY-04-71,CELL050101,HCM,KV3,active,2026-08-20-23,2026-08-20 23:00:00,43.99,index,valid,synthetic_ran_kpi,182,177,5.76,99.9
RAN_KPI-CELL_RRC_HOURLY-05-00,CELL060101,KHA,KV2,active,2026-08-18-00,2026-08-18 00:00:00,16.6,index,valid,synthetic_ran_kpi,157,153,2.6,99.9
RAN_KPI-CELL_RRC_HOURLY-05-01,CELL060101,KHA,KV2,active,2026-08-18-01,2026-08-18 01:00:00,42.11,index,valid,synthetic_ran_kpi,254,253,5.9,99.9
RAN_KPI-CELL_RRC_HOURLY-05-02,CELL060101,KHA,KV2,active,2026-08-18-02,2026-08-18 02:00:00,40.36,index,valid,synthetic_ran_kpi,279,277,5.43,99.9
RAN_KPI-CELL_RRC_HOURLY-05-03,CELL060101,KHA,KV2,active,2026-08-18-03,2026-08-18 03:00:00,16.23,index,valid,synthetic_ran_kpi,288,284,1.84,99.9
RAN_KPI-CELL_RRC_HOURLY-05-04,CELL060101,KHA,KV2,active,2026-08-18-04,2026-08-18 04:00:00,77.63,index,valid,synthetic_ran_kpi,212,211,3.42,99.9
RAN_KPI-CELL_RRC_HOURLY-05-05,CELL060101,KHA,KV2,active,2026-08-18-05,2026-08-18 05:00:00,72.1,index,valid,synthetic_ran_kpi,191,188,2.27,99.9
RAN_KPI-CELL_RRC_HOURLY-05-06,CELL060101,KHA,KV2,active,2026-08-18-06,2026-08-18 06:00:00,69.09,index,valid,synthetic_ran_kpi,265,261,2.47,99.9
RAN_KPI-CELL_RRC_HOURLY-05-07,CELL060101,KHA,KV2,active,2026-08-18-07,2026-08-18 07:00:00,65.27,index,valid,synthetic_ran_kpi,282,279,1.63,99.9
RAN_KPI-CELL_RRC_HOURLY-05-08,CELL060101,KHA,KV2,active,2026-08-18-08,2026-08-18 08:00:00,16.36,index,valid,synthetic_ran_kpi,128,122,3.25,99.9
RAN_KPI-CELL_RRC_HOURLY-05-09,CELL060101,KHA,KV2,active,2026-08-18-09,2026-08-18 09:00:00,36.14,index,valid,synthetic_ran_kpi,161,156,5.66,99.9
RAN_KPI-CELL_RRC_HOURLY-05-10,CELL060101,KHA,KV2,active,2026-08-18-10,2026-08-18 10:00:00,32.8,index,valid,synthetic_ran_kpi,226,220,6.73,99.9
RAN_KPI-CELL_RRC_HOURLY-05-11,CELL060101,KHA,KV2,active,2026-08-18-11,2026-08-18 11:00:00,64.59,index,valid,synthetic_ran_kpi,267,262,1.55,99.9
RAN_KPI-CELL_RRC_HOURLY-05-12,CELL060101,KHA,KV2,active,2026-08-18-12,2026-08-18 12:00:00,46.4,index,valid,synthetic_ran_kpi,189,187,1.09,99.9
RAN_KPI-CELL_RRC_HOURLY-05-13,CELL060101,KHA,KV2,active,2026-08-18-13,2026-08-18 13:00:00,78.03,index,valid,synthetic_ran_kpi,245,240,0.59,99.9
RAN_KPI-CELL_RRC_HOURLY-05-14,CELL060101,KHA,KV2,active,2026-08-18-14,2026-08-18 14:00:00,42.82,index,valid,synthetic_ran_kpi,114,112,1.81,99.9
RAN_KPI-CELL_RRC_HOURLY-05-15,CELL060101,KHA,KV2,active,2026-08-18-15,2026-08-18 15:00:00,67.16,index,valid,synthetic_ran_kpi,116,115,1.34,99.9
RAN_KPI-CELL_RRC_HOURLY-05-16,CELL060101,KHA,KV2,active,2026-08-18-16,2026-08-18 16:00:00,79.25,index,valid,synthetic_ran_kpi,298,295,4.2,99.9
RAN_KPI-CELL_RRC_HOURLY-05-17,CELL060101,KHA,KV2,active,2026-08-18-17,2026-08-18 17:00:00,82.73,index,valid,synthetic_ran_kpi,206,199,2.17,99.9
RAN_KPI-CELL_RRC_HOURLY-05-18,CELL060101,KHA,KV2,active,2026-08-18-18,2026-08-18 18:00:00,60.36,index,valid,synthetic_ran_kpi,197,191,2.69,99.9
RAN_KPI-CELL_RRC_HOURLY-05-19,CELL060101,KHA,KV2,active,2026-08-18-19,2026-08-18 19:00:00,41.5,index,valid,synthetic_ran_kpi,141,140,1.1,99.9
RAN_KPI-CELL_RRC_HOURLY-05-20,CELL060101,KHA,KV2,active,2026-08-18-20,2026-08-18 20:00:00,68.9,index,valid,synthetic_ran_kpi,260,256,3.52,99.9
RAN_KPI-CELL_RRC_HOURLY-05-21,CELL060101,KHA,KV2,active,2026-08-18-21,2026-08-18 21:00:00,56.45,index,valid,synthetic_ran_kpi,299,293,6.35,99.9
RAN_KPI-CELL_RRC_HOURLY-05-22,CELL060101,KHA,KV2,active,2026-08-18-22,2026-08-18 22:00:00,37.88,index,valid,synthetic_ran_kpi,231,229,4.7,99.9
RAN_KPI-CELL_RRC_HOURLY-05-23,CELL060101,KHA,KV2,active,2026-08-18-23,2026-08-18 23:00:00,21.94,index,valid,synthetic_ran_kpi,197,190,3.85,99.9
RAN_KPI-CELL_RRC_HOURLY-05-24,CELL060101,KHA,KV2,active,2026-08-19-00,2026-08-19 00:00:00,50.64,index,valid,synthetic_ran_kpi,180,175,3.58,99.9
RAN_KPI-CELL_RRC_HOURLY-05-25,CELL060101,KHA,KV2,active,2026-08-19-01,2026-08-19 01:00:00,41.3,index,valid,synthetic_ran_kpi,175,169,4.47,99.9
RAN_KPI-CELL_RRC_HOURLY-05-26,CELL060101,KHA,KV2,active,2026-08-19-02,2026-08-19 02:00:00,82.29,index,valid,synthetic_ran_kpi,138,132,5.29,99.9
RAN_KPI-CELL_RRC_HOURLY-05-27,CELL060101,KHA,KV2,active,2026-08-19-03,2026-08-19 03:00:00,55.12,index,valid,synthetic_ran_kpi,175,174,6.69,99.9
RAN_KPI-CELL_RRC_HOURLY-05-28,CELL060101,KHA,KV2,active,2026-08-19-04,2026-08-19 04:00:00,39.29,index,valid,synthetic_ran_kpi,219,213,1.53,99.9
RAN_KPI-CELL_RRC_HOURLY-05-29,CELL060101,KHA,KV2,active,2026-08-19-05,2026-08-19 05:00:00,17.6,index,valid,synthetic_ran_kpi,105,104,2.12,99.9
RAN_KPI-CELL_RRC_HOURLY-05-30,CELL060101,KHA,KV2,active,2026-08-19-06,2026-08-19 06:00:00,16.94,index,valid,synthetic_ran_kpi,122,118,5.05,99.9
RAN_KPI-CELL_RRC_HOURLY-05-31,CELL060101,KHA,KV2,active,2026-08-19-07,2026-08-19 07:00:00,47.82,index,valid,synthetic_ran_kpi,280,272,2.25,99.9
RAN_KPI-CELL_RRC_HOURLY-05-32,CELL060101,KHA,KV2,active,2026-08-19-08,2026-08-19 08:00:00,16.28,index,valid,synthetic_ran_kpi,145,141,4.55,99.9
RAN_KPI-CELL_RRC_HOURLY-05-33,CELL060101,KHA,KV2,active,2026-08-19-09,2026-08-19 09:00:00,79.43,index,valid,synthetic_ran_kpi,284,277,3.76,99.9
RAN_KPI-CELL_RRC_HOURLY-05-34,CELL060101,KHA,KV2,active,2026-08-19-10,2026-08-19 10:00:00,63.61,index,valid,synthetic_ran_kpi,231,227,1.33,99.9
RAN_KPI-CELL_RRC_HOURLY-05-35,CELL060101,KHA,KV2,active,2026-08-19-11,2026-08-19 11:00:00,80.96,index,valid,synthetic_ran_kpi,137,130,5.47,99.9
RAN_KPI-CELL_RRC_HOURLY-05-36,CELL060101,KHA,KV2,active,2026-08-19-12,2026-08-19 12:00:00,82.88,index,valid,synthetic_ran_kpi,138,132,3.82,99.9
RAN_KPI-CELL_RRC_HOURLY-05-37,CELL060101,KHA,KV2,active,2026-08-19-13,2026-08-19 13:00:00,35.26,index,valid,synthetic_ran_kpi,115,108,7.92,99.9
RAN_KPI-CELL_RRC_HOURLY-05-38,CELL060101,KHA,KV2,active,2026-08-19-14,2026-08-19 14:00:00,16.22,index,valid,synthetic_ran_kpi,165,162,2.45,99.9
RAN_KPI-CELL_RRC_HOURLY-05-39,CELL060101,KHA,KV2,active,2026-08-19-15,2026-08-19 15:00:00,57.35,index,valid,synthetic_ran_kpi,188,186,2.69,99.9
RAN_KPI-CELL_RRC_HOURLY-05-40,CELL060101,KHA,KV2,active,2026-08-19-16,2026-08-19 16:00:00,23.82,index,valid,synthetic_ran_kpi,252,250,1.05,99.9
RAN_KPI-CELL_RRC_HOURLY-05-41,CELL060101,KHA,KV2,active,2026-08-19-17,2026-08-19 17:00:00,30.57,index,valid,synthetic_ran_kpi,108,104,4.23,99.9
RAN_KPI-CELL_RRC_HOURLY-05-42,CELL060101,KHA,KV2,active,2026-08-19-18,2026-08-19 18:00:00,46.78,index,valid,synthetic_ran_kpi,226,219,7.17,99.9
RAN_KPI-CELL_RRC_HOURLY-05-43,CELL060101,KHA,KV2,active,2026-08-19-19,2026-08-19 19:00:00,39.46,index,valid,synthetic_ran_kpi,226,220,5.88,99.9
RAN_KPI-CELL_RRC_HOURLY-05-44,CELL060101,KHA,KV2,active,2026-08-19-20,2026-08-19 20:00:00,76.41,index,valid,synthetic_ran_kpi,223,218,2.42,99.9
RAN_KPI-CELL_RRC_HOURLY-05-45,CELL060101,KHA,KV2,active,2026-08-19-21,2026-08-19 21:00:00,26.08,index,valid,synthetic_ran_kpi,190,182,3.93,99.9
RAN_KPI-CELL_RRC_HOURLY-05-46,CELL060101,KHA,KV2,active,2026-08-19-22,2026-08-19 22:00:00,49.86,index,valid,synthetic_ran_kpi,187,179,0.89,99.9
RAN_KPI-CELL_RRC_HOURLY-05-47,CELL060101,KHA,KV2,active,2026-08-19-23,2026-08-19 23:00:00,54.41,index,valid,synthetic_ran_kpi,171,170,5.54,99.9
RAN_KPI-CELL_RRC_HOURLY-05-48,CELL060101,KHA,KV2,active,2026-08-20-00,2026-08-20 00:00:00,22.76,index,valid,synthetic_ran_kpi,121,118,1.9,99.9
RAN_KPI-CELL_RRC_HOURLY-05-49,CELL060101,KHA,KV2,active,2026-08-20-01,2026-08-20 01:00:00,53.44,index,valid,synthetic_ran_kpi,298,294,6.33,99.9
RAN_KPI-CELL_RRC_HOURLY-05-50,CELL060101,KHA,KV2,active,2026-08-20-02,2026-08-20 02:00:00,35.29,index,valid,synthetic_ran_kpi,120,118,3.36,99.9
RAN_KPI-CELL_RRC_HOURLY-05-51,CELL060101,KHA,KV2,active,2026-08-20-03,2026-08-20 03:00:00,16.77,index,valid,synthetic_ran_kpi,284,279,5.38,99.9
RAN_KPI-CELL_RRC_HOURLY-05-52,CELL060101,KHA,KV2,active,2026-08-20-04,2026-08-20 04:00:00,70.43,index,valid,synthetic_ran_kpi,257,254,7.58,99.9
RAN_KPI-CELL_RRC_HOURLY-05-53,CELL060101,KHA,KV2,active,2026-08-20-05,2026-08-20 05:00:00,37.35,index,valid,synthetic_ran_kpi,111,109,4.02,99.9
RAN_KPI-CELL_RRC_HOURLY-05-54,CELL060101,KHA,KV2,active,2026-08-20-06,2026-08-20 06:00:00,83.69,index,valid,synthetic_ran_kpi,106,103,6.75,99.9
RAN_KPI-CELL_RRC_HOURLY-05-55,CELL060101,KHA,KV2,active,2026-08-20-07,2026-08-20 07:00:00,40.54,index,valid,synthetic_ran_kpi,229,223,4.74,99.9
RAN_KPI-CELL_RRC_HOURLY-05-56,CELL060101,KHA,KV2,active,2026-08-20-08,2026-08-20 08:00:00,25.91,index,valid,synthetic_ran_kpi,246,240,7.21,99.9
RAN_KPI-CELL_RRC_HOURLY-05-57,CELL060101,KHA,KV2,active,2026-08-20-09,2026-08-20 09:00:00,61.88,index,valid,synthetic_ran_kpi,167,159,1.16,99.9
RAN_KPI-CELL_RRC_HOURLY-05-58,CELL060101,KHA,KV2,active,2026-08-20-10,2026-08-20 10:00:00,38.54,index,valid,synthetic_ran_kpi,96,90,2.98,99.9
RAN_KPI-CELL_RRC_HOURLY-05-59,CELL060101,KHA,KV2,active,2026-08-20-11,2026-08-20 11:00:00,80.61,index,valid,synthetic_ran_kpi,240,237,2.26,99.9
RAN_KPI-CELL_RRC_HOURLY-05-60,CELL060101,KHA,KV2,active,2026-08-20-12,2026-08-20 12:00:00,23.98,index,valid,synthetic_ran_kpi,286,282,7.19,99.9
RAN_KPI-CELL_RRC_HOURLY-05-61,CELL060101,KHA,KV2,active,2026-08-20-13,2026-08-20 13:00:00,64.61,index,valid,synthetic_ran_kpi,235,234,1.42,99.9
RAN_KPI-CELL_RRC_HOURLY-05-62,CELL060101,KHA,KV2,active,2026-08-20-14,2026-08-20 14:00:00,81.34,index,valid,synthetic_ran_kpi,273,265,3.11,99.9
RAN_KPI-CELL_RRC_HOURLY-05-63,CELL060101,KHA,KV2,active,2026-08-20-15,2026-08-20 15:00:00,65.09,index,valid,synthetic_ran_kpi,268,262,3.53,99.9
RAN_KPI-CELL_RRC_HOURLY-05-64,CELL060101,KHA,KV2,active,2026-08-20-16,2026-08-20 16:00:00,49.1,index,valid,synthetic_ran_kpi,134,127,5.59,99.9
RAN_KPI-CELL_RRC_HOURLY-05-65,CELL060101,KHA,KV2,active,2026-08-20-17,2026-08-20 17:00:00,67.89,index,valid,synthetic_ran_kpi,253,249,7.38,99.9
RAN_KPI-CELL_RRC_HOURLY-05-66,CELL060101,KHA,KV2,active,2026-08-20-18,2026-08-20 18:00:00,58.27,index,valid,synthetic_ran_kpi,126,124,7.09,99.9
RAN_KPI-CELL_RRC_HOURLY-05-67,CELL060101,KHA,KV2,active,2026-08-20-19,2026-08-20 19:00:00,38.83,index,valid,synthetic_ran_kpi,115,112,6.72,99.9
RAN_KPI-CELL_RRC_HOURLY-05-68,CELL060101,KHA,KV2,active,2026-08-20-20,2026-08-20 20:00:00,42.62,index,valid,synthetic_ran_kpi,169,168,4.94,99.9
RAN_KPI-CELL_RRC_HOURLY-05-69,CELL060101,KHA,KV2,active,2026-08-20-21,2026-08-20 21:00:00,65.18,index,valid,synthetic_ran_kpi,202,198,7.23,99.9
RAN_KPI-CELL_RRC_HOURLY-05-70,CELL060101,KHA,KV2,active,2026-08-20-22,2026-08-20 22:00:00,76.29,index,valid,synthetic_ran_kpi,207,199,3.99,99.9
RAN_KPI-CELL_RRC_HOURLY-05-71,CELL060101,KHA,KV2,active,2026-08-20-23,2026-08-20 23:00:00,28.89,index,valid,synthetic_ran_kpi,223,221,1.13,99.9
