cell_latency_hourly_id,cell_id,province_code,area_code,status,date_hour,observed_at,metric_value,metric_unit,quality_flag,source_system,attempt_count,success_count,traffic_gb,availability_pct
RAN_KPI-CELL_LATENCY_HOURLY-00-00,CELL010101,DBN,KV1,active,2026-08-18-00,2026-08-18 00:00:00,77.02,index,valid,synthetic_ran_kpi,156,149,5.76,99.9
RAN_KPI-CELL_LATENCY_HOURLY-00-01,CELL010101,DBN,KV1,active,2026-08-18-01,2026-08-18 01:00:00,81.78,index,valid,synthetic_ran_kpi,219,218,2.18,99.9
RAN_KPI-CELL_LATENCY_HOURLY-00-02,CELL010101,DBN,KV1,active,2026-08-18-02,2026-08-18 02:00:00,27.76,index,valid,synthetic_ran_kpi,232,229,0.56,99.9
RAN_KPI-CELL_LATENCY_HOURLY-00-03,CELL010101,DBN,KV1,active,2026-08-18-03,2026-08-18 03:00:00,29.04,index,valid,synthetic_ran_kpi,278,271,6.5,99.9
RAN_KPI-CELL_LATENCY_HOURLY-00-04,CELL010101,DBN,KV1,active,2026-08-18-04,2026-08-18 04:00:00,43.39,index,valid,synthetic_ran_kpi,226,224,7.62,99.9
RAN_KPI-CELL_LATENCY_HOURLY-00-05,CELL010101,DBN,KV1,active,2026-08-18-05,2026-08-18 05:00:00,79.94,index,valid,synthetic_ran_kpi,190,184,4.58,99.9
RAN_KPI-CELL_LATENCY_HOURLY-00-06,CELL010101,DBN,KV1,active,2026-08-18-06,2026-08-18 06:00:00,67.35,index,valid,synthetic_ran_kpi,249,245,7.08,99.9
RAN_KPI-CELL_LATENCY_HOURLY-00-07,CELL010101,DBN,KV1,active,2026-08-18-07,2026-08-18 07:00:00,41.12,index,valid,synthetic_ran_kpi,235,232,5.74,99.9
RAN_KPI-CELL_LATENCY_HOURLY-00-08,CELL010101,DBN,KV1,active,2026-08-18-08,2026-08-18 08:00:00,38.41,index,valid,synthetic_ran_kpi,282,276,7.3,99.9
RAN_KPI-CELL_LATENCY_HOURLY-00-09,CELL010101,DBN,KV1,active,2026-08-18-09,2026-08-18 09:00:00,35.22,index,valid,synthetic_ran_kpi,176,172,1.21,99.9
RAN_KPI-CELL_LATENCY_HOURLY-00-10,CELL010101,DBN,KV1,active,2026-08-18-10,2026-08-18 10:00:00,79.31,index,valid,synthetic_ran_kpi,147,145,6.68,99.9
RAN_KPI-CELL_LATENCY_HOURLY-00-11,CELL010101,DBN,KV1,active,2026-08-18-11,2026-08-18 11:00:00,71.28,index,valid,synthetic_ran_kpi,276,274,2.97,99.9
RAN_KPI-CELL_LATENCY_HOURLY-00-12,CELL010101,DBN,KV1,active,2026-08-18-12,2026-08-18 12:00:00,30.88,index,valid,synthetic_ran_kpi,288,284,3.92,99.9
RAN_KPI-CELL_LATENCY_HOURLY-00-13,CELL010101,DBN,KV1,active,2026-08-18-13,2026-08-18 13:00:00,74.16,index,valid,synthetic_ran_kpi,119,114,0.57,99.9
RAN_KPI-CELL_LATENCY_HOURLY-00-14,CELL010101,DBN,KV1,active,2026-08-18-14,2026-08-18 14:00:00,62.44,index,valid,synthetic_ran_kpi,285,281,4.84,99.9
RAN_KPI-CELL_LATENCY_HOURLY-00-15,CELL010101,DBN,KV1,active,2026-08-18-15,2026-08-18 15:00:00,80.25,index,valid,synthetic_ran_kpi,290,288,6.07,99.9
RAN_KPI-CELL_LATENCY_HOURLY-00-16,CELL010101,DBN,KV1,active,2026-08-18-16,2026-08-18 16:00:00,53.78,index,valid,synthetic_ran_kpi,177,175,2.05,99.9
RAN_KPI-CELL_LATENCY_HOURLY-00-17,CELL010101,DBN,KV1,active,2026-08-18-17,2026-08-18 17:00:00,55.74,index,valid,synthetic_ran_kpi,193,191,5.61,99.9
RAN_KPI-CELL_LATENCY_HOURLY-00-18,CELL010101,DBN,KV1,active,2026-08-18-18,2026-08-18 18:00:00,16.65,index,valid,synthetic_ran_kpi,145,141,6.94,99.9
RAN_KPI-CELL_LATENCY_HOURLY-00-19,CELL010101,DBN,KV1,active,2026-08-18-19,2026-08-18 19:00:00,47.19,index,valid,synthetic_ran_kpi,178,170,3.39,99.9
RAN_KPI-CELL_LATENCY_HOURLY-00-20,CELL010101,DBN,KV1,active,2026-08-18-20,2026-08-18 20:00:00,73.92,index,valid,synthetic_ran_kpi,300,295,4.75,99.9
RAN_KPI-CELL_LATENCY_HOURLY-00-21,CELL010101,DBN,KV1,active,2026-08-18-21,2026-08-18 21:00:00,37.09,index,valid,synthetic_ran_kpi,164,156,2.89,99.9
RAN_KPI-CELL_LATENCY_HOURLY-00-22,CELL010101,DBN,KV1,active,2026-08-18-22,2026-08-18 22:00:00,18.7,index,valid,synthetic_ran_kpi,266,261,1.41,99.9
RAN_KPI-CELL_LATENCY_HOURLY-00-23,CELL010101,DBN,KV1,active,2026-08-18-23,2026-08-18 23:00:00,40.77,index,valid,synthetic_ran_kpi,98,92,3.51,99.9
RAN_KPI-CELL_LATENCY_HOURLY-00-24,CELL010101,DBN,KV1,active,2026-08-19-00,2026-08-19 00:00:00,45.51,index,valid,synthetic_ran_kpi,139,131,1.6,99.9
RAN_KPI-CELL_LATENCY_HOURLY-00-25,CELL010101,DBN,KV1,active,2026-08-19-01,2026-08-19 01:00:00,60.45,index,valid,synthetic_ran_kpi,240,236,6.06,99.9
RAN_KPI-CELL_LATENCY_HOURLY-00-26,CELL010101,DBN,KV1,active,2026-08-19-02,2026-08-19 02:00:00,22.12,index,valid,synthetic_ran_kpi,204,202,5.41,99.9
RAN_KPI-CELL_LATENCY_HOURLY-00-27,CELL010101,DBN,KV1,degraded,2026-08-19-03,2026-08-19 03:00:00,30.22,index,degraded,synthetic_ran_kpi,123,97,7.83,98.0
RAN_KPI-CELL_LATENCY_HOURLY-00-28,CELL010101,DBN,KV1,active,2026-08-19-04,2026-08-19 04:00:00,26.24,index,valid,synthetic_ran_kpi,119,117,0.72,99.9
RAN_KPI-CELL_LATENCY_HOURLY-00-29,CELL010101,DBN,KV1,active,2026-08-19-05,2026-08-19 05:00:00,41.99,index,valid,synthetic_ran_kpi,226,223,3.65,99.9
RAN_KPI-CELL_LATENCY_HOURLY-00-30,CELL010101,DBN,KV1,active,2026-08-19-06,2026-08-19 06:00:00,68.46,index,valid,synthetic_ran_kpi,90,87,4.94,99.9
RAN_KPI-CELL_LATENCY_HOURLY-00-31,CELL010101,DBN,KV1,active,2026-08-19-07,2026-08-19 07:00:00,35.24,index,valid,synthetic_ran_kpi,208,206,0.78,99.9
RAN_KPI-CELL_LATENCY_HOURLY-00-32,CELL010101,DBN,KV1,active,2026-08-19-08,2026-08-19 08:00:00,27.55,index,valid,synthetic_ran_kpi,189,184,3.74,99.9
RAN_KPI-CELL_LATENCY_HOURLY-00-33,CELL010101,DBN,KV1,active,2026-08-19-09,2026-08-19 09:00:00,74.95,index,valid,synthetic_ran_kpi,188,181,5.42,99.9
RAN_KPI-CELL_LATENCY_HOURLY-00-34,CELL010101,DBN,KV1,active,2026-08-19-10,2026-08-19 10:00:00,26.03,index,valid,synthetic_ran_kpi,119,112,4.29,99.9
RAN_KPI-CELL_LATENCY_HOURLY-00-35,CELL010101,DBN,KV1,active,2026-08-19-11,2026-08-19 11:00:00,45.25,index,valid,synthetic_ran_kpi,279,272,8.0,99.9
RAN_KPI-CELL_LATENCY_HOURLY-00-36,CELL010101,DBN,KV1,active,2026-08-19-12,2026-08-19 12:00:00,48.74,index,valid,synthetic_ran_kpi,262,254,7.13,99.9
RAN_KPI-CELL_LATENCY_HOURLY-00-37,CELL010101,DBN,KV1,active,2026-08-19-13,2026-08-19 13:00:00,78.7,index,valid,synthetic_ran_kpi,227,220,5.84,99.9
RAN_KPI-CELL_LATENCY_HOURLY-00-38,CELL010101,DBN,KV1,active,2026-08-19-14,2026-08-19 14:00:00,38.4,index,valid,synthetic_ran_kpi,266,262,3.5,99.9
RAN_KPI-CELL_LATENCY_HOURLY-00-39,CELL010101,DBN,KV1,active,2026-08-19-15,2026-08-19 15:00:00,59.31,index,valid,synthetic_ran_kpi,92,86,1.92,99.9
RAN_KPI-CELL_LATENCY_HOURLY-00-40,CELL010101,DBN,KV1,active,2026-08-19-16,2026-08-19 16:00:00,81.89,index,valid,synthetic_ran_kpi,221,215,4.26,99.9
RAN_KPI-CELL_LATENCY_HOURLY-00-41,CELL010101,DBN,KV1,active,2026-08-19-17,2026-08-19 17:00:00,59.44,index,valid,synthetic_ran_kpi,85,83,4.96,99.9
RAN_KPI-CELL_LATENCY_HOURLY-00-42,CELL010101,DBN,KV1,active,2026-08-19-18,2026-08-19 18:00:00,39.55,index,valid,synthetic_ran_kpi,268,266,2.96,99.9
RAN_KPI-CELL_LATENCY_HOURLY-00-43,CELL010101,DBN,KV1,active,2026-08-19-19,2026-08-19 19:00:00,46.46,index,valid,synthetic_ran_kpi,277,272,1.66,99.9
RAN_KPI-CELL_LATENCY_HOURLY-00-44,CELL010101,DBN,KV1,active,2026-08-19-20,2026-08-19 20:00:00,78.73,index,valid,synthetic_ran_kpi,159,157,6.01,99.9
RAN_KPI-CELL_LATENCY_HOURLY-00-45,CELL010101,DBN,KV1,active,2026-08-19-21,2026-08-19 21:00:00,27.68,index,valid,synthetic_ran_kpi,93,85,6.67,99.9
RAN_KPI-CELL_LATENCY_HOURLY-00-46,CELL010101,DBN,KV1,active,2026-08-19-22,2026-08-19 22:00:00,82.52,index,valid,synthetic_ran_kpi,199,191,6.16,99.9
RAN_KPI-CELL_LATENCY_HOURLY-00-47,CELL010101,DBN,KV1,active,2026-08-19-23,2026-08-19 23:00:00,60.43,index,valid,synthetic_ran_kpi,82,74,7.65,99.9
RAN_KPI-CELL_LATENCY_HOURLY-00-48,CELL010101,DBN,KV1,active,2026-08-20-00,2026-08-20 00:00:00,25.77,index,valid,synthetic_ran_kpi,162,154,3.78,99.9
RAN_KPI-CELL_LATENCY_HOURLY-00-49,CELL010101,DBN,KV1,active,2026-08-20-01,2026-08-20 01:00:00,38.54,index,valid,synthetic_ran_kpi,237,235,4.21,99.9
RAN_KPI-CELL_LATENCY_HOURLY-00-50,CELL010101,DBN,KV1,active,2026-08-20-02,2026-08-20 02:00:00,58.9,index,valid,synthetic_ran_kpi,96,89,5.39,99.9
RAN_KPI-CELL_LATENCY_HOURLY-00-51,CELL010101,DBN,KV1,active,2026-08-20-03,2026-08-20 03:00:00,33.01,index,valid,synthetic_ran_kpi,205,201,3.01,99.9
RAN_KPI-CELL_LATENCY_HOURLY-00-52,CELL010101,DBN,KV1,active,2026-08-20-04,2026-08-20 04:00:00,68.98,index,valid,synthetic_ran_kpi,114,113,6.35,99.9
RAN_KPI-CELL_LATENCY_HOURLY-00-53,CELL010101,DBN,KV1,active,2026-08-20-05,2026-08-20 05:00:00,47.69,index,valid,synthetic_ran_kpi,173,167,2.82,99.9
RAN_KPI-CELL_LATENCY_HOURLY-00-54,CELL010101,DBN,KV1,active,2026-08-20-06,2026-08-20 06:00:00,50.39,index,valid,synthetic_ran_kpi,257,250,1.42,99.9
RAN_KPI-CELL_LATENCY_HOURLY-00-55,CELL010101,DBN,KV1,active,2026-08-20-07,2026-08-20 07:00:00,25.74,index,valid,synthetic_ran_kpi,281,274,6.87,99.9
RAN_KPI-CELL_LATENCY_HOURLY-00-56,CELL010101,DBN,KV1,active,2026-08-20-08,2026-08-20 08:00:00,49.73,index,valid,synthetic_ran_kpi,203,202,2.92,99.9
RAN_KPI-CELL_LATENCY_HOURLY-00-57,CELL010101,DBN,KV1,active,2026-08-20-09,2026-08-20 09:00:00,78.17,index,valid,synthetic_ran_kpi,281,279,3.24,99.9
RAN_KPI-CELL_LATENCY_HOURLY-00-58,CELL010101,DBN,KV1,active,2026-08-20-10,2026-08-20 10:00:00,38.91,index,valid,synthetic_ran_kpi,142,134,5.92,99.9
RAN_KPI-CELL_LATENCY_HOURLY-00-59,CELL010101,DBN,KV1,active,2026-08-20-11,2026-08-20 11:00:00,75.28,index,valid,synthetic_ran_kpi,219,215,4.51,99.9
RAN_KPI-CELL_LATENCY_HOURLY-00-60,CELL010101,DBN,KV1,active,2026-08-20-12,2026-08-20 12:00:00,51.25,index,valid,synthetic_ran_kpi,124,121,6.24,99.9
RAN_KPI-CELL_LATENCY_HOURLY-00-61,CELL010101,DBN,KV1,active,2026-08-20-13,2026-08-20 13:00:00,58.79,index,valid,synthetic_ran_kpi,299,292,5.6,99.9
RAN_KPI-CELL_LATENCY_HOURLY-00-62,CELL010101,DBN,KV1,active,2026-08-20-14,2026-08-20 14:00:00,66.5,index,valid,synthetic_ran_kpi,253,248,7.63,99.9
RAN_KPI-CELL_LATENCY_HOURLY-00-63,CELL010101,DBN,KV1,active,2026-08-20-15,2026-08-20 15:00:00,62.02,index,valid,synthetic_ran_kpi,195,193,7.24,99.9
RAN_KPI-CELL_LATENCY_HOURLY-00-64,CELL010101,DBN,KV1,active,2026-08-20-16,2026-08-20 16:00:00,47.63,index,valid,synthetic_ran_kpi,260,259,7.43,99.9
RAN_KPI-CELL_LATENCY_HOURLY-00-65,CELL010101,DBN,KV1,active,2026-08-20-17,2026-08-20 17:00:00,84.31,index,valid,synthetic_ran_kpi,108,100,5.93,99.9
RAN_KPI-CELL_LATENCY_HOURLY-00-66,CELL010101,DBN,KV1,active,2026-08-20-18,2026-08-20 18:00:00,22.71,index,valid,synthetic_ran_kpi,278,272,5.71,99.9
RAN_KPI-CELL_LATENCY_HOURLY-00-67,CELL010101,DBN,KV1,active,2026-08-20-19,2026-08-20 19:00:00,55.13,index,valid,synthetic_ran_kpi,126,125,2.68,99.9
RAN_KPI-CELL_LATENCY_HOURLY-00-68,CELL010101,DBN,KV1,active,2026-08-20-20,2026-08-20 20:00:00,35.17,index,valid,synthetic_ran_kpi,249,248,7.59,99.9
RAN_KPI-CELL_LATENCY_HOURLY-00-69,CELL010101,DBN,KV1,active,2026-08-20-21,2026-08-20 21:00:00,56.74,index,valid,synthetic_ran_kpi,122,117,1.04,99.9
RAN_KPI-CELL_LATENCY_HOURLY-00-70,CELL010101,DBN,KV1,active,2026-08-20-22,2026-08-20 22:00:00,58.77,index,valid,synthetic_ran_kpi,140,135,6.09,99.9
RAN_KPI-CELL_LATENCY_HOURLY-00-71,CELL010101,DBN,KV1,active,2026-08-20-23,2026-08-20 23:00:00,16.47,index,valid,synthetic_ran_kpi,96,91,2.18,99.9
RAN_KPI-CELL_LATENCY_HOURLY-01-00,CELL020201,SLA,KV1,active,2026-08-18-00,2026-08-18 00:00:00,83.99,index,valid,synthetic_ran_kpi,277,270,4.69,99.9
RAN_KPI-CELL_LATENCY_HOURLY-01-01,CELL020201,SLA,KV1,active,2026-08-18-01,2026-08-18 01:00:00,47.82,index,valid,synthetic_ran_kpi,288,284,4.9,99.9
RAN_KPI-CELL_LATENCY_HOURLY-01-02,CELL020201,SLA,KV1,active,2026-08-18-02,2026-08-18 02:00:00,62.48,index,valid,synthetic_ran_kpi,263,257,2.84,99.9
RAN_KPI-CELL_LATENCY_HOURLY-01-03,CELL020201,SLA,KV1,active,2026-08-18-03,2026-08-18 03:00:00,32.72,index,valid,synthetic_ran_kpi,142,134,7.96,99.9
RAN_KPI-CELL_LATENCY_HOURLY-01-04,CELL020201,SLA,KV1,active,2026-08-18-04,2026-08-18 04:00:00,83.66,index,valid,synthetic_ran_kpi,81,76,0.9,99.9
RAN_KPI-CELL_LATENCY_HOURLY-01-05,CELL020201,SLA,KV1,active,2026-08-18-05,2026-08-18 05:00:00,68.2,index,valid,synthetic_ran_kpi,281,273,2.85,99.9
RAN_KPI-CELL_LATENCY_HOURLY-01-06,CELL020201,SLA,KV1,active,2026-08-18-06,2026-08-18 06:00:00,20.91,index,valid,synthetic_ran_kpi,210,207,1.13,99.9
RAN_KPI-CELL_LATENCY_HOURLY-01-07,CELL020201,SLA,KV1,active,2026-08-18-07,2026-08-18 07:00:00,84.04,index,valid,synthetic_ran_kpi,201,200,4.39,99.9
RAN_KPI-CELL_LATENCY_HOURLY-01-08,CELL020201,SLA,KV1,active,2026-08-18-08,2026-08-18 08:00:00,61.04,index,valid,synthetic_ran_kpi,213,207,5.56,99.9
RAN_KPI-CELL_LATENCY_HOURLY-01-09,CELL020201,SLA,KV1,active,2026-08-18-09,2026-08-18 09:00:00,18.46,index,valid,synthetic_ran_kpi,150,146,3.9,99.9
RAN_KPI-CELL_LATENCY_HOURLY-01-10,CELL020201,SLA,KV1,active,2026-08-18-10,2026-08-18 10:00:00,49.22,index,valid,synthetic_ran_kpi,173,165,6.82,99.9
RAN_KPI-CELL_LATENCY_HOURLY-01-11,CELL020201,SLA,KV1,active,2026-08-18-11,2026-08-18 11:00:00,29.49,index,valid,synthetic_ran_kpi,167,159,1.57,99.9
RAN_KPI-CELL_LATENCY_HOURLY-01-12,CELL020201,SLA,KV1,active,2026-08-18-12,2026-08-18 12:00:00,67.97,index,valid,synthetic_ran_kpi,264,259,4.85,99.9
RAN_KPI-CELL_LATENCY_HOURLY-01-13,CELL020201,SLA,KV1,active,2026-08-18-13,2026-08-18 13:00:00,70.14,index,valid,synthetic_ran_kpi,156,152,4.39,99.9
RAN_KPI-CELL_LATENCY_HOURLY-01-14,CELL020201,SLA,KV1,active,2026-08-18-14,2026-08-18 14:00:00,28.51,index,valid,synthetic_ran_kpi,254,253,7.28,99.9
RAN_KPI-CELL_LATENCY_HOURLY-01-15,CELL020201,SLA,KV1,active,2026-08-18-15,2026-08-18 15:00:00,52.82,index,valid,synthetic_ran_kpi,275,272,2.92,99.9
RAN_KPI-CELL_LATENCY_HOURLY-01-16,CELL020201,SLA,KV1,active,2026-08-18-16,2026-08-18 16:00:00,50.42,index,valid,synthetic_ran_kpi,260,259,7.64,99.9
RAN_KPI-CELL_LATENCY_HOURLY-01-17,CELL020201,SLA,KV1,active,2026-08-18-17,2026-08-18 17:00:00,42.25,index,valid,synthetic_ran_kpi,181,173,1.06,99.9
RAN_KPI-CELL_LATENCY_HOURLY-01-18,CELL020201,SLA,KV1,active,2026-08-18-18,2026-08-18 18:00:00,25.83,index,valid,synthetic_ran_kpi,250,242,3.39,99.9
RAN_KPI-CELL_LATENCY_HOURLY-01-19,CELL020201,SLA,KV1,active,2026-08-18-19,2026-08-18 19:00:00,56.4,index,valid,synthetic_ran_kpi,114,106,3.17,99.9
RAN_KPI-CELL_LATENCY_HOURLY-01-20,CELL020201,SLA,KV1,active,2026-08-18-20,2026-08-18 20:00:00,18.98,index,valid,synthetic_ran_kpi,84,82,1.15,99.9
RAN_KPI-CELL_LATENCY_HOURLY-01-21,CELL020201,SLA,KV1,active,2026-08-18-21,2026-08-18 21:00:00,27.16,index,valid,synthetic_ran_kpi,296,290,4.93,99.9
RAN_KPI-CELL_LATENCY_HOURLY-01-22,CELL020201,SLA,KV1,active,2026-08-18-22,2026-08-18 22:00:00,79.19,index,valid,synthetic_ran_kpi,151,149,3.32,99.9
RAN_KPI-CELL_LATENCY_HOURLY-01-23,CELL020201,SLA,KV1,active,2026-08-18-23,2026-08-18 23:00:00,51.52,index,valid,synthetic_ran_kpi,238,236,4.3,99.9
RAN_KPI-CELL_LATENCY_HOURLY-01-24,CELL020201,SLA,KV1,active,2026-08-19-00,2026-08-19 00:00:00,15.02,index,valid,synthetic_ran_kpi,260,258,4.8,99.9
RAN_KPI-CELL_LATENCY_HOURLY-01-25,CELL020201,SLA,KV1,active,2026-08-19-01,2026-08-19 01:00:00,47.23,index,valid,synthetic_ran_kpi,296,293,0.98,99.9
RAN_KPI-CELL_LATENCY_HOURLY-01-26,CELL020201,SLA,KV1,active,2026-08-19-02,2026-08-19 02:00:00,71.26,index,valid,synthetic_ran_kpi,236,230,6.88,99.9
RAN_KPI-CELL_LATENCY_HOURLY-01-27,CELL020201,SLA,KV1,active,2026-08-19-03,2026-08-19 03:00:00,63.16,index,valid,synthetic_ran_kpi,99,98,0.93,99.9
RAN_KPI-CELL_LATENCY_HOURLY-01-28,CELL020201,SLA,KV1,active,2026-08-19-04,2026-08-19 04:00:00,46.34,index,valid,synthetic_ran_kpi,129,128,6.92,99.9
RAN_KPI-CELL_LATENCY_HOURLY-01-29,CELL020201,SLA,KV1,active,2026-08-19-05,2026-08-19 05:00:00,73.65,index,valid,synthetic_ran_kpi,203,202,3.81,99.9
RAN_KPI-CELL_LATENCY_HOURLY-01-30,CELL020201,SLA,KV1,active,2026-08-19-06,2026-08-19 06:00:00,54.74,index,valid,synthetic_ran_kpi,287,285,5.27,99.9
RAN_KPI-CELL_LATENCY_HOURLY-01-31,CELL020201,SLA,KV1,active,2026-08-19-07,2026-08-19 07:00:00,17.91,index,valid,synthetic_ran_kpi,197,189,2.68,99.9
RAN_KPI-CELL_LATENCY_HOURLY-01-32,CELL020201,SLA,KV1,active,2026-08-19-08,2026-08-19 08:00:00,35.39,index,valid,synthetic_ran_kpi,214,212,5.89,99.9
RAN_KPI-CELL_LATENCY_HOURLY-01-33,CELL020201,SLA,KV1,active,2026-08-19-09,2026-08-19 09:00:00,75.36,index,valid,synthetic_ran_kpi,174,169,1.3,99.9
RAN_KPI-CELL_LATENCY_HOURLY-01-34,CELL020201,SLA,KV1,active,2026-08-19-10,2026-08-19 10:00:00,15.84,index,valid,synthetic_ran_kpi,256,255,3.89,99.9
RAN_KPI-CELL_LATENCY_HOURLY-01-35,CELL020201,SLA,KV1,active,2026-08-19-11,2026-08-19 11:00:00,43.59,index,valid,synthetic_ran_kpi,138,134,4.28,99.9
RAN_KPI-CELL_LATENCY_HOURLY-01-36,CELL020201,SLA,KV1,active,2026-08-19-12,2026-08-19 12:00:00,19.82,index,valid,synthetic_ran_kpi,240,239,0.73,99.9
RAN_KPI-CELL_LATENCY_HOURLY-01-37,CELL020201,SLA,KV1,active,2026-08-19-13,2026-08-19 13:00:00,70.45,index,valid,synthetic_ran_kpi,169,168,7.63,99.9
RAN_KPI-CELL_LATENCY_HOURLY-01-38,CELL020201,SLA,KV1,active,2026-08-19-14,2026-08-19 14:00:00,27.07,index,valid,synthetic_ran_kpi,113,108,7.96,99.9
RAN_KPI-CELL_LATENCY_HOURLY-01-39,CELL020201,SLA,KV1,active,2026-08-19-15,2026-08-19 15:00:00,76.51,index,valid,synthetic_ran_kpi,138,137,4.08,99.9
RAN_KPI-CELL_LATENCY_HOURLY-01-40,CELL020201,SLA,KV1,active,2026-08-19-16,2026-08-19 16:00:00,53.38,index,valid,synthetic_ran_kpi,174,166,2.32,99.9
RAN_KPI-CELL_LATENCY_HOURLY-01-41,CELL020201,SLA,KV1,active,2026-08-19-17,2026-08-19 17:00:00,39.97,index,valid,synthetic_ran_kpi,226,223,0.68,99.9
RAN_KPI-CELL_LATENCY_HOURLY-01-42,CELL020201,SLA,KV1,active,2026-08-19-18,2026-08-19 18:00:00,70.29,index,valid,synthetic_ran_kpi,119,112,7.51,99.9
RAN_KPI-CELL_LATENCY_HOURLY-01-43,CELL020201,SLA,KV1,active,2026-08-19-19,2026-08-19 19:00:00,47.48,index,valid,synthetic_ran_kpi,100,97,3.41,99.9
RAN_KPI-CELL_LATENCY_HOURLY-01-44,CELL020201,SLA,KV1,active,2026-08-19-20,2026-08-19 20:00:00,34.57,index,valid,synthetic_ran_kpi,252,251,4.73,99.9
RAN_KPI-CELL_LATENCY_HOURLY-01-45,CELL020201,SLA,KV1,degraded,2026-08-19-21,2026-08-19 21:00:00,96.44,index,degraded,synthetic_ran_kpi,295,268,7.07,98.0
RAN_KPI-CELL_LATENCY_HOURLY-01-46,CELL020201,SLA,KV1,active,2026-08-19-22,2026-08-19 22:00:00,67.25,index,valid,synthetic_ran_kpi,283,282,4.46,99.9
RAN_KPI-CELL_LATENCY_HOURLY-01-47,CELL020201,SLA,KV1,active,2026-08-19-23,2026-08-19 23:00:00,74.52,index,valid,synthetic_ran_kpi,288,287,6.81,99.9
RAN_KPI-CELL_LATENCY_HOURLY-01-48,CELL020201,SLA,KV1,active,2026-08-20-00,2026-08-20 00:00:00,38.27,index,valid,synthetic_ran_kpi,281,280,3.41,99.9
RAN_KPI-CELL_LATENCY_HOURLY-01-49,CELL020201,SLA,KV1,active,2026-08-20-01,2026-08-20 01:00:00,26.44,index,valid,synthetic_ran_kpi,286,282,5.17,99.9
RAN_KPI-CELL_LATENCY_HOURLY-01-50,CELL020201,SLA,KV1,active,2026-08-20-02,2026-08-20 02:00:00,34.45,index,valid,synthetic_ran_kpi,218,217,3.58,99.9
RAN_KPI-CELL_LATENCY_HOURLY-01-51,CELL020201,SLA,KV1,active,2026-08-20-03,2026-08-20 03:00:00,38.94,index,valid,synthetic_ran_kpi,268,261,2.37,99.9
RAN_KPI-CELL_LATENCY_HOURLY-01-52,CELL020201,SLA,KV1,active,2026-08-20-04,2026-08-20 04:00:00,52.79,index,valid,synthetic_ran_kpi,120,114,3.94,99.9
RAN_KPI-CELL_LATENCY_HOURLY-01-53,CELL020201,SLA,KV1,active,2026-08-20-05,2026-08-20 05:00:00,59.96,index,valid,synthetic_ran_kpi,235,234,1.25,99.9
RAN_KPI-CELL_LATENCY_HOURLY-01-54,CELL020201,SLA,KV1,active,2026-08-20-06,2026-08-20 06:00:00,57.08,index,valid,synthetic_ran_kpi,153,146,2.03,99.9
RAN_KPI-CELL_LATENCY_HOURLY-01-55,CELL020201,SLA,KV1,active,2026-08-20-07,2026-08-20 07:00:00,25.05,index,valid,synthetic_ran_kpi,267,259,1.46,99.9
RAN_KPI-CELL_LATENCY_HOURLY-01-56,CELL020201,SLA,KV1,active,2026-08-20-08,2026-08-20 08:00:00,84.87,index,valid,synthetic_ran_kpi,236,234,4.43,99.9
RAN_KPI-CELL_LATENCY_HOURLY-01-57,CELL020201,SLA,KV1,active,2026-08-20-09,2026-08-20 09:00:00,67.68,index,valid,synthetic_ran_kpi,176,175,1.67,99.9
RAN_KPI-CELL_LATENCY_HOURLY-01-58,CELL020201,SLA,KV1,active,2026-08-20-10,2026-08-20 10:00:00,76.09,index,valid,synthetic_ran_kpi,110,103,3.1,99.9
RAN_KPI-CELL_LATENCY_HOURLY-01-59,CELL020201,SLA,KV1,active,2026-08-20-11,2026-08-20 11:00:00,52.96,index,valid,synthetic_ran_kpi,283,280,6.39,99.9
RAN_KPI-CELL_LATENCY_HOURLY-01-60,CELL020201,SLA,KV1,active,2026-08-20-12,2026-08-20 12:00:00,60.95,index,valid,synthetic_ran_kpi,123,117,7.22,99.9
RAN_KPI-CELL_LATENCY_HOURLY-01-61,CELL020201,SLA,KV1,active,2026-08-20-13,2026-08-20 13:00:00,34.48,index,valid,synthetic_ran_kpi,265,261,5.39,99.9
RAN_KPI-CELL_LATENCY_HOURLY-01-62,CELL020201,SLA,KV1,active,2026-08-20-14,2026-08-20 14:00:00,72.58,index,valid,synthetic_ran_kpi,249,246,6.95,99.9
RAN_KPI-CELL_LATENCY_HOURLY-01-63,CELL020201,SLA,KV1,active,2026-08-20-15,2026-08-20 15:00:00,30.7,index,valid,synthetic_ran_kpi,217,212,6.3,99.9
RAN_KPI-CELL_LATENCY_HOURLY-01-64,CELL020201,SLA,KV1,active,2026-08-20-16,2026-08-20 16:00:00,59.1,index,valid,synthetic_ran_kpi,105,100,2.91,99.9
RAN_KPI-CELL_LATENCY_HOURLY-01-65,CELL020201,SLA,KV1,active,2026-08-20-17,2026-08-20 17:00:00,49.08,index,valid,synthetic_ran_kpi,221,219,2.51,99.9
RAN_KPI-CELL_LATENCY_HOURLY-01-66,CELL020201,SLA,KV1,active,2026-08-20-18,2026-08-20 18:00:00,40.15,index,valid,synthetic_ran_kpi,157,156,1.94,99.9
RAN_KPI-CELL_LATENCY_HOURLY-01-67,CELL020201,SLA,KV1,active,2026-08-20-19,2026-08-20 19:00:00,60.84,index,valid,synthetic_ran_kpi,105,101,7.31,99.9
RAN_KPI-CELL_LATENCY_HOURLY-01-68,CELL020201,SLA,KV1,active,2026-08-20-20,2026-08-20 20:00:00,76.95,index,valid,synthetic_ran_kpi,239,233,1.21,99.9
RAN_KPI-CELL_LATENCY_HOURLY-01-69,CELL020201,SLA,KV1,active,2026-08-20-21,2026-08-20 21:00:00,52.61,index,valid,synthetic_ran_kpi,207,200,5.41,99.9
RAN_KPI-CELL_LATENCY_HOURLY-01-70,CELL020201,SLA,KV1,active,2026-08-20-22,2026-08-20 22:00:00,38.58,index,valid,synthetic_ran_kpi,157,149,0.62,99.9
RAN_KPI-CELL_LATENCY_HOURLY-01-71,CELL020201,SLA,KV1,active,2026-08-20-23,2026-08-20 23:00:00,81.93,index,valid,synthetic_ran_kpi,118,110,1.71,99.9
RAN_KPI-CELL_LATENCY_HOURLY-02-00,CELL030101,CMU,KV3,active,2026-08-18-00,2026-08-18 00:00:00,76.4,index,valid,synthetic_ran_kpi,230,223,3.11,99.9
RAN_KPI-CELL_LATENCY_HOURLY-02-01,CELL030101,CMU,KV3,active,2026-08-18-01,2026-08-18 01:00:00,50.71,index,valid,synthetic_ran_kpi,286,281,3.47,99.9
RAN_KPI-CELL_LATENCY_HOURLY-02-02,CELL030101,CMU,KV3,active,2026-08-18-02,2026-08-18 02:00:00,44.48,index,valid,synthetic_ran_kpi,113,107,5.63,99.9
RAN_KPI-CELL_LATENCY_HOURLY-02-03,CELL030101,CMU,KV3,active,2026-08-18-03,2026-08-18 03:00:00,27.84,index,valid,synthetic_ran_kpi,187,183,3.84,99.9
RAN_KPI-CELL_LATENCY_HOURLY-02-04,CELL030101,CMU,KV3,active,2026-08-18-04,2026-08-18 04:00:00,61.06,index,valid,synthetic_ran_kpi,115,114,0.54,99.9
RAN_KPI-CELL_LATENCY_HOURLY-02-05,CELL030101,CMU,KV3,active,2026-08-18-05,2026-08-18 05:00:00,35.82,index,valid,synthetic_ran_kpi,219,216,7.9,99.9
RAN_KPI-CELL_LATENCY_HOURLY-02-06,CELL030101,CMU,KV3,active,2026-08-18-06,2026-08-18 06:00:00,15.94,index,valid,synthetic_ran_kpi,114,110,7.41,99.9
RAN_KPI-CELL_LATENCY_HOURLY-02-07,CELL030101,CMU,KV3,active,2026-08-18-07,2026-08-18 07:00:00,59.18,index,valid,synthetic_ran_kpi,280,277,7.35,99.9
RAN_KPI-CELL_LATENCY_HOURLY-02-08,CELL030101,CMU,KV3,active,2026-08-18-08,2026-08-18 08:00:00,80.06,index,valid,synthetic_ran_kpi,151,149,0.93,99.9
RAN_KPI-CELL_LATENCY_HOURLY-02-09,CELL030101,CMU,KV3,active,2026-08-18-09,2026-08-18 09:00:00,37.21,index,valid,synthetic_ran_kpi,210,207,4.21,99.9
RAN_KPI-CELL_LATENCY_HOURLY-02-10,CELL030101,CMU,KV3,active,2026-08-18-10,2026-08-18 10:00:00,67.2,index,valid,synthetic_ran_kpi,103,102,6.21,99.9
RAN_KPI-CELL_LATENCY_HOURLY-02-11,CELL030101,CMU,KV3,active,2026-08-18-11,2026-08-18 11:00:00,23.54,index,valid,synthetic_ran_kpi,134,126,1.88,99.9
RAN_KPI-CELL_LATENCY_HOURLY-02-12,CELL030101,CMU,KV3,active,2026-08-18-12,2026-08-18 12:00:00,48.04,index,valid,synthetic_ran_kpi,240,235,1.2,99.9
RAN_KPI-CELL_LATENCY_HOURLY-02-13,CELL030101,CMU,KV3,active,2026-08-18-13,2026-08-18 13:00:00,30.42,index,valid,synthetic_ran_kpi,257,252,3.71,99.9
RAN_KPI-CELL_LATENCY_HOURLY-02-14,CELL030101,CMU,KV3,active,2026-08-18-14,2026-08-18 14:00:00,63.01,index,valid,synthetic_ran_kpi,147,141,3.32,99.9
RAN_KPI-CELL_LATENCY_HOURLY-02-15,CELL030101,CMU,KV3,active,2026-08-18-15,2026-08-18 15:00:00,82.81,index,valid,synthetic_ran_kpi,254,248,2.3,99.9
RAN_KPI-CELL_LATENCY_HOURLY-02-16,CELL030101,CMU,KV3,active,2026-08-18-16,2026-08-18 16:00:00,49.95,index,valid,synthetic_ran_kpi,135,132,6.7,99.9
RAN_KPI-CELL_LATENCY_HOURLY-02-17,CELL030101,CMU,KV3,active,2026-08-18-17,2026-08-18 17:00:00,67.26,index,valid,synthetic_ran_kpi,230,223,2.99,99.9
RAN_KPI-CELL_LATENCY_HOURLY-02-18,CELL030101,CMU,KV3,active,2026-08-18-18,2026-08-18 18:00:00,67.55,index,valid,synthetic_ran_kpi,150,147,5.9,99.9
RAN_KPI-CELL_LATENCY_HOURLY-02-19,CELL030101,CMU,KV3,active,2026-08-18-19,2026-08-18 19:00:00,27.32,index,valid,synthetic_ran_kpi,199,196,5.99,99.9
RAN_KPI-CELL_LATENCY_HOURLY-02-20,CELL030101,CMU,KV3,active,2026-08-18-20,2026-08-18 20:00:00,44.73,index,valid,synthetic_ran_kpi,144,137,3.59,99.9
RAN_KPI-CELL_LATENCY_HOURLY-02-21,CELL030101,CMU,KV3,active,2026-08-18-21,2026-08-18 21:00:00,44.82,index,valid,synthetic_ran_kpi,147,145,6.11,99.9
RAN_KPI-CELL_LATENCY_HOURLY-02-22,CELL030101,CMU,KV3,active,2026-08-18-22,2026-08-18 22:00:00,33.65,index,valid,synthetic_ran_kpi,102,99,2.14,99.9
RAN_KPI-CELL_LATENCY_HOURLY-02-23,CELL030101,CMU,KV3,active,2026-08-18-23,2026-08-18 23:00:00,23.62,index,valid,synthetic_ran_kpi,127,122,2.86,99.9
RAN_KPI-CELL_LATENCY_HOURLY-02-24,CELL030101,CMU,KV3,active,2026-08-19-00,2026-08-19 00:00:00,35.3,index,valid,synthetic_ran_kpi,151,150,7.45,99.9
RAN_KPI-CELL_LATENCY_HOURLY-02-25,CELL030101,CMU,KV3,active,2026-08-19-01,2026-08-19 01:00:00,46.8,index,valid,synthetic_ran_kpi,206,201,1.78,99.9
RAN_KPI-CELL_LATENCY_HOURLY-02-26,CELL030101,CMU,KV3,active,2026-08-19-02,2026-08-19 02:00:00,83.76,index,valid,synthetic_ran_kpi,231,223,1.67,99.9
RAN_KPI-CELL_LATENCY_HOURLY-02-27,CELL030101,CMU,KV3,active,2026-08-19-03,2026-08-19 03:00:00,20.5,index,valid,synthetic_ran_kpi,270,262,4.89,99.9
RAN_KPI-CELL_LATENCY_HOURLY-02-28,CELL030101,CMU,KV3,active,2026-08-19-04,2026-08-19 04:00:00,75.45,index,valid,synthetic_ran_kpi,262,260,1.94,99.9
RAN_KPI-CELL_LATENCY_HOURLY-02-29,CELL030101,CMU,KV3,active,2026-08-19-05,2026-08-19 05:00:00,75.88,index,valid,synthetic_ran_kpi,101,94,0.84,99.9
RAN_KPI-CELL_LATENCY_HOURLY-02-30,CELL030101,CMU,KV3,active,2026-08-19-06,2026-08-19 06:00:00,16.9,index,valid,synthetic_ran_kpi,266,262,3.73,99.9
RAN_KPI-CELL_LATENCY_HOURLY-02-31,CELL030101,CMU,KV3,active,2026-08-19-07,2026-08-19 07:00:00,57.12,index,valid,synthetic_ran_kpi,82,78,5.9,99.9
RAN_KPI-CELL_LATENCY_HOURLY-02-32,CELL030101,CMU,KV3,active,2026-08-19-08,2026-08-19 08:00:00,76.32,index,valid,synthetic_ran_kpi,180,173,3.17,99.9
RAN_KPI-CELL_LATENCY_HOURLY-02-33,CELL030101,CMU,KV3,active,2026-08-19-09,2026-08-19 09:00:00,65.86,index,valid,synthetic_ran_kpi,230,222,1.46,99.9
RAN_KPI-CELL_LATENCY_HOURLY-02-34,CELL030101,CMU,KV3,active,2026-08-19-10,2026-08-19 10:00:00,30.56,index,valid,synthetic_ran_kpi,157,156,3.11,99.9
RAN_KPI-CELL_LATENCY_HOURLY-02-35,CELL030101,CMU,KV3,active,2026-08-19-11,2026-08-19 11:00:00,22.87,index,valid,synthetic_ran_kpi,153,149,3.76,99.9
RAN_KPI-CELL_LATENCY_HOURLY-02-36,CELL030101,CMU,KV3,active,2026-08-19-12,2026-08-19 12:00:00,70.81,index,valid,synthetic_ran_kpi,200,195,1.27,99.9
RAN_KPI-CELL_LATENCY_HOURLY-02-37,CELL030101,CMU,KV3,active,2026-08-19-13,2026-08-19 13:00:00,65.76,index,valid,synthetic_ran_kpi,108,107,5.12,99.9
RAN_KPI-CELL_LATENCY_HOURLY-02-38,CELL030101,CMU,KV3,active,2026-08-19-14,2026-08-19 14:00:00,57.67,index,valid,synthetic_ran_kpi,123,117,1.26,99.9
RAN_KPI-CELL_LATENCY_HOURLY-02-39,CELL030101,CMU,KV3,active,2026-08-19-15,2026-08-19 15:00:00,26.63,index,valid,synthetic_ran_kpi,273,269,4.83,99.9
RAN_KPI-CELL_LATENCY_HOURLY-02-40,CELL030101,CMU,KV3,active,2026-08-19-16,2026-08-19 16:00:00,71.95,index,valid,synthetic_ran_kpi,107,99,7.11,99.9
RAN_KPI-CELL_LATENCY_HOURLY-02-41,CELL030101,CMU,KV3,active,2026-08-19-17,2026-08-19 17:00:00,68.54,index,valid,synthetic_ran_kpi,240,233,3.99,99.9
RAN_KPI-CELL_LATENCY_HOURLY-02-42,CELL030101,CMU,KV3,active,2026-08-19-18,2026-08-19 18:00:00,75.1,index,valid,synthetic_ran_kpi,195,188,3.67,99.9
RAN_KPI-CELL_LATENCY_HOURLY-02-43,CELL030101,CMU,KV3,active,2026-08-19-19,2026-08-19 19:00:00,15.64,index,valid,synthetic_ran_kpi,233,228,5.3,99.9
RAN_KPI-CELL_LATENCY_HOURLY-02-44,CELL030101,CMU,KV3,active,2026-08-19-20,2026-08-19 20:00:00,41.73,index,valid,synthetic_ran_kpi,155,149,4.1,99.9
RAN_KPI-CELL_LATENCY_HOURLY-02-45,CELL030101,CMU,KV3,active,2026-08-19-21,2026-08-19 21:00:00,24.12,index,valid,synthetic_ran_kpi,151,146,3.81,99.9
RAN_KPI-CELL_LATENCY_HOURLY-02-46,CELL030101,CMU,KV3,active,2026-08-19-22,2026-08-19 22:00:00,38.93,index,valid,synthetic_ran_kpi,293,286,2.7,99.9
RAN_KPI-CELL_LATENCY_HOURLY-02-47,CELL030101,CMU,KV3,active,2026-08-19-23,2026-08-19 23:00:00,66.04,index,valid,synthetic_ran_kpi,282,274,6.34,99.9
RAN_KPI-CELL_LATENCY_HOURLY-02-48,CELL030101,CMU,KV3,active,2026-08-20-00,2026-08-20 00:00:00,71.56,index,valid,synthetic_ran_kpi,208,201,3.44,99.9
RAN_KPI-CELL_LATENCY_HOURLY-02-49,CELL030101,CMU,KV3,active,2026-08-20-01,2026-08-20 01:00:00,21.61,index,valid,synthetic_ran_kpi,82,80,3.4,99.9
RAN_KPI-CELL_LATENCY_HOURLY-02-50,CELL030101,CMU,KV3,active,2026-08-20-02,2026-08-20 02:00:00,51.58,index,valid,synthetic_ran_kpi,207,200,7.34,99.9
RAN_KPI-CELL_LATENCY_HOURLY-02-51,CELL030101,CMU,KV3,active,2026-08-20-03,2026-08-20 03:00:00,73.7,index,valid,synthetic_ran_kpi,252,245,1.68,99.9
RAN_KPI-CELL_LATENCY_HOURLY-02-52,CELL030101,CMU,KV3,active,2026-08-20-04,2026-08-20 04:00:00,45.64,index,valid,synthetic_ran_kpi,89,85,6.72,99.9
RAN_KPI-CELL_LATENCY_HOURLY-02-53,CELL030101,CMU,KV3,active,2026-08-20-05,2026-08-20 05:00:00,49.99,index,valid,synthetic_ran_kpi,112,104,1.4,99.9
RAN_KPI-CELL_LATENCY_HOURLY-02-54,CELL030101,CMU,KV3,active,2026-08-20-06,2026-08-20 06:00:00,74.64,index,valid,synthetic_ran_kpi,227,224,0.73,99.9
RAN_KPI-CELL_LATENCY_HOURLY-02-55,CELL030101,CMU,KV3,active,2026-08-20-07,2026-08-20 07:00:00,62.44,index,valid,synthetic_ran_kpi,216,208,0.92,99.9
RAN_KPI-CELL_LATENCY_HOURLY-02-56,CELL030101,CMU,KV3,active,2026-08-20-08,2026-08-20 08:00:00,68.67,index,valid,synthetic_ran_kpi,277,270,7.06,99.9
RAN_KPI-CELL_LATENCY_HOURLY-02-57,CELL030101,CMU,KV3,active,2026-08-20-09,2026-08-20 09:00:00,21.86,index,valid,synthetic_ran_kpi,175,174,6.74,99.9
RAN_KPI-CELL_LATENCY_HOURLY-02-58,CELL030101,CMU,KV3,active,2026-08-20-10,2026-08-20 10:00:00,77.58,index,valid,synthetic_ran_kpi,291,289,3.27,99.9
RAN_KPI-CELL_LATENCY_HOURLY-02-59,CELL030101,CMU,KV3,active,2026-08-20-11,2026-08-20 11:00:00,42.26,index,valid,synthetic_ran_kpi,198,196,5.23,99.9
RAN_KPI-CELL_LATENCY_HOURLY-02-60,CELL030101,CMU,KV3,active,2026-08-20-12,2026-08-20 12:00:00,26.57,index,valid,synthetic_ran_kpi,92,89,7.35,99.9
RAN_KPI-CELL_LATENCY_HOURLY-02-61,CELL030101,CMU,KV3,active,2026-08-20-13,2026-08-20 13:00:00,66.42,index,valid,synthetic_ran_kpi,161,153,3.69,99.9
RAN_KPI-CELL_LATENCY_HOURLY-02-62,CELL030101,CMU,KV3,active,2026-08-20-14,2026-08-20 14:00:00,59.5,index,valid,synthetic_ran_kpi,122,119,4.11,99.9
RAN_KPI-CELL_LATENCY_HOURLY-02-63,CELL030101,CMU,KV3,active,2026-08-20-15,2026-08-20 15:00:00,52.1,index,valid,synthetic_ran_kpi,287,282,0.82,99.9
RAN_KPI-CELL_LATENCY_HOURLY-02-64,CELL030101,CMU,KV3,active,2026-08-20-16,2026-08-20 16:00:00,73.51,index,valid,synthetic_ran_kpi,123,117,1.4,99.9
RAN_KPI-CELL_LATENCY_HOURLY-02-65,CELL030101,CMU,KV3,active,2026-08-20-17,2026-08-20 17:00:00,17.13,index,valid,synthetic_ran_kpi,188,183,7.8,99.9
RAN_KPI-CELL_LATENCY_HOURLY-02-66,CELL030101,CMU,KV3,active,2026-08-20-18,2026-08-20 18:00:00,28.96,index,valid,synthetic_ran_kpi,152,151,4.58,99.9
RAN_KPI-CELL_LATENCY_HOURLY-02-67,CELL030101,CMU,KV3,active,2026-08-20-19,2026-08-20 19:00:00,35.03,index,valid,synthetic_ran_kpi,282,279,6.66,99.9
RAN_KPI-CELL_LATENCY_HOURLY-02-68,CELL030101,CMU,KV3,active,2026-08-20-20,2026-08-20 20:00:00,80.65,index,valid,synthetic_ran_kpi,240,236,4.23,99.9
RAN_KPI-CELL_LATENCY_HOURLY-02-69,CELL030101,CMU,KV3,active,2026-08-20-21,2026-08-20 21:00:00,61.02,index,valid,synthetic_ran_kpi,181,177,5.51,99.9
RAN_KPI-CELL_LATENCY_HOURLY-02-70,CELL030101,CMU,KV3,active,2026-08-20-22,2026-08-20 22:00:00,29.6,index,valid,synthetic_ran_kpi,161,157,6.79,99.9
RAN_KPI-CELL_LATENCY_HOURLY-02-71,CELL030101,CMU,KV3,active,2026-08-20-23,2026-08-20 23:00:00,66.75,index,valid,synthetic_ran_kpi,278,271,7.92,99.9
RAN_KPI-CELL_LATENCY_HOURLY-03-00,CELL040201,NBH,KV1,active,2026-08-18-00,2026-08-18 00:00:00,18.98,index,valid,synthetic_ran_kpi,125,119,4.64,99.9
RAN_KPI-CELL_LATENCY_HOURLY-03-01,CELL040201,NBH,KV1,active,2026-08-18-01,2026-08-18 01:00:00,76.08,index,valid,synthetic_ran_kpi,97,90,4.97,99.9
RAN_KPI-CELL_LATENCY_HOURLY-03-02,CELL040201,NBH,KV1,active,2026-08-18-02,2026-08-18 02:00:00,41.76,index,valid,synthetic_ran_kpi,165,157,6.8,99.9
RAN_KPI-CELL_LATENCY_HOURLY-03-03,CELL040201,NBH,KV1,active,2026-08-18-03,2026-08-18 03:00:00,21.35,index,valid,synthetic_ran_kpi,167,166,6.19,99.9
RAN_KPI-CELL_LATENCY_HOURLY-03-04,CELL040201,NBH,KV1,active,2026-08-18-04,2026-08-18 04:00:00,42.04,index,valid,synthetic_ran_kpi,228,220,6.3,99.9
RAN_KPI-CELL_LATENCY_HOURLY-03-05,CELL040201,NBH,KV1,active,2026-08-18-05,2026-08-18 05:00:00,80.38,index,valid,synthetic_ran_kpi,193,191,6.55,99.9
RAN_KPI-CELL_LATENCY_HOURLY-03-06,CELL040201,NBH,KV1,active,2026-08-18-06,2026-08-18 06:00:00,60.94,index,valid,synthetic_ran_kpi,162,156,3.33,99.9
RAN_KPI-CELL_LATENCY_HOURLY-03-07,CELL040201,NBH,KV1,active,2026-08-18-07,2026-08-18 07:00:00,56.79,index,valid,synthetic_ran_kpi,175,168,5.48,99.9
RAN_KPI-CELL_LATENCY_HOURLY-03-08,CELL040201,NBH,KV1,active,2026-08-18-08,2026-08-18 08:00:00,20.39,index,valid,synthetic_ran_kpi,127,121,1.41,99.9
RAN_KPI-CELL_LATENCY_HOURLY-03-09,CELL040201,NBH,KV1,active,2026-08-18-09,2026-08-18 09:00:00,37.63,index,valid,synthetic_ran_kpi,110,109,6.26,99.9
RAN_KPI-CELL_LATENCY_HOURLY-03-10,CELL040201,NBH,KV1,active,2026-08-18-10,2026-08-18 10:00:00,52.11,index,valid,synthetic_ran_kpi,85,79,6.59,99.9
RAN_KPI-CELL_LATENCY_HOURLY-03-11,CELL040201,NBH,KV1,active,2026-08-18-11,2026-08-18 11:00:00,43.22,index,valid,synthetic_ran_kpi,189,185,3.54,99.9
RAN_KPI-CELL_LATENCY_HOURLY-03-12,CELL040201,NBH,KV1,active,2026-08-18-12,2026-08-18 12:00:00,15.17,index,valid,synthetic_ran_kpi,167,163,1.22,99.9
RAN_KPI-CELL_LATENCY_HOURLY-03-13,CELL040201,NBH,KV1,active,2026-08-18-13,2026-08-18 13:00:00,64.22,index,valid,synthetic_ran_kpi,185,177,7.09,99.9
RAN_KPI-CELL_LATENCY_HOURLY-03-14,CELL040201,NBH,KV1,active,2026-08-18-14,2026-08-18 14:00:00,17.4,index,valid,synthetic_ran_kpi,174,173,5.85,99.9
RAN_KPI-CELL_LATENCY_HOURLY-03-15,CELL040201,NBH,KV1,active,2026-08-18-15,2026-08-18 15:00:00,70.96,index,valid,synthetic_ran_kpi,244,241,4.69,99.9
RAN_KPI-CELL_LATENCY_HOURLY-03-16,CELL040201,NBH,KV1,active,2026-08-18-16,2026-08-18 16:00:00,75.52,index,valid,synthetic_ran_kpi,268,267,7.56,99.9
RAN_KPI-CELL_LATENCY_HOURLY-03-17,CELL040201,NBH,KV1,active,2026-08-18-17,2026-08-18 17:00:00,84.98,index,valid,synthetic_ran_kpi,298,291,6.61,99.9
RAN_KPI-CELL_LATENCY_HOURLY-03-18,CELL040201,NBH,KV1,active,2026-08-18-18,2026-08-18 18:00:00,76.82,index,valid,synthetic_ran_kpi,106,103,1.96,99.9
RAN_KPI-CELL_LATENCY_HOURLY-03-19,CELL040201,NBH,KV1,active,2026-08-18-19,2026-08-18 19:00:00,73.51,index,valid,synthetic_ran_kpi,238,230,6.07,99.9
RAN_KPI-CELL_LATENCY_HOURLY-03-20,CELL040201,NBH,KV1,active,2026-08-18-20,2026-08-18 20:00:00,70.85,index,valid,synthetic_ran_kpi,173,165,3.81,99.9
RAN_KPI-CELL_LATENCY_HOURLY-03-21,CELL040201,NBH,KV1,active,2026-08-18-21,2026-08-18 21:00:00,24.51,index,valid,synthetic_ran_kpi,269,265,5.55,99.9
RAN_KPI-CELL_LATENCY_HOURLY-03-22,CELL040201,NBH,KV1,active,2026-08-18-22,2026-08-18 22:00:00,38.24,index,valid,synthetic_ran_kpi,191,187,3.78,99.9
RAN_KPI-CELL_LATENCY_HOURLY-03-23,CELL040201,NBH,KV1,active,2026-08-18-23,2026-08-18 23:00:00,78.15,index,valid,synthetic_ran_kpi,231,230,4.35,99.9
RAN_KPI-CELL_LATENCY_HOURLY-03-24,CELL040201,NBH,KV1,active,2026-08-19-00,2026-08-19 00:00:00,18.53,index,valid,synthetic_ran_kpi,258,257,3.69,99.9
RAN_KPI-CELL_LATENCY_HOURLY-03-25,CELL040201,NBH,KV1,active,2026-08-19-01,2026-08-19 01:00:00,58.38,index,valid,synthetic_ran_kpi,237,236,1.65,99.9
RAN_KPI-CELL_LATENCY_HOURLY-03-26,CELL040201,NBH,KV1,active,2026-08-19-02,2026-08-19 02:00:00,77.32,index,valid,synthetic_ran_kpi,238,237,2.56,99.9
RAN_KPI-CELL_LATENCY_HOURLY-03-27,CELL040201,NBH,KV1,active,2026-08-19-03,2026-08-19 03:00:00,43.13,index,valid,synthetic_ran_kpi,242,235,7.24,99.9
RAN_KPI-CELL_LATENCY_HOURLY-03-28,CELL040201,NBH,KV1,active,2026-08-19-04,2026-08-19 04:00:00,27.44,index,valid,synthetic_ran_kpi,111,106,1.54,99.9
RAN_KPI-CELL_LATENCY_HOURLY-03-29,CELL040201,NBH,KV1,active,2026-08-19-05,2026-08-19 05:00:00,77.03,index,valid,synthetic_ran_kpi,259,256,1.08,99.9
RAN_KPI-CELL_LATENCY_HOURLY-03-30,CELL040201,NBH,KV1,active,2026-08-19-06,2026-08-19 06:00:00,79.53,index,valid,synthetic_ran_kpi,255,248,7.09,99.9
RAN_KPI-CELL_LATENCY_HOURLY-03-31,CELL040201,NBH,KV1,active,2026-08-19-07,2026-08-19 07:00:00,56.31,index,valid,synthetic_ran_kpi,180,172,0.74,99.9
RAN_KPI-CELL_LATENCY_HOURLY-03-32,CELL040201,NBH,KV1,active,2026-08-19-08,2026-08-19 08:00:00,19.34,index,valid,synthetic_ran_kpi,111,108,1.64,99.9
RAN_KPI-CELL_LATENCY_HOURLY-03-33,CELL040201,NBH,KV1,active,2026-08-19-09,2026-08-19 09:00:00,35.5,index,valid,synthetic_ran_kpi,85,82,5.18,99.9
RAN_KPI-CELL_LATENCY_HOURLY-03-34,CELL040201,NBH,KV1,active,2026-08-19-10,2026-08-19 10:00:00,61.01,index,valid,synthetic_ran_kpi,273,270,7.26,99.9
RAN_KPI-CELL_LATENCY_HOURLY-03-35,CELL040201,NBH,KV1,active,2026-08-19-11,2026-08-19 11:00:00,67.71,index,valid,synthetic_ran_kpi,115,107,1.47,99.9
RAN_KPI-CELL_LATENCY_HOURLY-03-36,CELL040201,NBH,KV1,active,2026-08-19-12,2026-08-19 12:00:00,37.8,index,valid,synthetic_ran_kpi,153,148,4.07,99.9
RAN_KPI-CELL_LATENCY_HOURLY-03-37,CELL040201,NBH,KV1,active,2026-08-19-13,2026-08-19 13:00:00,23.5,index,valid,synthetic_ran_kpi,188,184,0.88,99.9
RAN_KPI-CELL_LATENCY_HOURLY-03-38,CELL040201,NBH,KV1,active,2026-08-19-14,2026-08-19 14:00:00,48.47,index,valid,synthetic_ran_kpi,89,86,0.85,99.9
RAN_KPI-CELL_LATENCY_HOURLY-03-39,CELL040201,NBH,KV1,active,2026-08-19-15,2026-08-19 15:00:00,25.32,index,valid,synthetic_ran_kpi,255,248,5.78,99.9
RAN_KPI-CELL_LATENCY_HOURLY-03-40,CELL040201,NBH,KV1,active,2026-08-19-16,2026-08-19 16:00:00,20.99,index,valid,synthetic_ran_kpi,263,259,6.36,99.9
RAN_KPI-CELL_LATENCY_HOURLY-03-41,CELL040201,NBH,KV1,active,2026-08-19-17,2026-08-19 17:00:00,77.05,index,valid,synthetic_ran_kpi,192,189,5.63,99.9
RAN_KPI-CELL_LATENCY_HOURLY-03-42,CELL040201,NBH,KV1,active,2026-08-19-18,2026-08-19 18:00:00,37.92,index,valid,synthetic_ran_kpi,297,295,6.07,99.9
RAN_KPI-CELL_LATENCY_HOURLY-03-43,CELL040201,NBH,KV1,active,2026-08-19-19,2026-08-19 19:00:00,67.05,index,valid,synthetic_ran_kpi,152,148,7.56,99.9
RAN_KPI-CELL_LATENCY_HOURLY-03-44,CELL040201,NBH,KV1,active,2026-08-19-20,2026-08-19 20:00:00,61.52,index,valid,synthetic_ran_kpi,282,275,4.32,99.9
RAN_KPI-CELL_LATENCY_HOURLY-03-45,CELL040201,NBH,KV1,active,2026-08-19-21,2026-08-19 21:00:00,39.11,index,valid,synthetic_ran_kpi,291,287,1.66,99.9
RAN_KPI-CELL_LATENCY_HOURLY-03-46,CELL040201,NBH,KV1,active,2026-08-19-22,2026-08-19 22:00:00,40.96,index,valid,synthetic_ran_kpi,289,288,1.4,99.9
RAN_KPI-CELL_LATENCY_HOURLY-03-47,CELL040201,NBH,KV1,active,2026-08-19-23,2026-08-19 23:00:00,17.1,index,valid,synthetic_ran_kpi,112,105,5.09,99.9
RAN_KPI-CELL_LATENCY_HOURLY-03-48,CELL040201,NBH,KV1,active,2026-08-20-00,2026-08-20 00:00:00,73.66,index,valid,synthetic_ran_kpi,107,105,1.9,99.9
RAN_KPI-CELL_LATENCY_HOURLY-03-49,CELL040201,NBH,KV1,active,2026-08-20-01,2026-08-20 01:00:00,52.46,index,valid,synthetic_ran_kpi,92,88,4.61,99.9
RAN_KPI-CELL_LATENCY_HOURLY-03-50,CELL040201,NBH,KV1,active,2026-08-20-02,2026-08-20 02:00:00,44.8,index,valid,synthetic_ran_kpi,197,190,2.89,99.9
RAN_KPI-CELL_LATENCY_HOURLY-03-51,CELL040201,NBH,KV1,active,2026-08-20-03,2026-08-20 03:00:00,81.7,index,valid,synthetic_ran_kpi,130,122,2.15,99.9
RAN_KPI-CELL_LATENCY_HOURLY-03-52,CELL040201,NBH,KV1,active,2026-08-20-04,2026-08-20 04:00:00,45.14,index,valid,synthetic_ran_kpi,231,225,5.51,99.9
RAN_KPI-CELL_LATENCY_HOURLY-03-53,CELL040201,NBH,KV1,active,2026-08-20-05,2026-08-20 05:00:00,38.12,index,valid,synthetic_ran_kpi,98,97,7.09,99.9
RAN_KPI-CELL_LATENCY_HOURLY-03-54,CELL040201,NBH,KV1,active,2026-08-20-06,2026-08-20 06:00:00,15.11,index,valid,synthetic_ran_kpi,201,195,1.69,99.9
RAN_KPI-CELL_LATENCY_HOURLY-03-55,CELL040201,NBH,KV1,active,2026-08-20-07,2026-08-20 07:00:00,75.45,index,valid,synthetic_ran_kpi,111,105,6.19,99.9
RAN_KPI-CELL_LATENCY_HOURLY-03-56,CELL040201,NBH,KV1,active,2026-08-20-08,2026-08-20 08:00:00,60.51,index,valid,synthetic_ran_kpi,191,183,6.09,99.9
RAN_KPI-CELL_LATENCY_HOURLY-03-57,CELL040201,NBH,KV1,active,2026-08-20-09,2026-08-20 09:00:00,15.53,index,valid,synthetic_ran_kpi,232,225,7.01,99.9
RAN_KPI-CELL_LATENCY_HOURLY-03-58,CELL040201,NBH,KV1,active,2026-08-20-10,2026-08-20 10:00:00,31.65,index,valid,synthetic_ran_kpi,116,114,4.86,99.9
RAN_KPI-CELL_LATENCY_HOURLY-03-59,CELL040201,NBH,KV1,active,2026-08-20-11,2026-08-20 11:00:00,77.92,index,valid,synthetic_ran_kpi,132,124,4.55,99.9
RAN_KPI-CELL_LATENCY_HOURLY-03-60,CELL040201,NBH,KV1,active,2026-08-20-12,2026-08-20 12:00:00,17.99,index,valid,synthetic_ran_kpi,154,149,4.66,99.9
RAN_KPI-CELL_LATENCY_HOURLY-03-61,CELL040201,NBH,KV1,active,2026-08-20-13,2026-08-20 13:00:00,23.37,index,valid,synthetic_ran_kpi,193,190,3.11,99.9
RAN_KPI-CELL_LATENCY_HOURLY-03-62,CELL040201,NBH,KV1,active,2026-08-20-14,2026-08-20 14:00:00,66.33,index,valid,synthetic_ran_kpi,114,106,2.37,99.9
RAN_KPI-CELL_LATENCY_HOURLY-03-63,CELL040201,NBH,KV1,active,2026-08-20-15,2026-08-20 15:00:00,30.43,index,valid,synthetic_ran_kpi,107,105,2.0,99.9
RAN_KPI-CELL_LATENCY_HOURLY-03-64,CELL040201,NBH,KV1,active,2026-08-20-16,2026-08-20 16:00:00,19.59,index,valid,synthetic_ran_kpi,222,217,5.34,99.9
RAN_KPI-CELL_LATENCY_HOURLY-03-65,CELL040201,NBH,KV1,active,2026-08-20-17,2026-08-20 17:00:00,55.3,index,valid,synthetic_ran_kpi,259,253,4.06,99.9
RAN_KPI-CELL_LATENCY_HOURLY-03-66,CELL040201,NBH,KV1,active,2026-08-20-18,2026-08-20 18:00:00,20.18,index,valid,synthetic_ran_kpi,147,143,4.21,99.9
RAN_KPI-CELL_LATENCY_HOURLY-03-67,CELL040201,NBH,KV1,active,2026-08-20-19,2026-08-20 19:00:00,62.06,index,valid,synthetic_ran_kpi,119,117,2.15,99.9
RAN_KPI-CELL_LATENCY_HOURLY-03-68,CELL040201,NBH,KV1,active,2026-08-20-20,2026-08-20 20:00:00,38.63,index,valid,synthetic_ran_kpi,196,191,1.56,99.9
RAN_KPI-CELL_LATENCY_HOURLY-03-69,CELL040201,NBH,KV1,active,2026-08-20-21,2026-08-20 21:00:00,41.89,index,valid,synthetic_ran_kpi,117,111,4.04,99.9
RAN_KPI-CELL_LATENCY_HOURLY-03-70,CELL040201,NBH,KV1,active,2026-08-20-22,2026-08-20 22:00:00,26.18,index,valid,synthetic_ran_kpi,270,265,6.75,99.9
RAN_KPI-CELL_LATENCY_HOURLY-03-71,CELL040201,NBH,KV1,active,2026-08-20-23,2026-08-20 23:00:00,56.95,index,valid,synthetic_ran_kpi,200,194,4.5,99.9
RAN_KPI-CELL_LATENCY_HOURLY-04-00,CELL050101,HCM,KV3,active,2026-08-18-00,2026-08-18 00:00:00,44.43,index,valid,synthetic_ran_kpi,108,102,6.99,99.9
RAN_KPI-CELL_LATENCY_HOURLY-04-01,CELL050101,HCM,KV3,active,2026-08-18-01,2026-08-18 01:00:00,40.52,index,valid,synthetic_ran_kpi,231,226,6.59,99.9
RAN_KPI-CELL_LATENCY_HOURLY-04-02,CELL050101,HCM,KV3,active,2026-08-18-02,2026-08-18 02:00:00,32.12,index,valid,synthetic_ran_kpi,111,105,7.38,99.9
RAN_KPI-CELL_LATENCY_HOURLY-04-03,CELL050101,HCM,KV3,active,2026-08-18-03,2026-08-18 03:00:00,28.91,index,valid,synthetic_ran_kpi,164,157,1.92,99.9
RAN_KPI-CELL_LATENCY_HOURLY-04-04,CELL050101,HCM,KV3,active,2026-08-18-04,2026-08-18 04:00:00,16.19,index,valid,synthetic_ran_kpi,159,152,3.41,99.9
RAN_KPI-CELL_LATENCY_HOURLY-04-05,CELL050101,HCM,KV3,active,2026-08-18-05,2026-08-18 05:00:00,53.1,index,valid,synthetic_ran_kpi,94,92,0.71,99.9
RAN_KPI-CELL_LATENCY_HOURLY-04-06,CELL050101,HCM,KV3,active,2026-08-18-06,2026-08-18 06:00:00,28.75,index,valid,synthetic_ran_kpi,260,252,7.0,99.9
RAN_KPI-CELL_LATENCY_HOURLY-04-07,CELL050101,HCM,KV3,active,2026-08-18-07,2026-08-18 07:00:00,30.88,index,valid,synthetic_ran_kpi,81,76,6.77,99.9
RAN_KPI-CELL_LATENCY_HOURLY-04-08,CELL050101,HCM,KV3,active,2026-08-18-08,2026-08-18 08:00:00,56.33,index,valid,synthetic_ran_kpi,277,273,2.91,99.9
RAN_KPI-CELL_LATENCY_HOURLY-04-09,CELL050101,HCM,KV3,active,2026-08-18-09,2026-08-18 09:00:00,29.62,index,valid,synthetic_ran_kpi,151,145,3.65,99.9
RAN_KPI-CELL_LATENCY_HOURLY-04-10,CELL050101,HCM,KV3,active,2026-08-18-10,2026-08-18 10:00:00,23.48,index,valid,synthetic_ran_kpi,229,226,5.92,99.9
RAN_KPI-CELL_LATENCY_HOURLY-04-11,CELL050101,HCM,KV3,active,2026-08-18-11,2026-08-18 11:00:00,68.58,index,valid,synthetic_ran_kpi,144,136,5.11,99.9
RAN_KPI-CELL_LATENCY_HOURLY-04-12,CELL050101,HCM,KV3,active,2026-08-18-12,2026-08-18 12:00:00,64.63,index,valid,synthetic_ran_kpi,208,202,7.84,99.9
RAN_KPI-CELL_LATENCY_HOURLY-04-13,CELL050101,HCM,KV3,active,2026-08-18-13,2026-08-18 13:00:00,70.82,index,valid,synthetic_ran_kpi,292,287,6.03,99.9
RAN_KPI-CELL_LATENCY_HOURLY-04-14,CELL050101,HCM,KV3,active,2026-08-18-14,2026-08-18 14:00:00,47.98,index,valid,synthetic_ran_kpi,285,284,7.19,99.9
RAN_KPI-CELL_LATENCY_HOURLY-04-15,CELL050101,HCM,KV3,active,2026-08-18-15,2026-08-18 15:00:00,38.41,index,valid,synthetic_ran_kpi,277,276,6.09,99.9
RAN_KPI-CELL_LATENCY_HOURLY-04-16,CELL050101,HCM,KV3,active,2026-08-18-16,2026-08-18 16:00:00,61.5,index,valid,synthetic_ran_kpi,171,164,5.62,99.9
RAN_KPI-CELL_LATENCY_HOURLY-04-17,CELL050101,HCM,KV3,active,2026-08-18-17,2026-08-18 17:00:00,25.57,index,valid,synthetic_ran_kpi,204,202,1.14,99.9
RAN_KPI-CELL_LATENCY_HOURLY-04-18,CELL050101,HCM,KV3,active,2026-08-18-18,2026-08-18 18:00:00,58.56,index,valid,synthetic_ran_kpi,139,131,4.12,99.9
RAN_KPI-CELL_LATENCY_HOURLY-04-19,CELL050101,HCM,KV3,active,2026-08-18-19,2026-08-18 19:00:00,83.5,index,valid,synthetic_ran_kpi,133,130,3.71,99.9
RAN_KPI-CELL_LATENCY_HOURLY-04-20,CELL050101,HCM,KV3,active,2026-08-18-20,2026-08-18 20:00:00,37.55,index,valid,synthetic_ran_kpi,231,227,2.55,99.9
RAN_KPI-CELL_LATENCY_HOURLY-04-21,CELL050101,HCM,KV3,active,2026-08-18-21,2026-08-18 21:00:00,75.53,index,valid,synthetic_ran_kpi,234,232,5.45,99.9
RAN_KPI-CELL_LATENCY_HOURLY-04-22,CELL050101,HCM,KV3,active,2026-08-18-22,2026-08-18 22:00:00,79.37,index,valid,synthetic_ran_kpi,253,250,4.02,99.9
RAN_KPI-CELL_LATENCY_HOURLY-04-23,CELL050101,HCM,KV3,active,2026-08-18-23,2026-08-18 23:00:00,37.92,index,valid,synthetic_ran_kpi,265,258,4.98,99.9
RAN_KPI-CELL_LATENCY_HOURLY-04-24,CELL050101,HCM,KV3,active,2026-08-19-00,2026-08-19 00:00:00,34.87,index,valid,synthetic_ran_kpi,252,247,4.05,99.9
RAN_KPI-CELL_LATENCY_HOURLY-04-25,CELL050101,HCM,KV3,active,2026-08-19-01,2026-08-19 01:00:00,26.44,index,valid,synthetic_ran_kpi,192,188,2.09,99.9
RAN_KPI-CELL_LATENCY_HOURLY-04-26,CELL050101,HCM,KV3,active,2026-08-19-02,2026-08-19 02:00:00,22.68,index,valid,synthetic_ran_kpi,118,117,4.44,99.9
RAN_KPI-CELL_LATENCY_HOURLY-04-27,CELL050101,HCM,KV3,active,2026-08-19-03,2026-08-19 03:00:00,59.11,index,valid,synthetic_ran_kpi,239,233,2.69,99.9
RAN_KPI-CELL_LATENCY_HOURLY-04-28,CELL050101,HCM,KV3,active,2026-08-19-04,2026-08-19 04:00:00,35.65,index,valid,synthetic_ran_kpi,129,121,5.89,99.9
RAN_KPI-CELL_LATENCY_HOURLY-04-29,CELL050101,HCM,KV3,active,2026-08-19-05,2026-08-19 05:00:00,75.17,index,valid,synthetic_ran_kpi,179,175,0.92,99.9
RAN_KPI-CELL_LATENCY_HOURLY-04-30,CELL050101,HCM,KV3,active,2026-08-19-06,2026-08-19 06:00:00,73.38,index,valid,synthetic_ran_kpi,167,165,3.79,99.9
RAN_KPI-CELL_LATENCY_HOURLY-04-31,CELL050101,HCM,KV3,active,2026-08-19-07,2026-08-19 07:00:00,43.95,index,valid,synthetic_ran_kpi,175,167,4.8,99.9
RAN_KPI-CELL_LATENCY_HOURLY-04-32,CELL050101,HCM,KV3,active,2026-08-19-08,2026-08-19 08:00:00,49.11,index,valid,synthetic_ran_kpi,135,131,5.39,99.9
RAN_KPI-CELL_LATENCY_HOURLY-04-33,CELL050101,HCM,KV3,active,2026-08-19-09,2026-08-19 09:00:00,70.27,index,valid,synthetic_ran_kpi,189,188,4.05,99.9
RAN_KPI-CELL_LATENCY_HOURLY-04-34,CELL050101,HCM,KV3,active,2026-08-19-10,2026-08-19 10:00:00,21.78,index,valid,synthetic_ran_kpi,271,264,3.44,99.9
RAN_KPI-CELL_LATENCY_HOURLY-04-35,CELL050101,HCM,KV3,active,2026-08-19-11,2026-08-19 11:00:00,58.03,index,valid,synthetic_ran_kpi,123,118,5.0,99.9
RAN_KPI-CELL_LATENCY_HOURLY-04-36,CELL050101,HCM,KV3,active,2026-08-19-12,2026-08-19 12:00:00,41.03,index,valid,synthetic_ran_kpi,137,131,1.85,99.9
RAN_KPI-CELL_LATENCY_HOURLY-04-37,CELL050101,HCM,KV3,active,2026-08-19-13,2026-08-19 13:00:00,83.78,index,valid,synthetic_ran_kpi,165,164,3.46,99.9
RAN_KPI-CELL_LATENCY_HOURLY-04-38,CELL050101,HCM,KV3,active,2026-08-19-14,2026-08-19 14:00:00,69.23,index,valid,synthetic_ran_kpi,282,275,6.95,99.9
RAN_KPI-CELL_LATENCY_HOURLY-04-39,CELL050101,HCM,KV3,active,2026-08-19-15,2026-08-19 15:00:00,79.29,index,valid,synthetic_ran_kpi,89,86,2.98,99.9
RAN_KPI-CELL_LATENCY_HOURLY-04-40,CELL050101,HCM,KV3,active,2026-08-19-16,2026-08-19 16:00:00,82.44,index,valid,synthetic_ran_kpi,266,262,1.9,99.9
RAN_KPI-CELL_LATENCY_HOURLY-04-41,CELL050101,HCM,KV3,active,2026-08-19-17,2026-08-19 17:00:00,51.58,index,valid,synthetic_ran_kpi,276,269,7.92,99.9
RAN_KPI-CELL_LATENCY_HOURLY-04-42,CELL050101,HCM,KV3,active,2026-08-19-18,2026-08-19 18:00:00,38.39,index,valid,synthetic_ran_kpi,278,274,7.82,99.9
RAN_KPI-CELL_LATENCY_HOURLY-04-43,CELL050101,HCM,KV3,active,2026-08-19-19,2026-08-19 19:00:00,37.16,index,valid,synthetic_ran_kpi,104,102,1.95,99.9
RAN_KPI-CELL_LATENCY_HOURLY-04-44,CELL050101,HCM,KV3,active,2026-08-19-20,2026-08-19 20:00:00,83.7,index,valid,synthetic_ran_kpi,292,290,6.77,99.9
RAN_KPI-CELL_LATENCY_HOURLY-04-45,CELL050101,HCM,KV3,active,2026-08-19-21,2026-08-19 21:00:00,55.52,index,valid,synthetic_ran_kpi,261,253,6.16,99.9
RAN_KPI-CELL_LATENCY_HOURLY-04-46,CELL050101,HCM,KV3,active,2026-08-19-22,2026-08-19 22:00:00,33.2,index,valid,synthetic_ran_kpi,230,226,2.67,99.9
RAN_KPI-CELL_LATENCY_HOURLY-04-47,CELL050101,HCM,KV3,active,2026-08-19-23,2026-08-19 23:00:00,19.99,index,valid,synthetic_ran_kpi,196,188,6.6,99.9
RAN_KPI-CELL_LATENCY_HOURLY-04-48,CELL050101,HCM,KV3,active,2026-08-20-00,2026-08-20 00:00:00,38.77,index,valid,synthetic_ran_kpi,264,256,4.78,99.9
RAN_KPI-CELL_LATENCY_HOURLY-04-49,CELL050101,HCM,KV3,active,2026-08-20-01,2026-08-20 01:00:00,37.51,index,valid,synthetic_ran_kpi,111,108,5.83,99.9
RAN_KPI-CELL_LATENCY_HOURLY-04-50,CELL050101,HCM,KV3,active,2026-08-20-02,2026-08-20 02:00:00,40.32,index,valid,synthetic_ran_kpi,289,282,3.63,99.9
RAN_KPI-CELL_LATENCY_HOURLY-04-51,CELL050101,HCM,KV3,active,2026-08-20-03,2026-08-20 03:00:00,77.62,index,valid,synthetic_ran_kpi,261,257,2.28,99.9
RAN_KPI-CELL_LATENCY_HOURLY-04-52,CELL050101,HCM,KV3,active,2026-08-20-04,2026-08-20 04:00:00,64.34,index,valid,synthetic_ran_kpi,207,202,3.19,99.9
RAN_KPI-CELL_LATENCY_HOURLY-04-53,CELL050101,HCM,KV3,active,2026-08-20-05,2026-08-20 05:00:00,25.71,index,valid,synthetic_ran_kpi,123,115,3.37,99.9
RAN_KPI-CELL_LATENCY_HOURLY-04-54,CELL050101,HCM,KV3,active,2026-08-20-06,2026-08-20 06:00:00,50.71,index,valid,synthetic_ran_kpi,172,165,0.61,99.9
RAN_KPI-CELL_LATENCY_HOURLY-04-55,CELL050101,HCM,KV3,active,2026-08-20-07,2026-08-20 07:00:00,30.61,index,valid,synthetic_ran_kpi,167,166,5.57,99.9
RAN_KPI-CELL_LATENCY_HOURLY-04-56,CELL050101,HCM,KV3,active,2026-08-20-08,2026-08-20 08:00:00,16.16,index,valid,synthetic_ran_kpi,198,196,2.6,99.9
RAN_KPI-CELL_LATENCY_HOURLY-04-57,CELL050101,HCM,KV3,active,2026-08-20-09,2026-08-20 09:00:00,34.4,index,valid,synthetic_ran_kpi,274,273,1.84,99.9
RAN_KPI-CELL_LATENCY_HOURLY-04-58,CELL050101,HCM,KV3,active,2026-08-20-10,2026-08-20 10:00:00,34.51,index,valid,synthetic_ran_kpi,129,125,4.08,99.9
RAN_KPI-CELL_LATENCY_HOURLY-04-59,CELL050101,HCM,KV3,active,2026-08-20-11,2026-08-20 11:00:00,25.36,index,valid,synthetic_ran_kpi,189,188,5.54,99.9
RAN_KPI-CELL_LATENCY_HOURLY-04-60,CELL050101,HCM,KV3,active,2026-08-20-12,2026-08-20 12:00:00,20.62,index,valid,synthetic_ran_kpi,83,78,4.95,99.9
RAN_KPI-CELL_LATENCY_HOURLY-04-61,CELL050101,HCM,KV3,active,2026-08-20-13,2026-08-20 13:00:00,84.88,index,valid,synthetic_ran_kpi,81,77,1.46,99.9
RAN_KPI-CELL_LATENCY_HOURLY-04-62,CELL050101,HCM,KV3,active,2026-08-20-14,2026-08-20 14:00:00,44.47,index,valid,synthetic_ran_kpi,176,175,2.35,99.9
RAN_KPI-CELL_LATENCY_HOURLY-04-63,CELL050101,HCM,KV3,active,2026-08-20-15,2026-08-20 15:00:00,22.53,index,valid,synthetic_ran_kpi,132,129,6.14,99.9
RAN_KPI-CELL_LATENCY_HOURLY-04-64,CELL050101,HCM,KV3,active,2026-08-20-16,2026-08-20 16:00:00,17.56,index,valid,synthetic_ran_kpi,260,254,0.74,99.9
RAN_KPI-CELL_LATENCY_HOURLY-04-65,CELL050101,HCM,KV3,active,2026-08-20-17,2026-08-20 17:00:00,27.06,index,valid,synthetic_ran_kpi,164,156,6.88,99.9
RAN_KPI-CELL_LATENCY_HOURLY-04-66,CELL050101,HCM,KV3,active,2026-08-20-18,2026-08-20 18:00:00,46.66,index,valid,synthetic_ran_kpi,196,194,4.41,99.9
RAN_KPI-CELL_LATENCY_HOURLY-04-67,CELL050101,HCM,KV3,active,2026-08-20-19,2026-08-20 19:00:00,71.68,index,valid,synthetic_ran_kpi,262,258,7.2,99.9
RAN_KPI-CELL_LATENCY_HOURLY-04-68,CELL050101,HCM,KV3,active,2026-08-20-20,2026-08-20 20:00:00,68.75,index,valid,synthetic_ran_kpi,177,171,6.65,99.9
RAN_KPI-CELL_LATENCY_HOURLY-04-69,CELL050101,HCM,KV3,active,2026-08-20-21,2026-08-20 21:00:00,56.83,index,valid,synthetic_ran_kpi,103,99,6.9,99.9
RAN_KPI-CELL_LATENCY_HOURLY-04-70,CELL050101,HCM,KV3,active,2026-08-20-22,2026-08-20 22:00:00,51.09,index,valid,synthetic_ran_kpi,198,191,2.9,99.9
RAN_KPI-CELL_LATENCY_HOURLY-04-71,CELL050101,HCM,KV3,active,2026-08-20-23,2026-08-20 23:00:00,46.07,index,valid,synthetic_ran_kpi,189,186,6.8,99.9
RAN_KPI-CELL_LATENCY_HOURLY-05-00,CELL060101,KHA,KV2,active,2026-08-18-00,2026-08-18 00:00:00,78.4,index,valid,synthetic_ran_kpi,151,143,5.1,99.9
RAN_KPI-CELL_LATENCY_HOURLY-05-01,CELL060101,KHA,KV2,active,2026-08-18-01,2026-08-18 01:00:00,80.4,index,valid,synthetic_ran_kpi,238,233,0.7,99.9
RAN_KPI-CELL_LATENCY_HOURLY-05-02,CELL060101,KHA,KV2,active,2026-08-18-02,2026-08-18 02:00:00,16.67,index,valid,synthetic_ran_kpi,270,267,4.96,99.9
RAN_KPI-CELL_LATENCY_HOURLY-05-03,CELL060101,KHA,KV2,active,2026-08-18-03,2026-08-18 03:00:00,68.55,index,valid,synthetic_ran_kpi,214,210,6.57,99.9
RAN_KPI-CELL_LATENCY_HOURLY-05-04,CELL060101,KHA,KV2,active,2026-08-18-04,2026-08-18 04:00:00,65.48,index,valid,synthetic_ran_kpi,283,282,3.77,99.9
RAN_KPI-CELL_LATENCY_HOURLY-05-05,CELL060101,KHA,KV2,active,2026-08-18-05,2026-08-18 05:00:00,55.65,index,valid,synthetic_ran_kpi,299,297,3.24,99.9
RAN_KPI-CELL_LATENCY_HOURLY-05-06,CELL060101,KHA,KV2,active,2026-08-18-06,2026-08-18 06:00:00,25.8,index,valid,synthetic_ran_kpi,105,100,6.65,99.9
RAN_KPI-CELL_LATENCY_HOURLY-05-07,CELL060101,KHA,KV2,active,2026-08-18-07,2026-08-18 07:00:00,17.52,index,valid,synthetic_ran_kpi,296,293,0.51,99.9
RAN_KPI-CELL_LATENCY_HOURLY-05-08,CELL060101,KHA,KV2,active,2026-08-18-08,2026-08-18 08:00:00,81.06,index,valid,synthetic_ran_kpi,205,202,1.37,99.9
RAN_KPI-CELL_LATENCY_HOURLY-05-09,CELL060101,KHA,KV2,active,2026-08-18-09,2026-08-18 09:00:00,82.09,index,valid,synthetic_ran_kpi,115,114,3.34,99.9
RAN_KPI-CELL_LATENCY_HOURLY-05-10,CELL060101,KHA,KV2,active,2026-08-18-10,2026-08-18 10:00:00,27.64,index,valid,synthetic_ran_kpi,238,232,5.89,99.9
RAN_KPI-CELL_LATENCY_HOURLY-05-11,CELL060101,KHA,KV2,active,2026-08-18-11,2026-08-18 11:00:00,32.57,index,valid,synthetic_ran_kpi,274,272,1.95,99.9
RAN_KPI-CELL_LATENCY_HOURLY-05-12,CELL060101,KHA,KV2,active,2026-08-18-12,2026-08-18 12:00:00,64.03,index,valid,synthetic_ran_kpi,85,78,7.58,99.9
RAN_KPI-CELL_LATENCY_HOURLY-05-13,CELL060101,KHA,KV2,active,2026-08-18-13,2026-08-18 13:00:00,31.23,index,valid,synthetic_ran_kpi,296,292,3.34,99.9
RAN_KPI-CELL_LATENCY_HOURLY-05-14,CELL060101,KHA,KV2,active,2026-08-18-14,2026-08-18 14:00:00,34.95,index,valid,synthetic_ran_kpi,159,155,1.89,99.9
RAN_KPI-CELL_LATENCY_HOURLY-05-15,CELL060101,KHA,KV2,active,2026-08-18-15,2026-08-18 15:00:00,69.45,index,valid,synthetic_ran_kpi,119,113,5.75,99.9
RAN_KPI-CELL_LATENCY_HOURLY-05-16,CELL060101,KHA,KV2,active,2026-08-18-16,2026-08-18 16:00:00,81.26,index,valid,synthetic_ran_kpi,84,79,0.7,99.9
RAN_KPI-CELL_LATENCY_HOURLY-05-17,CELL060101,KHA,KV2,active,2026-08-18-17,2026-08-18 17:00:00,70.72,index,valid,synthetic_ran_kpi,202,197,3.92,99.9
RAN_KPI-CELL_LATENCY_HOURLY-05-18,CELL060101,KHA,KV2,active,2026-08-18-18,2026-08-18 18:00:00,44.7,index,valid,synthetic_ran_kpi,117,116,5.81,99.9
RAN_KPI-CELL_LATENCY_HOURLY-05-19,CELL060101,KHA,KV2,active,2026-08-18-19,2026-08-18 19:00:00,32.9,index,valid,synthetic_ran_kpi,295,290,3.68,99.9
RAN_KPI-CELL_LATENCY_HOURLY-05-20,CELL060101,KHA,KV2,active,2026-08-18-20,2026-08-18 20:00:00,72.19,index,valid,synthetic_ran_kpi,202,199,5.42,99.9
RAN_KPI-CELL_LATENCY_HOURLY-05-21,CELL060101,KHA,KV2,active,2026-08-18-21,2026-08-18 21:00:00,53.63,index,valid,synthetic_ran_kpi,106,99,4.75,99.9
RAN_KPI-CELL_LATENCY_HOURLY-05-22,CELL060101,KHA,KV2,active,2026-08-18-22,2026-08-18 22:00:00,21.85,index,valid,synthetic_ran_kpi,205,197,2.82,99.9
RAN_KPI-CELL_LATENCY_HOURLY-05-23,CELL060101,KHA,KV2,active,2026-08-18-23,2026-08-18 23:00:00,83.65,index,valid,synthetic_ran_kpi,194,192,4.32,99.9
RAN_KPI-CELL_LATENCY_HOURLY-05-24,CELL060101,KHA,KV2,active,2026-08-19-00,2026-08-19 00:00:00,76.34,index,valid,synthetic_ran_kpi,175,174,5.37,99.9
RAN_KPI-CELL_LATENCY_HOURLY-05-25,CELL060101,KHA,KV2,active,2026-08-19-01,2026-08-19 01:00:00,38.91,index,valid,synthetic_ran_kpi,292,284,1.51,99.9
RAN_KPI-CELL_LATENCY_HOURLY-05-26,CELL060101,KHA,KV2,active,2026-08-19-02,2026-08-19 02:00:00,83.36,index,valid,synthetic_ran_kpi,149,147,4.93,99.9
RAN_KPI-CELL_LATENCY_HOURLY-05-27,CELL060101,KHA,KV2,active,2026-08-19-03,2026-08-19 03:00:00,37.15,index,valid,synthetic_ran_kpi,186,185,7.05,99.9
RAN_KPI-CELL_LATENCY_HOURLY-05-28,CELL060101,KHA,KV2,active,2026-08-19-04,2026-08-19 04:00:00,36.51,index,valid,synthetic_ran_kpi,279,278,3.16,99.9
RAN_KPI-CELL_LATENCY_HOURLY-05-29,CELL060101,KHA,KV2,active,2026-08-19-05,2026-08-19 05:00:00,36.66,index,valid,synthetic_ran_kpi,187,179,4.17,99.9
RAN_KPI-CELL_LATENCY_HOURLY-05-30,CELL060101,KHA,KV2,active,2026-08-19-06,2026-08-19 06:00:00,70.14,index,valid,synthetic_ran_kpi,206,200,3.16,99.9
RAN_KPI-CELL_LATENCY_HOURLY-05-31,CELL060101,KHA,KV2,active,2026-08-19-07,2026-08-19 07:00:00,19.24,index,valid,synthetic_ran_kpi,156,149,3.45,99.9
RAN_KPI-CELL_LATENCY_HOURLY-05-32,CELL060101,KHA,KV2,active,2026-08-19-08,2026-08-19 08:00:00,30.16,index,valid,synthetic_ran_kpi,263,259,2.06,99.9
RAN_KPI-CELL_LATENCY_HOURLY-05-33,CELL060101,KHA,KV2,active,2026-08-19-09,2026-08-19 09:00:00,17.67,index,valid,synthetic_ran_kpi,85,77,5.62,99.9
RAN_KPI-CELL_LATENCY_HOURLY-05-34,CELL060101,KHA,KV2,active,2026-08-19-10,2026-08-19 10:00:00,31.41,index,valid,synthetic_ran_kpi,166,164,7.34,99.9
RAN_KPI-CELL_LATENCY_HOURLY-05-35,CELL060101,KHA,KV2,active,2026-08-19-11,2026-08-19 11:00:00,42.0,index,valid,synthetic_ran_kpi,241,237,2.57,99.9
RAN_KPI-CELL_LATENCY_HOURLY-05-36,CELL060101,KHA,KV2,active,2026-08-19-12,2026-08-19 12:00:00,50.29,index,valid,synthetic_ran_kpi,235,229,1.98,99.9
RAN_KPI-CELL_LATENCY_HOURLY-05-37,CELL060101,KHA,KV2,active,2026-08-19-13,2026-08-19 13:00:00,82.63,index,valid,synthetic_ran_kpi,250,242,3.91,99.9
RAN_KPI-CELL_LATENCY_HOURLY-05-38,CELL060101,KHA,KV2,active,2026-08-19-14,2026-08-19 14:00:00,80.03,index,valid,synthetic_ran_kpi,174,170,1.27,99.9
RAN_KPI-CELL_LATENCY_HOURLY-05-39,CELL060101,KHA,KV2,active,2026-08-19-15,2026-08-19 15:00:00,30.82,index,valid,synthetic_ran_kpi,281,277,3.64,99.9
RAN_KPI-CELL_LATENCY_HOURLY-05-40,CELL060101,KHA,KV2,active,2026-08-19-16,2026-08-19 16:00:00,38.8,index,valid,synthetic_ran_kpi,225,218,7.6,99.9
RAN_KPI-CELL_LATENCY_HOURLY-05-41,CELL060101,KHA,KV2,active,2026-08-19-17,2026-08-19 17:00:00,68.66,index,valid,synthetic_ran_kpi,132,128,7.63,99.9
RAN_KPI-CELL_LATENCY_HOURLY-05-42,CELL060101,KHA,KV2,active,2026-08-19-18,2026-08-19 18:00:00,56.23,index,valid,synthetic_ran_kpi,206,200,3.88,99.9
RAN_KPI-CELL_LATENCY_HOURLY-05-43,CELL060101,KHA,KV2,active,2026-08-19-19,2026-08-19 19:00:00,75.71,index,valid,synthetic_ran_kpi,81,76,6.66,99.9
RAN_KPI-CELL_LATENCY_HOURLY-05-44,CELL060101,KHA,KV2,active,2026-08-19-20,2026-08-19 20:00:00,27.18,index,valid,synthetic_ran_kpi,263,256,5.2,99.9
RAN_KPI-CELL_LATENCY_HOURLY-05-45,CELL060101,KHA,KV2,active,2026-08-19-21,2026-08-19 21:00:00,47.64,index,valid,synthetic_ran_kpi,220,217,3.25,99.9
RAN_KPI-CELL_LATENCY_HOURLY-05-46,CELL060101,KHA,KV2,active,2026-08-19-22,2026-08-19 22:00:00,38.3,index,valid,synthetic_ran_kpi,155,148,3.5,99.9
RAN_KPI-CELL_LATENCY_HOURLY-05-47,CELL060101,KHA,KV2,active,2026-08-19-23,2026-08-19 23:00:00,75.68,index,valid,synthetic_ran_kpi,250,245,6.83,99.9
RAN_KPI-CELL_LATENCY_HOURLY-05-48,CELL060101,KHA,KV2,active,2026-08-20-00,2026-08-20 00:00:00,28.64,index,valid,synthetic_ran_kpi,175,170,7.52,99.9
RAN_KPI-CELL_LATENCY_HOURLY-05-49,CELL060101,KHA,KV2,active,2026-08-20-01,2026-08-20 01:00:00,24.16,index,valid,synthetic_ran_kpi,168,165,1.51,99.9
RAN_KPI-CELL_LATENCY_HOURLY-05-50,CELL060101,KHA,KV2,active,2026-08-20-02,2026-08-20 02:00:00,24.56,index,valid,synthetic_ran_kpi,254,248,6.62,99.9
RAN_KPI-CELL_LATENCY_HOURLY-05-51,CELL060101,KHA,KV2,active,2026-08-20-03,2026-08-20 03:00:00,24.83,index,valid,synthetic_ran_kpi,227,223,5.09,99.9
RAN_KPI-CELL_LATENCY_HOURLY-05-52,CELL060101,KHA,KV2,active,2026-08-20-04,2026-08-20 04:00:00,43.16,index,valid,synthetic_ran_kpi,236,233,2.87,99.9
RAN_KPI-CELL_LATENCY_HOURLY-05-53,CELL060101,KHA,KV2,active,2026-08-20-05,2026-08-20 05:00:00,37.9,index,valid,synthetic_ran_kpi,227,220,6.45,99.9
RAN_KPI-CELL_LATENCY_HOURLY-05-54,CELL060101,KHA,KV2,active,2026-08-20-06,2026-08-20 06:00:00,15.12,index,valid,synthetic_ran_kpi,231,227,3.2,99.9
RAN_KPI-CELL_LATENCY_HOURLY-05-55,CELL060101,KHA,KV2,active,2026-08-20-07,2026-08-20 07:00:00,16.49,index,valid,synthetic_ran_kpi,296,290,2.92,99.9
RAN_KPI-CELL_LATENCY_HOURLY-05-56,CELL060101,KHA,KV2,active,2026-08-20-08,2026-08-20 08:00:00,84.0,index,valid,synthetic_ran_kpi,130,128,2.47,99.9
RAN_KPI-CELL_LATENCY_HOURLY-05-57,CELL060101,KHA,KV2,active,2026-08-20-09,2026-08-20 09:00:00,58.08,index,valid,synthetic_ran_kpi,220,217,6.47,99.9
RAN_KPI-CELL_LATENCY_HOURLY-05-58,CELL060101,KHA,KV2,active,2026-08-20-10,2026-08-20 10:00:00,28.4,index,valid,synthetic_ran_kpi,83,80,5.83,99.9
RAN_KPI-CELL_LATENCY_HOURLY-05-59,CELL060101,KHA,KV2,active,2026-08-20-11,2026-08-20 11:00:00,79.44,index,valid,synthetic_ran_kpi,173,170,7.26,99.9
RAN_KPI-CELL_LATENCY_HOURLY-05-60,CELL060101,KHA,KV2,active,2026-08-20-12,2026-08-20 12:00:00,48.45,index,valid,synthetic_ran_kpi,161,157,4.18,99.9
RAN_KPI-CELL_LATENCY_HOURLY-05-61,CELL060101,KHA,KV2,active,2026-08-20-13,2026-08-20 13:00:00,52.57,index,valid,synthetic_ran_kpi,238,234,0.99,99.9
RAN_KPI-CELL_LATENCY_HOURLY-05-62,CELL060101,KHA,KV2,active,2026-08-20-14,2026-08-20 14:00:00,62.93,index,valid,synthetic_ran_kpi,251,250,7.66,99.9
RAN_KPI-CELL_LATENCY_HOURLY-05-63,CELL060101,KHA,KV2,active,2026-08-20-15,2026-08-20 15:00:00,56.32,index,valid,synthetic_ran_kpi,265,259,3.15,99.9
RAN_KPI-CELL_LATENCY_HOURLY-05-64,CELL060101,KHA,KV2,active,2026-08-20-16,2026-08-20 16:00:00,69.75,index,valid,synthetic_ran_kpi,131,127,2.87,99.9
RAN_KPI-CELL_LATENCY_HOURLY-05-65,CELL060101,KHA,KV2,active,2026-08-20-17,2026-08-20 17:00:00,44.79,index,valid,synthetic_ran_kpi,178,177,0.96,99.9
RAN_KPI-CELL_LATENCY_HOURLY-05-66,CELL060101,KHA,KV2,active,2026-08-20-18,2026-08-20 18:00:00,67.33,index,valid,synthetic_ran_kpi,150,146,3.61,99.9
RAN_KPI-CELL_LATENCY_HOURLY-05-67,CELL060101,KHA,KV2,active,2026-08-20-19,2026-08-20 19:00:00,36.08,index,valid,synthetic_ran_kpi,183,176,2.73,99.9
RAN_KPI-CELL_LATENCY_HOURLY-05-68,CELL060101,KHA,KV2,active,2026-08-20-20,2026-08-20 20:00:00,58.77,index,valid,synthetic_ran_kpi,114,109,1.98,99.9
RAN_KPI-CELL_LATENCY_HOURLY-05-69,CELL060101,KHA,KV2,active,2026-08-20-21,2026-08-20 21:00:00,46.93,index,valid,synthetic_ran_kpi,256,253,0.59,99.9
RAN_KPI-CELL_LATENCY_HOURLY-05-70,CELL060101,KHA,KV2,active,2026-08-20-22,2026-08-20 22:00:00,69.5,index,valid,synthetic_ran_kpi,175,172,7.55,99.9
RAN_KPI-CELL_LATENCY_HOURLY-05-71,CELL060101,KHA,KV2,active,2026-08-20-23,2026-08-20 23:00:00,37.56,index,valid,synthetic_ran_kpi,298,291,1.6,99.9
