cell_access_hourly_id,cell_id,province_code,area_code,status,date_hour,observed_at,metric_value,metric_unit,quality_flag,source_system,attempt_count,success_count,traffic_gb,availability_pct
RAN_KPI-CELL_ACCESS_HOURLY-00-00,CELL010101,DBN,KV1,active,2026-08-18-00,2026-08-18 00:00:00,19.64,index,valid,synthetic_ran_kpi,191,186,2.39,99.9
RAN_KPI-CELL_ACCESS_HOURLY-00-01,CELL010101,DBN,KV1,active,2026-08-18-01,2026-08-18 01:00:00,80.32,index,valid,synthetic_ran_kpi,163,155,3.7,99.9
RAN_KPI-CELL_ACCESS_HOURLY-00-02,CELL010101,DBN,KV1,active,2026-08-18-02,2026-08-18 02:00:00,23.74,index,valid,synthetic_ran_kpi,260,256,0.95,99.9
RAN_KPI-CELL_ACCESS_HOURLY-00-03,CELL010101,DBN,KV1,active,2026-08-18-03,2026-08-18 03:00:00,38.12,index,valid,synthetic_ran_kpi,152,148,5.19,99.9
RAN_KPI-CELL_ACCESS_HOURLY-00-04,CELL010101,DBN,KV1,active,2026-08-18-04,2026-08-18 04:00:00,35.49,index,valid,synthetic_ran_kpi,170,164,7.15,99.9
RAN_KPI-CELL_ACCESS_HOURLY-00-05,CELL010101,DBN,KV1,active,2026-08-18-05,2026-08-18 05:00:00,47.38,index,valid,synthetic_ran_kpi,274,270,2.66,99.9
RAN_KPI-CELL_ACCESS_HOURLY-00-06,CELL010101,DBN,KV1,active,2026-08-18-06,2026-08-18 06:00:00,53.1,index,valid,synthetic_ran_kpi,205,200,2.2,99.9
RAN_KPI-CELL_ACCESS_HOURLY-00-07,CELL010101,DBN,KV1,active,2026-08-18-07,2026-08-18 07:00:00,63.31,index,valid,synthetic_ran_kpi,215,212,1.98,99.9
RAN_KPI-CELL_ACCESS_HOURLY-00-08,CELL010101,DBN,KV1,active,2026-08-18-08,2026-08-18 08:00:00,22.88,index,valid,synthetic_ran_kpi,107,104,1.23,99.9
RAN_KPI-CELL_ACCESS_HOURLY-00-09,CELL010101,DBN,KV1,active,2026-08-18-09,2026-08-18 09:00:00,25.09,index,valid,synthetic_ran_kpi,123,118,1.57,99.9
RAN_KPI-CELL_ACCESS_HOURLY-00-10,CELL010101,DBN,KV1,active,2026-08-18-10,2026-08-18 10:00:00,52.67,index,valid,synthetic_ran_kpi,134,128,6.45,99.9
RAN_KPI-CELL_ACCESS_HOURLY-00-11,CELL010101,DBN,KV1,active,2026-08-18-11,2026-08-18 11:00:00,77.19,index,valid,synthetic_ran_kpi,246,243,7.47,99.9
RAN_KPI-CELL_ACCESS_HOURLY-00-12,CELL010101,DBN,KV1,active,2026-08-18-12,2026-08-18 12:00:00,36.72,index,valid,synthetic_ran_kpi,275,267,2.95,99.9
RAN_KPI-CELL_ACCESS_HOURLY-00-13,CELL010101,DBN,KV1,active,2026-08-18-13,2026-08-18 13:00:00,75.63,index,valid,synthetic_ran_kpi,281,278,3.38,99.9
RAN_KPI-CELL_ACCESS_HOURLY-00-14,CELL010101,DBN,KV1,active,2026-08-18-14,2026-08-18 14:00:00,27.61,index,valid,synthetic_ran_kpi,241,233,4.7,99.9
RAN_KPI-CELL_ACCESS_HOURLY-00-15,CELL010101,DBN,KV1,active,2026-08-18-15,2026-08-18 15:00:00,48.58,index,valid,synthetic_ran_kpi,137,130,1.78,99.9
RAN_KPI-CELL_ACCESS_HOURLY-00-16,CELL010101,DBN,KV1,active,2026-08-18-16,2026-08-18 16:00:00,69.83,index,valid,synthetic_ran_kpi,126,125,1.63,99.9
RAN_KPI-CELL_ACCESS_HOURLY-00-17,CELL010101,DBN,KV1,active,2026-08-18-17,2026-08-18 17:00:00,15.12,index,valid,synthetic_ran_kpi,249,248,2.39,99.9
RAN_KPI-CELL_ACCESS_HOURLY-00-18,CELL010101,DBN,KV1,active,2026-08-18-18,2026-08-18 18:00:00,26.23,index,valid,synthetic_ran_kpi,100,96,5.55,99.9
RAN_KPI-CELL_ACCESS_HOURLY-00-19,CELL010101,DBN,KV1,active,2026-08-18-19,2026-08-18 19:00:00,59.69,index,valid,synthetic_ran_kpi,221,215,1.85,99.9
RAN_KPI-CELL_ACCESS_HOURLY-00-20,CELL010101,DBN,KV1,active,2026-08-18-20,2026-08-18 20:00:00,55.57,index,valid,synthetic_ran_kpi,220,219,7.73,99.9
RAN_KPI-CELL_ACCESS_HOURLY-00-21,CELL010101,DBN,KV1,active,2026-08-18-21,2026-08-18 21:00:00,30.58,index,valid,synthetic_ran_kpi,267,262,2.57,99.9
RAN_KPI-CELL_ACCESS_HOURLY-00-22,CELL010101,DBN,KV1,active,2026-08-18-22,2026-08-18 22:00:00,80.15,index,valid,synthetic_ran_kpi,269,267,2.09,99.9
RAN_KPI-CELL_ACCESS_HOURLY-00-23,CELL010101,DBN,KV1,active,2026-08-18-23,2026-08-18 23:00:00,67.73,index,valid,synthetic_ran_kpi,188,181,7.18,99.9
RAN_KPI-CELL_ACCESS_HOURLY-00-24,CELL010101,DBN,KV1,active,2026-08-19-00,2026-08-19 00:00:00,23.33,index,valid,synthetic_ran_kpi,217,211,1.2,99.9
RAN_KPI-CELL_ACCESS_HOURLY-00-25,CELL010101,DBN,KV1,active,2026-08-19-01,2026-08-19 01:00:00,40.53,index,valid,synthetic_ran_kpi,254,249,7.81,99.9
RAN_KPI-CELL_ACCESS_HOURLY-00-26,CELL010101,DBN,KV1,active,2026-08-19-02,2026-08-19 02:00:00,33.86,index,valid,synthetic_ran_kpi,139,135,0.71,99.9
RAN_KPI-CELL_ACCESS_HOURLY-00-27,CELL010101,DBN,KV1,degraded,2026-08-19-03,2026-08-19 03:00:00,58.07,index,degraded,synthetic_ran_kpi,110,82,3.4,98.0
RAN_KPI-CELL_ACCESS_HOURLY-00-28,CELL010101,DBN,KV1,active,2026-08-19-04,2026-08-19 04:00:00,81.49,index,valid,synthetic_ran_kpi,257,249,4.43,99.9
RAN_KPI-CELL_ACCESS_HOURLY-00-29,CELL010101,DBN,KV1,active,2026-08-19-05,2026-08-19 05:00:00,52.37,index,valid,synthetic_ran_kpi,288,287,2.57,99.9
RAN_KPI-CELL_ACCESS_HOURLY-00-30,CELL010101,DBN,KV1,active,2026-08-19-06,2026-08-19 06:00:00,46.69,index,valid,synthetic_ran_kpi,148,140,7.85,99.9
RAN_KPI-CELL_ACCESS_HOURLY-00-31,CELL010101,DBN,KV1,active,2026-08-19-07,2026-08-19 07:00:00,51.8,index,valid,synthetic_ran_kpi,285,281,2.3,99.9
RAN_KPI-CELL_ACCESS_HOURLY-00-32,CELL010101,DBN,KV1,active,2026-08-19-08,2026-08-19 08:00:00,44.0,index,valid,synthetic_ran_kpi,182,180,5.79,99.9
RAN_KPI-CELL_ACCESS_HOURLY-00-33,CELL010101,DBN,KV1,active,2026-08-19-09,2026-08-19 09:00:00,16.99,index,valid,synthetic_ran_kpi,234,228,6.77,99.9
RAN_KPI-CELL_ACCESS_HOURLY-00-34,CELL010101,DBN,KV1,active,2026-08-19-10,2026-08-19 10:00:00,52.14,index,valid,synthetic_ran_kpi,250,249,6.67,99.9
RAN_KPI-CELL_ACCESS_HOURLY-00-35,CELL010101,DBN,KV1,active,2026-08-19-11,2026-08-19 11:00:00,50.88,index,valid,synthetic_ran_kpi,109,108,5.2,99.9
RAN_KPI-CELL_ACCESS_HOURLY-00-36,CELL010101,DBN,KV1,active,2026-08-19-12,2026-08-19 12:00:00,39.54,index,valid,synthetic_ran_kpi,257,249,5.18,99.9
RAN_KPI-CELL_ACCESS_HOURLY-00-37,CELL010101,DBN,KV1,active,2026-08-19-13,2026-08-19 13:00:00,56.26,index,valid,synthetic_ran_kpi,171,165,4.62,99.9
RAN_KPI-CELL_ACCESS_HOURLY-00-38,CELL010101,DBN,KV1,active,2026-08-19-14,2026-08-19 14:00:00,36.52,index,valid,synthetic_ran_kpi,173,172,4.86,99.9
RAN_KPI-CELL_ACCESS_HOURLY-00-39,CELL010101,DBN,KV1,active,2026-08-19-15,2026-08-19 15:00:00,29.96,index,valid,synthetic_ran_kpi,154,146,0.66,99.9
RAN_KPI-CELL_ACCESS_HOURLY-00-40,CELL010101,DBN,KV1,active,2026-08-19-16,2026-08-19 16:00:00,49.68,index,valid,synthetic_ran_kpi,121,119,1.68,99.9
RAN_KPI-CELL_ACCESS_HOURLY-00-41,CELL010101,DBN,KV1,active,2026-08-19-17,2026-08-19 17:00:00,15.82,index,valid,synthetic_ran_kpi,264,257,7.65,99.9
RAN_KPI-CELL_ACCESS_HOURLY-00-42,CELL010101,DBN,KV1,active,2026-08-19-18,2026-08-19 18:00:00,16.58,index,valid,synthetic_ran_kpi,98,92,0.64,99.9
RAN_KPI-CELL_ACCESS_HOURLY-00-43,CELL010101,DBN,KV1,active,2026-08-19-19,2026-08-19 19:00:00,81.42,index,valid,synthetic_ran_kpi,236,230,1.23,99.9
RAN_KPI-CELL_ACCESS_HOURLY-00-44,CELL010101,DBN,KV1,active,2026-08-19-20,2026-08-19 20:00:00,36.69,index,valid,synthetic_ran_kpi,287,281,5.95,99.9
RAN_KPI-CELL_ACCESS_HOURLY-00-45,CELL010101,DBN,KV1,active,2026-08-19-21,2026-08-19 21:00:00,78.65,index,valid,synthetic_ran_kpi,86,85,2.78,99.9
RAN_KPI-CELL_ACCESS_HOURLY-00-46,CELL010101,DBN,KV1,active,2026-08-19-22,2026-08-19 22:00:00,31.84,index,valid,synthetic_ran_kpi,265,258,1.09,99.9
RAN_KPI-CELL_ACCESS_HOURLY-00-47,CELL010101,DBN,KV1,active,2026-08-19-23,2026-08-19 23:00:00,16.2,index,valid,synthetic_ran_kpi,204,197,0.99,99.9
RAN_KPI-CELL_ACCESS_HOURLY-00-48,CELL010101,DBN,KV1,active,2026-08-20-00,2026-08-20 00:00:00,75.37,index,valid,synthetic_ran_kpi,205,197,4.81,99.9
RAN_KPI-CELL_ACCESS_HOURLY-00-49,CELL010101,DBN,KV1,active,2026-08-20-01,2026-08-20 01:00:00,27.6,index,valid,synthetic_ran_kpi,106,101,2.81,99.9
RAN_KPI-CELL_ACCESS_HOURLY-00-50,CELL010101,DBN,KV1,active,2026-08-20-02,2026-08-20 02:00:00,56.43,index,valid,synthetic_ran_kpi,258,256,1.48,99.9
RAN_KPI-CELL_ACCESS_HOURLY-00-51,CELL010101,DBN,KV1,active,2026-08-20-03,2026-08-20 03:00:00,27.01,index,valid,synthetic_ran_kpi,173,167,1.18,99.9
RAN_KPI-CELL_ACCESS_HOURLY-00-52,CELL010101,DBN,KV1,active,2026-08-20-04,2026-08-20 04:00:00,22.08,index,valid,synthetic_ran_kpi,205,204,6.45,99.9
RAN_KPI-CELL_ACCESS_HOURLY-00-53,CELL010101,DBN,KV1,active,2026-08-20-05,2026-08-20 05:00:00,59.01,index,valid,synthetic_ran_kpi,300,298,1.72,99.9
RAN_KPI-CELL_ACCESS_HOURLY-00-54,CELL010101,DBN,KV1,active,2026-08-20-06,2026-08-20 06:00:00,21.99,index,valid,synthetic_ran_kpi,101,99,4.43,99.9
RAN_KPI-CELL_ACCESS_HOURLY-00-55,CELL010101,DBN,KV1,active,2026-08-20-07,2026-08-20 07:00:00,38.92,index,valid,synthetic_ran_kpi,268,266,3.36,99.9
RAN_KPI-CELL_ACCESS_HOURLY-00-56,CELL010101,DBN,KV1,active,2026-08-20-08,2026-08-20 08:00:00,30.73,index,valid,synthetic_ran_kpi,150,148,2.89,99.9
RAN_KPI-CELL_ACCESS_HOURLY-00-57,CELL010101,DBN,KV1,active,2026-08-20-09,2026-08-20 09:00:00,71.52,index,valid,synthetic_ran_kpi,195,189,3.27,99.9
RAN_KPI-CELL_ACCESS_HOURLY-00-58,CELL010101,DBN,KV1,active,2026-08-20-10,2026-08-20 10:00:00,78.24,index,valid,synthetic_ran_kpi,109,107,7.75,99.9
RAN_KPI-CELL_ACCESS_HOURLY-00-59,CELL010101,DBN,KV1,active,2026-08-20-11,2026-08-20 11:00:00,57.53,index,valid,synthetic_ran_kpi,200,198,4.4,99.9
RAN_KPI-CELL_ACCESS_HOURLY-00-60,CELL010101,DBN,KV1,active,2026-08-20-12,2026-08-20 12:00:00,16.28,index,valid,synthetic_ran_kpi,223,222,2.07,99.9
RAN_KPI-CELL_ACCESS_HOURLY-00-61,CELL010101,DBN,KV1,active,2026-08-20-13,2026-08-20 13:00:00,80.04,index,valid,synthetic_ran_kpi,147,144,1.97,99.9
RAN_KPI-CELL_ACCESS_HOURLY-00-62,CELL010101,DBN,KV1,active,2026-08-20-14,2026-08-20 14:00:00,45.38,index,valid,synthetic_ran_kpi,96,92,7.86,99.9
RAN_KPI-CELL_ACCESS_HOURLY-00-63,CELL010101,DBN,KV1,active,2026-08-20-15,2026-08-20 15:00:00,20.07,index,valid,synthetic_ran_kpi,172,170,7.1,99.9
RAN_KPI-CELL_ACCESS_HOURLY-00-64,CELL010101,DBN,KV1,active,2026-08-20-16,2026-08-20 16:00:00,70.7,index,valid,synthetic_ran_kpi,179,178,0.77,99.9
RAN_KPI-CELL_ACCESS_HOURLY-00-65,CELL010101,DBN,KV1,active,2026-08-20-17,2026-08-20 17:00:00,23.11,index,valid,synthetic_ran_kpi,163,161,4.4,99.9
RAN_KPI-CELL_ACCESS_HOURLY-00-66,CELL010101,DBN,KV1,active,2026-08-20-18,2026-08-20 18:00:00,15.04,index,valid,synthetic_ran_kpi,180,179,3.8,99.9
RAN_KPI-CELL_ACCESS_HOURLY-00-67,CELL010101,DBN,KV1,active,2026-08-20-19,2026-08-20 19:00:00,82.35,index,valid,synthetic_ran_kpi,103,102,7.98,99.9
RAN_KPI-CELL_ACCESS_HOURLY-00-68,CELL010101,DBN,KV1,active,2026-08-20-20,2026-08-20 20:00:00,29.41,index,valid,synthetic_ran_kpi,205,203,7.74,99.9
RAN_KPI-CELL_ACCESS_HOURLY-00-69,CELL010101,DBN,KV1,active,2026-08-20-21,2026-08-20 21:00:00,84.49,index,valid,synthetic_ran_kpi,249,247,4.23,99.9
RAN_KPI-CELL_ACCESS_HOURLY-00-70,CELL010101,DBN,KV1,active,2026-08-20-22,2026-08-20 22:00:00,51.12,index,valid,synthetic_ran_kpi,161,159,7.82,99.9
RAN_KPI-CELL_ACCESS_HOURLY-00-71,CELL010101,DBN,KV1,active,2026-08-20-23,2026-08-20 23:00:00,26.16,index,valid,synthetic_ran_kpi,263,256,5.41,99.9
RAN_KPI-CELL_ACCESS_HOURLY-01-00,CELL020201,SLA,KV1,active,2026-08-18-00,2026-08-18 00:00:00,27.22,index,valid,synthetic_ran_kpi,222,215,2.36,99.9
RAN_KPI-CELL_ACCESS_HOURLY-01-01,CELL020201,SLA,KV1,active,2026-08-18-01,2026-08-18 01:00:00,55.07,index,valid,synthetic_ran_kpi,270,267,1.15,99.9
RAN_KPI-CELL_ACCESS_HOURLY-01-02,CELL020201,SLA,KV1,active,2026-08-18-02,2026-08-18 02:00:00,56.94,index,valid,synthetic_ran_kpi,191,189,1.97,99.9
RAN_KPI-CELL_ACCESS_HOURLY-01-03,CELL020201,SLA,KV1,active,2026-08-18-03,2026-08-18 03:00:00,38.37,index,valid,synthetic_ran_kpi,150,147,4.64,99.9
RAN_KPI-CELL_ACCESS_HOURLY-01-04,CELL020201,SLA,KV1,active,2026-08-18-04,2026-08-18 04:00:00,30.23,index,valid,synthetic_ran_kpi,297,291,3.23,99.9
RAN_KPI-CELL_ACCESS_HOURLY-01-05,CELL020201,SLA,KV1,active,2026-08-18-05,2026-08-18 05:00:00,19.08,index,valid,synthetic_ran_kpi,142,140,3.99,99.9
RAN_KPI-CELL_ACCESS_HOURLY-01-06,CELL020201,SLA,KV1,active,2026-08-18-06,2026-08-18 06:00:00,40.66,index,valid,synthetic_ran_kpi,242,239,6.62,99.9
RAN_KPI-CELL_ACCESS_HOURLY-01-07,CELL020201,SLA,KV1,active,2026-08-18-07,2026-08-18 07:00:00,74.79,index,valid,synthetic_ran_kpi,144,137,3.25,99.9
RAN_KPI-CELL_ACCESS_HOURLY-01-08,CELL020201,SLA,KV1,active,2026-08-18-08,2026-08-18 08:00:00,18.77,index,valid,synthetic_ran_kpi,253,252,5.19,99.9
RAN_KPI-CELL_ACCESS_HOURLY-01-09,CELL020201,SLA,KV1,active,2026-08-18-09,2026-08-18 09:00:00,70.84,index,valid,synthetic_ran_kpi,250,249,5.36,99.9
RAN_KPI-CELL_ACCESS_HOURLY-01-10,CELL020201,SLA,KV1,active,2026-08-18-10,2026-08-18 10:00:00,72.6,index,valid,synthetic_ran_kpi,155,147,2.44,99.9
RAN_KPI-CELL_ACCESS_HOURLY-01-11,CELL020201,SLA,KV1,active,2026-08-18-11,2026-08-18 11:00:00,47.14,index,valid,synthetic_ran_kpi,265,263,4.17,99.9
RAN_KPI-CELL_ACCESS_HOURLY-01-12,CELL020201,SLA,KV1,active,2026-08-18-12,2026-08-18 12:00:00,76.3,index,valid,synthetic_ran_kpi,137,131,4.36,99.9
RAN_KPI-CELL_ACCESS_HOURLY-01-13,CELL020201,SLA,KV1,active,2026-08-18-13,2026-08-18 13:00:00,43.43,index,valid,synthetic_ran_kpi,180,174,0.73,99.9
RAN_KPI-CELL_ACCESS_HOURLY-01-14,CELL020201,SLA,KV1,active,2026-08-18-14,2026-08-18 14:00:00,19.04,index,valid,synthetic_ran_kpi,168,160,2.89,99.9
RAN_KPI-CELL_ACCESS_HOURLY-01-15,CELL020201,SLA,KV1,active,2026-08-18-15,2026-08-18 15:00:00,48.3,index,valid,synthetic_ran_kpi,155,151,5.94,99.9
RAN_KPI-CELL_ACCESS_HOURLY-01-16,CELL020201,SLA,KV1,active,2026-08-18-16,2026-08-18 16:00:00,62.93,index,valid,synthetic_ran_kpi,209,206,1.89,99.9
RAN_KPI-CELL_ACCESS_HOURLY-01-17,CELL020201,SLA,KV1,active,2026-08-18-17,2026-08-18 17:00:00,38.08,index,valid,synthetic_ran_kpi,255,253,4.53,99.9
RAN_KPI-CELL_ACCESS_HOURLY-01-18,CELL020201,SLA,KV1,active,2026-08-18-18,2026-08-18 18:00:00,79.51,index,valid,synthetic_ran_kpi,236,231,3.27,99.9
RAN_KPI-CELL_ACCESS_HOURLY-01-19,CELL020201,SLA,KV1,active,2026-08-18-19,2026-08-18 19:00:00,52.02,index,valid,synthetic_ran_kpi,181,175,4.69,99.9
RAN_KPI-CELL_ACCESS_HOURLY-01-20,CELL020201,SLA,KV1,active,2026-08-18-20,2026-08-18 20:00:00,27.7,index,valid,synthetic_ran_kpi,258,254,6.86,99.9
RAN_KPI-CELL_ACCESS_HOURLY-01-21,CELL020201,SLA,KV1,active,2026-08-18-21,2026-08-18 21:00:00,63.69,index,valid,synthetic_ran_kpi,125,122,4.39,99.9
RAN_KPI-CELL_ACCESS_HOURLY-01-22,CELL020201,SLA,KV1,active,2026-08-18-22,2026-08-18 22:00:00,71.19,index,valid,synthetic_ran_kpi,158,152,5.31,99.9
RAN_KPI-CELL_ACCESS_HOURLY-01-23,CELL020201,SLA,KV1,active,2026-08-18-23,2026-08-18 23:00:00,67.35,index,valid,synthetic_ran_kpi,184,179,0.64,99.9
RAN_KPI-CELL_ACCESS_HOURLY-01-24,CELL020201,SLA,KV1,active,2026-08-19-00,2026-08-19 00:00:00,43.93,index,valid,synthetic_ran_kpi,176,174,1.48,99.9
RAN_KPI-CELL_ACCESS_HOURLY-01-25,CELL020201,SLA,KV1,active,2026-08-19-01,2026-08-19 01:00:00,74.92,index,valid,synthetic_ran_kpi,253,248,7.97,99.9
RAN_KPI-CELL_ACCESS_HOURLY-01-26,CELL020201,SLA,KV1,active,2026-08-19-02,2026-08-19 02:00:00,65.39,index,valid,synthetic_ran_kpi,102,96,4.97,99.9
RAN_KPI-CELL_ACCESS_HOURLY-01-27,CELL020201,SLA,KV1,active,2026-08-19-03,2026-08-19 03:00:00,31.71,index,valid,synthetic_ran_kpi,162,154,1.29,99.9
RAN_KPI-CELL_ACCESS_HOURLY-01-28,CELL020201,SLA,KV1,active,2026-08-19-04,2026-08-19 04:00:00,36.64,index,valid,synthetic_ran_kpi,86,78,3.65,99.9
RAN_KPI-CELL_ACCESS_HOURLY-01-29,CELL020201,SLA,KV1,active,2026-08-19-05,2026-08-19 05:00:00,75.88,index,valid,synthetic_ran_kpi,230,227,2.19,99.9
RAN_KPI-CELL_ACCESS_HOURLY-01-30,CELL020201,SLA,KV1,active,2026-08-19-06,2026-08-19 06:00:00,39.18,index,valid,synthetic_ran_kpi,158,151,5.2,99.9
RAN_KPI-CELL_ACCESS_HOURLY-01-31,CELL020201,SLA,KV1,active,2026-08-19-07,2026-08-19 07:00:00,79.61,index,valid,synthetic_ran_kpi,242,240,3.98,99.9
RAN_KPI-CELL_ACCESS_HOURLY-01-32,CELL020201,SLA,KV1,active,2026-08-19-08,2026-08-19 08:00:00,48.4,index,valid,synthetic_ran_kpi,190,183,5.36,99.9
RAN_KPI-CELL_ACCESS_HOURLY-01-33,CELL020201,SLA,KV1,active,2026-08-19-09,2026-08-19 09:00:00,82.9,index,valid,synthetic_ran_kpi,94,89,5.98,99.9
RAN_KPI-CELL_ACCESS_HOURLY-01-34,CELL020201,SLA,KV1,active,2026-08-19-10,2026-08-19 10:00:00,68.17,index,valid,synthetic_ran_kpi,239,232,1.61,99.9
RAN_KPI-CELL_ACCESS_HOURLY-01-35,CELL020201,SLA,KV1,active,2026-08-19-11,2026-08-19 11:00:00,82.22,index,valid,synthetic_ran_kpi,269,267,0.82,99.9
RAN_KPI-CELL_ACCESS_HOURLY-01-36,CELL020201,SLA,KV1,active,2026-08-19-12,2026-08-19 12:00:00,22.7,index,valid,synthetic_ran_kpi,89,83,5.67,99.9
RAN_KPI-CELL_ACCESS_HOURLY-01-37,CELL020201,SLA,KV1,active,2026-08-19-13,2026-08-19 13:00:00,44.26,index,valid,synthetic_ran_kpi,205,203,6.83,99.9
RAN_KPI-CELL_ACCESS_HOURLY-01-38,CELL020201,SLA,KV1,active,2026-08-19-14,2026-08-19 14:00:00,49.64,index,valid,synthetic_ran_kpi,135,131,3.61,99.9
RAN_KPI-CELL_ACCESS_HOURLY-01-39,CELL020201,SLA,KV1,active,2026-08-19-15,2026-08-19 15:00:00,39.04,index,valid,synthetic_ran_kpi,85,79,2.24,99.9
RAN_KPI-CELL_ACCESS_HOURLY-01-40,CELL020201,SLA,KV1,active,2026-08-19-16,2026-08-19 16:00:00,76.61,index,valid,synthetic_ran_kpi,117,113,3.15,99.9
RAN_KPI-CELL_ACCESS_HOURLY-01-41,CELL020201,SLA,KV1,active,2026-08-19-17,2026-08-19 17:00:00,78.73,index,valid,synthetic_ran_kpi,221,220,4.99,99.9
RAN_KPI-CELL_ACCESS_HOURLY-01-42,CELL020201,SLA,KV1,active,2026-08-19-18,2026-08-19 18:00:00,68.94,index,valid,synthetic_ran_kpi,249,242,7.68,99.9
RAN_KPI-CELL_ACCESS_HOURLY-01-43,CELL020201,SLA,KV1,active,2026-08-19-19,2026-08-19 19:00:00,43.91,index,valid,synthetic_ran_kpi,178,174,4.16,99.9
RAN_KPI-CELL_ACCESS_HOURLY-01-44,CELL020201,SLA,KV1,active,2026-08-19-20,2026-08-19 20:00:00,15.88,index,valid,synthetic_ran_kpi,210,204,6.69,99.9
RAN_KPI-CELL_ACCESS_HOURLY-01-45,CELL020201,SLA,KV1,degraded,2026-08-19-21,2026-08-19 21:00:00,56.4,index,degraded,synthetic_ran_kpi,192,165,6.14,98.0
RAN_KPI-CELL_ACCESS_HOURLY-01-46,CELL020201,SLA,KV1,active,2026-08-19-22,2026-08-19 22:00:00,28.4,index,valid,synthetic_ran_kpi,219,215,5.08,99.9
RAN_KPI-CELL_ACCESS_HOURLY-01-47,CELL020201,SLA,KV1,active,2026-08-19-23,2026-08-19 23:00:00,50.08,index,valid,synthetic_ran_kpi,90,89,7.7,99.9
RAN_KPI-CELL_ACCESS_HOURLY-01-48,CELL020201,SLA,KV1,active,2026-08-20-00,2026-08-20 00:00:00,52.33,index,valid,synthetic_ran_kpi,236,234,0.52,99.9
RAN_KPI-CELL_ACCESS_HOURLY-01-49,CELL020201,SLA,KV1,active,2026-08-20-01,2026-08-20 01:00:00,77.93,index,valid,synthetic_ran_kpi,217,211,1.25,99.9
RAN_KPI-CELL_ACCESS_HOURLY-01-50,CELL020201,SLA,KV1,active,2026-08-20-02,2026-08-20 02:00:00,21.93,index,valid,synthetic_ran_kpi,229,221,2.28,99.9
RAN_KPI-CELL_ACCESS_HOURLY-01-51,CELL020201,SLA,KV1,active,2026-08-20-03,2026-08-20 03:00:00,32.23,index,valid,synthetic_ran_kpi,292,285,1.03,99.9
RAN_KPI-CELL_ACCESS_HOURLY-01-52,CELL020201,SLA,KV1,active,2026-08-20-04,2026-08-20 04:00:00,43.17,index,valid,synthetic_ran_kpi,179,173,7.58,99.9
RAN_KPI-CELL_ACCESS_HOURLY-01-53,CELL020201,SLA,KV1,active,2026-08-20-05,2026-08-20 05:00:00,20.46,index,valid,synthetic_ran_kpi,184,183,6.0,99.9
RAN_KPI-CELL_ACCESS_HOURLY-01-54,CELL020201,SLA,KV1,active,2026-08-20-06,2026-08-20 06:00:00,58.51,index,valid,synthetic_ran_kpi,113,111,1.44,99.9
RAN_KPI-CELL_ACCESS_HOURLY-01-55,CELL020201,SLA,KV1,active,2026-08-20-07,2026-08-20 07:00:00,80.51,index,valid,synthetic_ran_kpi,153,146,2.99,99.9
RAN_KPI-CELL_ACCESS_HOURLY-01-56,CELL020201,SLA,KV1,active,2026-08-20-08,2026-08-20 08:00:00,71.71,index,valid,synthetic_ran_kpi,292,287,4.0,99.9
RAN_KPI-CELL_ACCESS_HOURLY-01-57,CELL020201,SLA,KV1,active,2026-08-20-09,2026-08-20 09:00:00,52.98,index,valid,synthetic_ran_kpi,205,197,4.63,99.9
RAN_KPI-CELL_ACCESS_HOURLY-01-58,CELL020201,SLA,KV1,active,2026-08-20-10,2026-08-20 10:00:00,73.08,index,valid,synthetic_ran_kpi,233,226,0.82,99.9
RAN_KPI-CELL_ACCESS_HOURLY-01-59,CELL020201,SLA,KV1,active,2026-08-20-11,2026-08-20 11:00:00,51.76,index,valid,synthetic_ran_kpi,109,104,5.17,99.9
RAN_KPI-CELL_ACCESS_HOURLY-01-60,CELL020201,SLA,KV1,active,2026-08-20-12,2026-08-20 12:00:00,71.4,index,valid,synthetic_ran_kpi,203,202,5.71,99.9
RAN_KPI-CELL_ACCESS_HOURLY-01-61,CELL020201,SLA,KV1,active,2026-08-20-13,2026-08-20 13:00:00,20.58,index,valid,synthetic_ran_kpi,222,219,0.54,99.9
RAN_KPI-CELL_ACCESS_HOURLY-01-62,CELL020201,SLA,KV1,active,2026-08-20-14,2026-08-20 14:00:00,33.84,index,valid,synthetic_ran_kpi,225,217,6.24,99.9
RAN_KPI-CELL_ACCESS_HOURLY-01-63,CELL020201,SLA,KV1,active,2026-08-20-15,2026-08-20 15:00:00,64.56,index,valid,synthetic_ran_kpi,182,177,7.29,99.9
RAN_KPI-CELL_ACCESS_HOURLY-01-64,CELL020201,SLA,KV1,active,2026-08-20-16,2026-08-20 16:00:00,76.04,index,valid,synthetic_ran_kpi,220,215,1.08,99.9
RAN_KPI-CELL_ACCESS_HOURLY-01-65,CELL020201,SLA,KV1,active,2026-08-20-17,2026-08-20 17:00:00,33.34,index,valid,synthetic_ran_kpi,162,160,7.6,99.9
RAN_KPI-CELL_ACCESS_HOURLY-01-66,CELL020201,SLA,KV1,active,2026-08-20-18,2026-08-20 18:00:00,79.32,index,valid,synthetic_ran_kpi,292,291,6.87,99.9
RAN_KPI-CELL_ACCESS_HOURLY-01-67,CELL020201,SLA,KV1,active,2026-08-20-19,2026-08-20 19:00:00,52.1,index,valid,synthetic_ran_kpi,131,124,3.58,99.9
RAN_KPI-CELL_ACCESS_HOURLY-01-68,CELL020201,SLA,KV1,active,2026-08-20-20,2026-08-20 20:00:00,26.88,index,valid,synthetic_ran_kpi,81,80,4.0,99.9
RAN_KPI-CELL_ACCESS_HOURLY-01-69,CELL020201,SLA,KV1,active,2026-08-20-21,2026-08-20 21:00:00,25.34,index,valid,synthetic_ran_kpi,157,149,3.98,99.9
RAN_KPI-CELL_ACCESS_HOURLY-01-70,CELL020201,SLA,KV1,active,2026-08-20-22,2026-08-20 22:00:00,70.9,index,valid,synthetic_ran_kpi,134,130,4.34,99.9
RAN_KPI-CELL_ACCESS_HOURLY-01-71,CELL020201,SLA,KV1,active,2026-08-20-23,2026-08-20 23:00:00,47.04,index,valid,synthetic_ran_kpi,109,106,7.06,99.9
RAN_KPI-CELL_ACCESS_HOURLY-02-00,CELL030101,CMU,KV3,active,2026-08-18-00,2026-08-18 00:00:00,75.85,index,valid,synthetic_ran_kpi,170,168,7.83,99.9
RAN_KPI-CELL_ACCESS_HOURLY-02-01,CELL030101,CMU,KV3,active,2026-08-18-01,2026-08-18 01:00:00,78.8,index,valid,synthetic_ran_kpi,227,226,6.38,99.9
RAN_KPI-CELL_ACCESS_HOURLY-02-02,CELL030101,CMU,KV3,active,2026-08-18-02,2026-08-18 02:00:00,62.63,index,valid,synthetic_ran_kpi,280,275,3.56,99.9
RAN_KPI-CELL_ACCESS_HOURLY-02-03,CELL030101,CMU,KV3,active,2026-08-18-03,2026-08-18 03:00:00,29.68,index,valid,synthetic_ran_kpi,112,109,5.02,99.9
RAN_KPI-CELL_ACCESS_HOURLY-02-04,CELL030101,CMU,KV3,active,2026-08-18-04,2026-08-18 04:00:00,81.39,index,valid,synthetic_ran_kpi,103,102,4.48,99.9
RAN_KPI-CELL_ACCESS_HOURLY-02-05,CELL030101,CMU,KV3,active,2026-08-18-05,2026-08-18 05:00:00,54.87,index,valid,synthetic_ran_kpi,121,117,1.71,99.9
RAN_KPI-CELL_ACCESS_HOURLY-02-06,CELL030101,CMU,KV3,active,2026-08-18-06,2026-08-18 06:00:00,42.51,index,valid,synthetic_ran_kpi,177,176,7.16,99.9
RAN_KPI-CELL_ACCESS_HOURLY-02-07,CELL030101,CMU,KV3,active,2026-08-18-07,2026-08-18 07:00:00,61.15,index,valid,synthetic_ran_kpi,229,224,3.11,99.9
RAN_KPI-CELL_ACCESS_HOURLY-02-08,CELL030101,CMU,KV3,active,2026-08-18-08,2026-08-18 08:00:00,68.69,index,valid,synthetic_ran_kpi,286,280,3.99,99.9
RAN_KPI-CELL_ACCESS_HOURLY-02-09,CELL030101,CMU,KV3,active,2026-08-18-09,2026-08-18 09:00:00,31.22,index,valid,synthetic_ran_kpi,123,115,2.85,99.9
RAN_KPI-CELL_ACCESS_HOURLY-02-10,CELL030101,CMU,KV3,active,2026-08-18-10,2026-08-18 10:00:00,20.38,index,valid,synthetic_ran_kpi,139,133,6.68,99.9
RAN_KPI-CELL_ACCESS_HOURLY-02-11,CELL030101,CMU,KV3,active,2026-08-18-11,2026-08-18 11:00:00,37.64,index,valid,synthetic_ran_kpi,254,250,5.23,99.9
RAN_KPI-CELL_ACCESS_HOURLY-02-12,CELL030101,CMU,KV3,active,2026-08-18-12,2026-08-18 12:00:00,68.36,index,valid,synthetic_ran_kpi,196,194,6.87,99.9
RAN_KPI-CELL_ACCESS_HOURLY-02-13,CELL030101,CMU,KV3,active,2026-08-18-13,2026-08-18 13:00:00,37.32,index,valid,synthetic_ran_kpi,174,172,3.02,99.9
RAN_KPI-CELL_ACCESS_HOURLY-02-14,CELL030101,CMU,KV3,active,2026-08-18-14,2026-08-18 14:00:00,41.34,index,valid,synthetic_ran_kpi,272,265,2.45,99.9
RAN_KPI-CELL_ACCESS_HOURLY-02-15,CELL030101,CMU,KV3,active,2026-08-18-15,2026-08-18 15:00:00,54.81,index,valid,synthetic_ran_kpi,177,171,0.82,99.9
RAN_KPI-CELL_ACCESS_HOURLY-02-16,CELL030101,CMU,KV3,active,2026-08-18-16,2026-08-18 16:00:00,17.16,index,valid,synthetic_ran_kpi,288,284,4.8,99.9
RAN_KPI-CELL_ACCESS_HOURLY-02-17,CELL030101,CMU,KV3,active,2026-08-18-17,2026-08-18 17:00:00,46.74,index,valid,synthetic_ran_kpi,166,158,7.32,99.9
RAN_KPI-CELL_ACCESS_HOURLY-02-18,CELL030101,CMU,KV3,active,2026-08-18-18,2026-08-18 18:00:00,42.58,index,valid,synthetic_ran_kpi,275,269,3.66,99.9
RAN_KPI-CELL_ACCESS_HOURLY-02-19,CELL030101,CMU,KV3,active,2026-08-18-19,2026-08-18 19:00:00,69.14,index,valid,synthetic_ran_kpi,173,170,4.61,99.9
RAN_KPI-CELL_ACCESS_HOURLY-02-20,CELL030101,CMU,KV3,active,2026-08-18-20,2026-08-18 20:00:00,39.04,index,valid,synthetic_ran_kpi,87,86,1.77,99.9
RAN_KPI-CELL_ACCESS_HOURLY-02-21,CELL030101,CMU,KV3,active,2026-08-18-21,2026-08-18 21:00:00,64.31,index,valid,synthetic_ran_kpi,196,195,1.72,99.9
RAN_KPI-CELL_ACCESS_HOURLY-02-22,CELL030101,CMU,KV3,active,2026-08-18-22,2026-08-18 22:00:00,34.55,index,valid,synthetic_ran_kpi,245,240,2.13,99.9
RAN_KPI-CELL_ACCESS_HOURLY-02-23,CELL030101,CMU,KV3,active,2026-08-18-23,2026-08-18 23:00:00,75.3,index,valid,synthetic_ran_kpi,300,294,6.91,99.9
RAN_KPI-CELL_ACCESS_HOURLY-02-24,CELL030101,CMU,KV3,active,2026-08-19-00,2026-08-19 00:00:00,28.89,index,valid,synthetic_ran_kpi,117,114,1.65,99.9
RAN_KPI-CELL_ACCESS_HOURLY-02-25,CELL030101,CMU,KV3,active,2026-08-19-01,2026-08-19 01:00:00,63.26,index,valid,synthetic_ran_kpi,124,116,5.88,99.9
RAN_KPI-CELL_ACCESS_HOURLY-02-26,CELL030101,CMU,KV3,active,2026-08-19-02,2026-08-19 02:00:00,41.17,index,valid,synthetic_ran_kpi,121,113,1.88,99.9
RAN_KPI-CELL_ACCESS_HOURLY-02-27,CELL030101,CMU,KV3,active,2026-08-19-03,2026-08-19 03:00:00,24.2,index,valid,synthetic_ran_kpi,179,172,2.57,99.9
RAN_KPI-CELL_ACCESS_HOURLY-02-28,CELL030101,CMU,KV3,active,2026-08-19-04,2026-08-19 04:00:00,50.79,index,valid,synthetic_ran_kpi,93,90,0.91,99.9
RAN_KPI-CELL_ACCESS_HOURLY-02-29,CELL030101,CMU,KV3,active,2026-08-19-05,2026-08-19 05:00:00,54.58,index,valid,synthetic_ran_kpi,296,292,7.87,99.9
RAN_KPI-CELL_ACCESS_HOURLY-02-30,CELL030101,CMU,KV3,active,2026-08-19-06,2026-08-19 06:00:00,32.11,index,valid,synthetic_ran_kpi,127,125,5.95,99.9
RAN_KPI-CELL_ACCESS_HOURLY-02-31,CELL030101,CMU,KV3,active,2026-08-19-07,2026-08-19 07:00:00,55.63,index,valid,synthetic_ran_kpi,292,287,6.24,99.9
RAN_KPI-CELL_ACCESS_HOURLY-02-32,CELL030101,CMU,KV3,active,2026-08-19-08,2026-08-19 08:00:00,83.75,index,valid,synthetic_ran_kpi,219,217,4.75,99.9
RAN_KPI-CELL_ACCESS_HOURLY-02-33,CELL030101,CMU,KV3,active,2026-08-19-09,2026-08-19 09:00:00,63.32,index,valid,synthetic_ran_kpi,100,97,6.77,99.9
RAN_KPI-CELL_ACCESS_HOURLY-02-34,CELL030101,CMU,KV3,active,2026-08-19-10,2026-08-19 10:00:00,64.41,index,valid,synthetic_ran_kpi,230,228,2.48,99.9
RAN_KPI-CELL_ACCESS_HOURLY-02-35,CELL030101,CMU,KV3,active,2026-08-19-11,2026-08-19 11:00:00,19.22,index,valid,synthetic_ran_kpi,213,209,0.54,99.9
RAN_KPI-CELL_ACCESS_HOURLY-02-36,CELL030101,CMU,KV3,active,2026-08-19-12,2026-08-19 12:00:00,29.67,index,valid,synthetic_ran_kpi,277,272,1.12,99.9
RAN_KPI-CELL_ACCESS_HOURLY-02-37,CELL030101,CMU,KV3,active,2026-08-19-13,2026-08-19 13:00:00,39.72,index,valid,synthetic_ran_kpi,153,151,1.98,99.9
RAN_KPI-CELL_ACCESS_HOURLY-02-38,CELL030101,CMU,KV3,active,2026-08-19-14,2026-08-19 14:00:00,31.18,index,valid,synthetic_ran_kpi,256,252,2.75,99.9
RAN_KPI-CELL_ACCESS_HOURLY-02-39,CELL030101,CMU,KV3,active,2026-08-19-15,2026-08-19 15:00:00,76.46,index,valid,synthetic_ran_kpi,236,232,5.99,99.9
RAN_KPI-CELL_ACCESS_HOURLY-02-40,CELL030101,CMU,KV3,active,2026-08-19-16,2026-08-19 16:00:00,47.02,index,valid,synthetic_ran_kpi,189,181,6.22,99.9
RAN_KPI-CELL_ACCESS_HOURLY-02-41,CELL030101,CMU,KV3,active,2026-08-19-17,2026-08-19 17:00:00,29.41,index,valid,synthetic_ran_kpi,215,213,2.7,99.9
RAN_KPI-CELL_ACCESS_HOURLY-02-42,CELL030101,CMU,KV3,active,2026-08-19-18,2026-08-19 18:00:00,64.98,index,valid,synthetic_ran_kpi,213,209,3.71,99.9
RAN_KPI-CELL_ACCESS_HOURLY-02-43,CELL030101,CMU,KV3,active,2026-08-19-19,2026-08-19 19:00:00,55.84,index,valid,synthetic_ran_kpi,260,256,5.83,99.9
RAN_KPI-CELL_ACCESS_HOURLY-02-44,CELL030101,CMU,KV3,active,2026-08-19-20,2026-08-19 20:00:00,43.91,index,valid,synthetic_ran_kpi,252,250,3.34,99.9
RAN_KPI-CELL_ACCESS_HOURLY-02-45,CELL030101,CMU,KV3,active,2026-08-19-21,2026-08-19 21:00:00,37.9,index,valid,synthetic_ran_kpi,170,165,2.92,99.9
RAN_KPI-CELL_ACCESS_HOURLY-02-46,CELL030101,CMU,KV3,active,2026-08-19-22,2026-08-19 22:00:00,52.08,index,valid,synthetic_ran_kpi,270,264,5.3,99.9
RAN_KPI-CELL_ACCESS_HOURLY-02-47,CELL030101,CMU,KV3,active,2026-08-19-23,2026-08-19 23:00:00,39.04,index,valid,synthetic_ran_kpi,94,91,1.98,99.9
RAN_KPI-CELL_ACCESS_HOURLY-02-48,CELL030101,CMU,KV3,active,2026-08-20-00,2026-08-20 00:00:00,52.14,index,valid,synthetic_ran_kpi,256,252,3.88,99.9
RAN_KPI-CELL_ACCESS_HOURLY-02-49,CELL030101,CMU,KV3,active,2026-08-20-01,2026-08-20 01:00:00,65.68,index,valid,synthetic_ran_kpi,171,169,3.46,99.9
RAN_KPI-CELL_ACCESS_HOURLY-02-50,CELL030101,CMU,KV3,active,2026-08-20-02,2026-08-20 02:00:00,47.63,index,valid,synthetic_ran_kpi,164,157,1.57,99.9
RAN_KPI-CELL_ACCESS_HOURLY-02-51,CELL030101,CMU,KV3,active,2026-08-20-03,2026-08-20 03:00:00,39.75,index,valid,synthetic_ran_kpi,156,148,4.16,99.9
RAN_KPI-CELL_ACCESS_HOURLY-02-52,CELL030101,CMU,KV3,active,2026-08-20-04,2026-08-20 04:00:00,42.07,index,valid,synthetic_ran_kpi,90,88,5.09,99.9
RAN_KPI-CELL_ACCESS_HOURLY-02-53,CELL030101,CMU,KV3,active,2026-08-20-05,2026-08-20 05:00:00,24.46,index,valid,synthetic_ran_kpi,189,184,5.0,99.9
RAN_KPI-CELL_ACCESS_HOURLY-02-54,CELL030101,CMU,KV3,active,2026-08-20-06,2026-08-20 06:00:00,49.27,index,valid,synthetic_ran_kpi,106,99,7.09,99.9
RAN_KPI-CELL_ACCESS_HOURLY-02-55,CELL030101,CMU,KV3,active,2026-08-20-07,2026-08-20 07:00:00,16.38,index,valid,synthetic_ran_kpi,155,148,3.63,99.9
RAN_KPI-CELL_ACCESS_HOURLY-02-56,CELL030101,CMU,KV3,active,2026-08-20-08,2026-08-20 08:00:00,48.96,index,valid,synthetic_ran_kpi,91,85,3.32,99.9
RAN_KPI-CELL_ACCESS_HOURLY-02-57,CELL030101,CMU,KV3,active,2026-08-20-09,2026-08-20 09:00:00,36.77,index,valid,synthetic_ran_kpi,232,230,3.14,99.9
RAN_KPI-CELL_ACCESS_HOURLY-02-58,CELL030101,CMU,KV3,active,2026-08-20-10,2026-08-20 10:00:00,70.68,index,valid,synthetic_ran_kpi,151,148,3.35,99.9
RAN_KPI-CELL_ACCESS_HOURLY-02-59,CELL030101,CMU,KV3,active,2026-08-20-11,2026-08-20 11:00:00,62.97,index,valid,synthetic_ran_kpi,291,286,4.04,99.9
RAN_KPI-CELL_ACCESS_HOURLY-02-60,CELL030101,CMU,KV3,active,2026-08-20-12,2026-08-20 12:00:00,50.12,index,valid,synthetic_ran_kpi,211,209,3.74,99.9
RAN_KPI-CELL_ACCESS_HOURLY-02-61,CELL030101,CMU,KV3,active,2026-08-20-13,2026-08-20 13:00:00,55.47,index,valid,synthetic_ran_kpi,147,141,6.94,99.9
RAN_KPI-CELL_ACCESS_HOURLY-02-62,CELL030101,CMU,KV3,active,2026-08-20-14,2026-08-20 14:00:00,58.07,index,valid,synthetic_ran_kpi,109,105,3.58,99.9
RAN_KPI-CELL_ACCESS_HOURLY-02-63,CELL030101,CMU,KV3,active,2026-08-20-15,2026-08-20 15:00:00,63.49,index,valid,synthetic_ran_kpi,195,192,3.24,99.9
RAN_KPI-CELL_ACCESS_HOURLY-02-64,CELL030101,CMU,KV3,active,2026-08-20-16,2026-08-20 16:00:00,25.13,index,valid,synthetic_ran_kpi,83,80,0.57,99.9
RAN_KPI-CELL_ACCESS_HOURLY-02-65,CELL030101,CMU,KV3,active,2026-08-20-17,2026-08-20 17:00:00,34.39,index,valid,synthetic_ran_kpi,212,204,5.3,99.9
RAN_KPI-CELL_ACCESS_HOURLY-02-66,CELL030101,CMU,KV3,active,2026-08-20-18,2026-08-20 18:00:00,59.33,index,valid,synthetic_ran_kpi,168,160,1.55,99.9
RAN_KPI-CELL_ACCESS_HOURLY-02-67,CELL030101,CMU,KV3,active,2026-08-20-19,2026-08-20 19:00:00,40.65,index,valid,synthetic_ran_kpi,181,178,3.11,99.9
RAN_KPI-CELL_ACCESS_HOURLY-02-68,CELL030101,CMU,KV3,active,2026-08-20-20,2026-08-20 20:00:00,76.92,index,valid,synthetic_ran_kpi,157,156,2.5,99.9
RAN_KPI-CELL_ACCESS_HOURLY-02-69,CELL030101,CMU,KV3,active,2026-08-20-21,2026-08-20 21:00:00,81.72,index,valid,synthetic_ran_kpi,154,150,1.33,99.9
RAN_KPI-CELL_ACCESS_HOURLY-02-70,CELL030101,CMU,KV3,active,2026-08-20-22,2026-08-20 22:00:00,80.56,index,valid,synthetic_ran_kpi,263,258,2.93,99.9
RAN_KPI-CELL_ACCESS_HOURLY-02-71,CELL030101,CMU,KV3,active,2026-08-20-23,2026-08-20 23:00:00,42.16,index,valid,synthetic_ran_kpi,204,202,5.52,99.9
RAN_KPI-CELL_ACCESS_HOURLY-03-00,CELL040201,NBH,KV1,active,2026-08-18-00,2026-08-18 00:00:00,65.83,index,valid,synthetic_ran_kpi,236,228,6.65,99.9
RAN_KPI-CELL_ACCESS_HOURLY-03-01,CELL040201,NBH,KV1,active,2026-08-18-01,2026-08-18 01:00:00,45.16,index,valid,synthetic_ran_kpi,249,248,6.67,99.9
RAN_KPI-CELL_ACCESS_HOURLY-03-02,CELL040201,NBH,KV1,active,2026-08-18-02,2026-08-18 02:00:00,55.97,index,valid,synthetic_ran_kpi,152,151,4.07,99.9
RAN_KPI-CELL_ACCESS_HOURLY-03-03,CELL040201,NBH,KV1,active,2026-08-18-03,2026-08-18 03:00:00,71.72,index,valid,synthetic_ran_kpi,289,282,1.52,99.9
RAN_KPI-CELL_ACCESS_HOURLY-03-04,CELL040201,NBH,KV1,active,2026-08-18-04,2026-08-18 04:00:00,19.92,index,valid,synthetic_ran_kpi,113,105,6.5,99.9
RAN_KPI-CELL_ACCESS_HOURLY-03-05,CELL040201,NBH,KV1,active,2026-08-18-05,2026-08-18 05:00:00,51.09,index,valid,synthetic_ran_kpi,300,296,7.56,99.9
RAN_KPI-CELL_ACCESS_HOURLY-03-06,CELL040201,NBH,KV1,active,2026-08-18-06,2026-08-18 06:00:00,80.9,index,valid,synthetic_ran_kpi,261,258,4.64,99.9
RAN_KPI-CELL_ACCESS_HOURLY-03-07,CELL040201,NBH,KV1,active,2026-08-18-07,2026-08-18 07:00:00,68.94,index,valid,synthetic_ran_kpi,224,218,7.18,99.9
RAN_KPI-CELL_ACCESS_HOURLY-03-08,CELL040201,NBH,KV1,active,2026-08-18-08,2026-08-18 08:00:00,72.52,index,valid,synthetic_ran_kpi,113,111,4.39,99.9
RAN_KPI-CELL_ACCESS_HOURLY-03-09,CELL040201,NBH,KV1,active,2026-08-18-09,2026-08-18 09:00:00,39.86,index,valid,synthetic_ran_kpi,287,286,2.27,99.9
RAN_KPI-CELL_ACCESS_HOURLY-03-10,CELL040201,NBH,KV1,active,2026-08-18-10,2026-08-18 10:00:00,66.49,index,valid,synthetic_ran_kpi,258,250,0.9,99.9
RAN_KPI-CELL_ACCESS_HOURLY-03-11,CELL040201,NBH,KV1,active,2026-08-18-11,2026-08-18 11:00:00,73.41,index,valid,synthetic_ran_kpi,126,123,3.76,99.9
RAN_KPI-CELL_ACCESS_HOURLY-03-12,CELL040201,NBH,KV1,active,2026-08-18-12,2026-08-18 12:00:00,42.93,index,valid,synthetic_ran_kpi,277,273,3.95,99.9
RAN_KPI-CELL_ACCESS_HOURLY-03-13,CELL040201,NBH,KV1,active,2026-08-18-13,2026-08-18 13:00:00,78.32,index,valid,synthetic_ran_kpi,95,94,6.18,99.9
RAN_KPI-CELL_ACCESS_HOURLY-03-14,CELL040201,NBH,KV1,active,2026-08-18-14,2026-08-18 14:00:00,68.13,index,valid,synthetic_ran_kpi,290,287,4.47,99.9
RAN_KPI-CELL_ACCESS_HOURLY-03-15,CELL040201,NBH,KV1,active,2026-08-18-15,2026-08-18 15:00:00,35.25,index,valid,synthetic_ran_kpi,276,269,7.09,99.9
RAN_KPI-CELL_ACCESS_HOURLY-03-16,CELL040201,NBH,KV1,active,2026-08-18-16,2026-08-18 16:00:00,69.72,index,valid,synthetic_ran_kpi,115,111,7.18,99.9
RAN_KPI-CELL_ACCESS_HOURLY-03-17,CELL040201,NBH,KV1,active,2026-08-18-17,2026-08-18 17:00:00,24.75,index,valid,synthetic_ran_kpi,159,151,2.17,99.9
RAN_KPI-CELL_ACCESS_HOURLY-03-18,CELL040201,NBH,KV1,active,2026-08-18-18,2026-08-18 18:00:00,16.37,index,valid,synthetic_ran_kpi,285,278,6.09,99.9
RAN_KPI-CELL_ACCESS_HOURLY-03-19,CELL040201,NBH,KV1,active,2026-08-18-19,2026-08-18 19:00:00,73.58,index,valid,synthetic_ran_kpi,253,249,1.9,99.9
RAN_KPI-CELL_ACCESS_HOURLY-03-20,CELL040201,NBH,KV1,active,2026-08-18-20,2026-08-18 20:00:00,74.62,index,valid,synthetic_ran_kpi,101,100,7.57,99.9
RAN_KPI-CELL_ACCESS_HOURLY-03-21,CELL040201,NBH,KV1,active,2026-08-18-21,2026-08-18 21:00:00,65.42,index,valid,synthetic_ran_kpi,245,239,3.65,99.9
RAN_KPI-CELL_ACCESS_HOURLY-03-22,CELL040201,NBH,KV1,active,2026-08-18-22,2026-08-18 22:00:00,80.9,index,valid,synthetic_ran_kpi,155,151,1.18,99.9
RAN_KPI-CELL_ACCESS_HOURLY-03-23,CELL040201,NBH,KV1,active,2026-08-18-23,2026-08-18 23:00:00,20.23,index,valid,synthetic_ran_kpi,113,106,2.29,99.9
RAN_KPI-CELL_ACCESS_HOURLY-03-24,CELL040201,NBH,KV1,active,2026-08-19-00,2026-08-19 00:00:00,41.75,index,valid,synthetic_ran_kpi,222,216,5.46,99.9
RAN_KPI-CELL_ACCESS_HOURLY-03-25,CELL040201,NBH,KV1,active,2026-08-19-01,2026-08-19 01:00:00,83.6,index,valid,synthetic_ran_kpi,94,90,6.81,99.9
RAN_KPI-CELL_ACCESS_HOURLY-03-26,CELL040201,NBH,KV1,active,2026-08-19-02,2026-08-19 02:00:00,41.99,index,valid,synthetic_ran_kpi,194,188,7.45,99.9
RAN_KPI-CELL_ACCESS_HOURLY-03-27,CELL040201,NBH,KV1,active,2026-08-19-03,2026-08-19 03:00:00,48.12,index,valid,synthetic_ran_kpi,253,251,3.6,99.9
RAN_KPI-CELL_ACCESS_HOURLY-03-28,CELL040201,NBH,KV1,active,2026-08-19-04,2026-08-19 04:00:00,45.1,index,valid,synthetic_ran_kpi,225,218,1.43,99.9
RAN_KPI-CELL_ACCESS_HOURLY-03-29,CELL040201,NBH,KV1,active,2026-08-19-05,2026-08-19 05:00:00,70.48,index,valid,synthetic_ran_kpi,211,203,4.02,99.9
RAN_KPI-CELL_ACCESS_HOURLY-03-30,CELL040201,NBH,KV1,active,2026-08-19-06,2026-08-19 06:00:00,17.6,index,valid,synthetic_ran_kpi,226,225,4.9,99.9
RAN_KPI-CELL_ACCESS_HOURLY-03-31,CELL040201,NBH,KV1,active,2026-08-19-07,2026-08-19 07:00:00,64.09,index,valid,synthetic_ran_kpi,119,114,2.76,99.9
RAN_KPI-CELL_ACCESS_HOURLY-03-32,CELL040201,NBH,KV1,active,2026-08-19-08,2026-08-19 08:00:00,42.4,index,valid,synthetic_ran_kpi,115,107,2.04,99.9
RAN_KPI-CELL_ACCESS_HOURLY-03-33,CELL040201,NBH,KV1,active,2026-08-19-09,2026-08-19 09:00:00,51.52,index,valid,synthetic_ran_kpi,102,94,6.46,99.9
RAN_KPI-CELL_ACCESS_HOURLY-03-34,CELL040201,NBH,KV1,active,2026-08-19-10,2026-08-19 10:00:00,34.78,index,valid,synthetic_ran_kpi,157,153,1.22,99.9
RAN_KPI-CELL_ACCESS_HOURLY-03-35,CELL040201,NBH,KV1,active,2026-08-19-11,2026-08-19 11:00:00,27.5,index,valid,synthetic_ran_kpi,134,126,1.67,99.9
RAN_KPI-CELL_ACCESS_HOURLY-03-36,CELL040201,NBH,KV1,active,2026-08-19-12,2026-08-19 12:00:00,18.27,index,valid,synthetic_ran_kpi,251,245,7.55,99.9
RAN_KPI-CELL_ACCESS_HOURLY-03-37,CELL040201,NBH,KV1,active,2026-08-19-13,2026-08-19 13:00:00,84.53,index,valid,synthetic_ran_kpi,268,260,1.26,99.9
RAN_KPI-CELL_ACCESS_HOURLY-03-38,CELL040201,NBH,KV1,active,2026-08-19-14,2026-08-19 14:00:00,28.93,index,valid,synthetic_ran_kpi,183,178,2.33,99.9
RAN_KPI-CELL_ACCESS_HOURLY-03-39,CELL040201,NBH,KV1,active,2026-08-19-15,2026-08-19 15:00:00,83.31,index,valid,synthetic_ran_kpi,285,282,6.44,99.9
RAN_KPI-CELL_ACCESS_HOURLY-03-40,CELL040201,NBH,KV1,active,2026-08-19-16,2026-08-19 16:00:00,80.65,index,valid,synthetic_ran_kpi,144,138,2.68,99.9
RAN_KPI-CELL_ACCESS_HOURLY-03-41,CELL040201,NBH,KV1,active,2026-08-19-17,2026-08-19 17:00:00,38.21,index,valid,synthetic_ran_kpi,187,180,6.8,99.9
RAN_KPI-CELL_ACCESS_HOURLY-03-42,CELL040201,NBH,KV1,active,2026-08-19-18,2026-08-19 18:00:00,84.72,index,valid,synthetic_ran_kpi,92,84,1.23,99.9
RAN_KPI-CELL_ACCESS_HOURLY-03-43,CELL040201,NBH,KV1,active,2026-08-19-19,2026-08-19 19:00:00,40.43,index,valid,synthetic_ran_kpi,234,232,5.55,99.9
RAN_KPI-CELL_ACCESS_HOURLY-03-44,CELL040201,NBH,KV1,active,2026-08-19-20,2026-08-19 20:00:00,32.05,index,valid,synthetic_ran_kpi,231,224,1.66,99.9
RAN_KPI-CELL_ACCESS_HOURLY-03-45,CELL040201,NBH,KV1,active,2026-08-19-21,2026-08-19 21:00:00,39.97,index,valid,synthetic_ran_kpi,286,284,7.25,99.9
RAN_KPI-CELL_ACCESS_HOURLY-03-46,CELL040201,NBH,KV1,active,2026-08-19-22,2026-08-19 22:00:00,21.69,index,valid,synthetic_ran_kpi,199,197,7.03,99.9
RAN_KPI-CELL_ACCESS_HOURLY-03-47,CELL040201,NBH,KV1,active,2026-08-19-23,2026-08-19 23:00:00,32.37,index,valid,synthetic_ran_kpi,92,85,7.21,99.9
RAN_KPI-CELL_ACCESS_HOURLY-03-48,CELL040201,NBH,KV1,active,2026-08-20-00,2026-08-20 00:00:00,71.63,index,valid,synthetic_ran_kpi,257,255,5.6,99.9
RAN_KPI-CELL_ACCESS_HOURLY-03-49,CELL040201,NBH,KV1,active,2026-08-20-01,2026-08-20 01:00:00,44.55,index,valid,synthetic_ran_kpi,196,192,5.48,99.9
RAN_KPI-CELL_ACCESS_HOURLY-03-50,CELL040201,NBH,KV1,active,2026-08-20-02,2026-08-20 02:00:00,70.31,index,valid,synthetic_ran_kpi,150,149,1.29,99.9
RAN_KPI-CELL_ACCESS_HOURLY-03-51,CELL040201,NBH,KV1,active,2026-08-20-03,2026-08-20 03:00:00,79.97,index,valid,synthetic_ran_kpi,243,242,3.66,99.9
RAN_KPI-CELL_ACCESS_HOURLY-03-52,CELL040201,NBH,KV1,active,2026-08-20-04,2026-08-20 04:00:00,37.66,index,valid,synthetic_ran_kpi,272,270,2.77,99.9
RAN_KPI-CELL_ACCESS_HOURLY-03-53,CELL040201,NBH,KV1,active,2026-08-20-05,2026-08-20 05:00:00,64.74,index,valid,synthetic_ran_kpi,176,173,2.79,99.9
RAN_KPI-CELL_ACCESS_HOURLY-03-54,CELL040201,NBH,KV1,active,2026-08-20-06,2026-08-20 06:00:00,42.03,index,valid,synthetic_ran_kpi,231,230,5.28,99.9
RAN_KPI-CELL_ACCESS_HOURLY-03-55,CELL040201,NBH,KV1,active,2026-08-20-07,2026-08-20 07:00:00,28.91,index,valid,synthetic_ran_kpi,205,203,7.46,99.9
RAN_KPI-CELL_ACCESS_HOURLY-03-56,CELL040201,NBH,KV1,active,2026-08-20-08,2026-08-20 08:00:00,32.16,index,valid,synthetic_ran_kpi,252,246,1.12,99.9
RAN_KPI-CELL_ACCESS_HOURLY-03-57,CELL040201,NBH,KV1,active,2026-08-20-09,2026-08-20 09:00:00,50.09,index,valid,synthetic_ran_kpi,106,104,7.26,99.9
RAN_KPI-CELL_ACCESS_HOURLY-03-58,CELL040201,NBH,KV1,active,2026-08-20-10,2026-08-20 10:00:00,80.97,index,valid,synthetic_ran_kpi,251,247,6.72,99.9
RAN_KPI-CELL_ACCESS_HOURLY-03-59,CELL040201,NBH,KV1,active,2026-08-20-11,2026-08-20 11:00:00,60.63,index,valid,synthetic_ran_kpi,286,283,1.55,99.9
RAN_KPI-CELL_ACCESS_HOURLY-03-60,CELL040201,NBH,KV1,active,2026-08-20-12,2026-08-20 12:00:00,76.25,index,valid,synthetic_ran_kpi,112,110,3.28,99.9
RAN_KPI-CELL_ACCESS_HOURLY-03-61,CELL040201,NBH,KV1,active,2026-08-20-13,2026-08-20 13:00:00,59.87,index,valid,synthetic_ran_kpi,230,226,6.35,99.9
RAN_KPI-CELL_ACCESS_HOURLY-03-62,CELL040201,NBH,KV1,active,2026-08-20-14,2026-08-20 14:00:00,75.46,index,valid,synthetic_ran_kpi,160,153,3.4,99.9
RAN_KPI-CELL_ACCESS_HOURLY-03-63,CELL040201,NBH,KV1,active,2026-08-20-15,2026-08-20 15:00:00,82.91,index,valid,synthetic_ran_kpi,176,175,3.52,99.9
RAN_KPI-CELL_ACCESS_HOURLY-03-64,CELL040201,NBH,KV1,active,2026-08-20-16,2026-08-20 16:00:00,19.37,index,valid,synthetic_ran_kpi,274,271,4.6,99.9
RAN_KPI-CELL_ACCESS_HOURLY-03-65,CELL040201,NBH,KV1,active,2026-08-20-17,2026-08-20 17:00:00,25.07,index,valid,synthetic_ran_kpi,122,119,4.19,99.9
RAN_KPI-CELL_ACCESS_HOURLY-03-66,CELL040201,NBH,KV1,active,2026-08-20-18,2026-08-20 18:00:00,47.9,index,valid,synthetic_ran_kpi,189,181,5.12,99.9
RAN_KPI-CELL_ACCESS_HOURLY-03-67,CELL040201,NBH,KV1,active,2026-08-20-19,2026-08-20 19:00:00,84.29,index,valid,synthetic_ran_kpi,153,152,0.69,99.9
RAN_KPI-CELL_ACCESS_HOURLY-03-68,CELL040201,NBH,KV1,active,2026-08-20-20,2026-08-20 20:00:00,79.61,index,valid,synthetic_ran_kpi,122,115,3.46,99.9
RAN_KPI-CELL_ACCESS_HOURLY-03-69,CELL040201,NBH,KV1,active,2026-08-20-21,2026-08-20 21:00:00,39.37,index,valid,synthetic_ran_kpi,209,206,7.23,99.9
RAN_KPI-CELL_ACCESS_HOURLY-03-70,CELL040201,NBH,KV1,active,2026-08-20-22,2026-08-20 22:00:00,78.17,index,valid,synthetic_ran_kpi,281,273,7.26,99.9
RAN_KPI-CELL_ACCESS_HOURLY-03-71,CELL040201,NBH,KV1,active,2026-08-20-23,2026-08-20 23:00:00,49.85,index,valid,synthetic_ran_kpi,244,242,7.25,99.9
RAN_KPI-CELL_ACCESS_HOURLY-04-00,CELL050101,HCM,KV3,active,2026-08-18-00,2026-08-18 00:00:00,55.84,index,valid,synthetic_ran_kpi,134,127,7.9,99.9
RAN_KPI-CELL_ACCESS_HOURLY-04-01,CELL050101,HCM,KV3,active,2026-08-18-01,2026-08-18 01:00:00,37.1,index,valid,synthetic_ran_kpi,180,175,3.43,99.9
RAN_KPI-CELL_ACCESS_HOURLY-04-02,CELL050101,HCM,KV3,active,2026-08-18-02,2026-08-18 02:00:00,40.52,index,valid,synthetic_ran_kpi,83,81,5.74,99.9
RAN_KPI-CELL_ACCESS_HOURLY-04-03,CELL050101,HCM,KV3,active,2026-08-18-03,2026-08-18 03:00:00,46.68,index,valid,synthetic_ran_kpi,274,269,3.11,99.9
RAN_KPI-CELL_ACCESS_HOURLY-04-04,CELL050101,HCM,KV3,active,2026-08-18-04,2026-08-18 04:00:00,74.27,index,valid,synthetic_ran_kpi,214,209,2.76,99.9
RAN_KPI-CELL_ACCESS_HOURLY-04-05,CELL050101,HCM,KV3,active,2026-08-18-05,2026-08-18 05:00:00,57.64,index,valid,synthetic_ran_kpi,221,218,5.56,99.9
RAN_KPI-CELL_ACCESS_HOURLY-04-06,CELL050101,HCM,KV3,active,2026-08-18-06,2026-08-18 06:00:00,34.16,index,valid,synthetic_ran_kpi,176,170,7.12,99.9
RAN_KPI-CELL_ACCESS_HOURLY-04-07,CELL050101,HCM,KV3,active,2026-08-18-07,2026-08-18 07:00:00,70.81,index,valid,synthetic_ran_kpi,278,274,1.1,99.9
RAN_KPI-CELL_ACCESS_HOURLY-04-08,CELL050101,HCM,KV3,active,2026-08-18-08,2026-08-18 08:00:00,84.86,index,valid,synthetic_ran_kpi,239,231,1.16,99.9
RAN_KPI-CELL_ACCESS_HOURLY-04-09,CELL050101,HCM,KV3,active,2026-08-18-09,2026-08-18 09:00:00,68.17,index,valid,synthetic_ran_kpi,157,150,4.77,99.9
RAN_KPI-CELL_ACCESS_HOURLY-04-10,CELL050101,HCM,KV3,active,2026-08-18-10,2026-08-18 10:00:00,44.76,index,valid,synthetic_ran_kpi,121,117,4.34,99.9
RAN_KPI-CELL_ACCESS_HOURLY-04-11,CELL050101,HCM,KV3,active,2026-08-18-11,2026-08-18 11:00:00,75.8,index,valid,synthetic_ran_kpi,127,126,1.95,99.9
RAN_KPI-CELL_ACCESS_HOURLY-04-12,CELL050101,HCM,KV3,active,2026-08-18-12,2026-08-18 12:00:00,62.12,index,valid,synthetic_ran_kpi,126,122,3.01,99.9
RAN_KPI-CELL_ACCESS_HOURLY-04-13,CELL050101,HCM,KV3,active,2026-08-18-13,2026-08-18 13:00:00,81.22,index,valid,synthetic_ran_kpi,175,172,6.63,99.9
RAN_KPI-CELL_ACCESS_HOURLY-04-14,CELL050101,HCM,KV3,active,2026-08-18-14,2026-08-18 14:00:00,58.52,index,valid,synthetic_ran_kpi,156,150,3.38,99.9
RAN_KPI-CELL_ACCESS_HOURLY-04-15,CELL050101,HCM,KV3,active,2026-08-18-15,2026-08-18 15:00:00,71.07,index,valid,synthetic_ran_kpi,213,211,4.2,99.9
RAN_KPI-CELL_ACCESS_HOURLY-04-16,CELL050101,HCM,KV3,active,2026-08-18-16,2026-08-18 16:00:00,57.19,index,valid,synthetic_ran_kpi,274,266,2.82,99.9
RAN_KPI-CELL_ACCESS_HOURLY-04-17,CELL050101,HCM,KV3,active,2026-08-18-17,2026-08-18 17:00:00,73.92,index,valid,synthetic_ran_kpi,92,89,7.24,99.9
RAN_KPI-CELL_ACCESS_HOURLY-04-18,CELL050101,HCM,KV3,active,2026-08-18-18,2026-08-18 18:00:00,75.2,index,valid,synthetic_ran_kpi,170,165,1.11,99.9
RAN_KPI-CELL_ACCESS_HOURLY-04-19,CELL050101,HCM,KV3,active,2026-08-18-19,2026-08-18 19:00:00,78.18,index,valid,synthetic_ran_kpi,234,231,1.84,99.9
RAN_KPI-CELL_ACCESS_HOURLY-04-20,CELL050101,HCM,KV3,active,2026-08-18-20,2026-08-18 20:00:00,73.78,index,valid,synthetic_ran_kpi,186,179,7.51,99.9
RAN_KPI-CELL_ACCESS_HOURLY-04-21,CELL050101,HCM,KV3,active,2026-08-18-21,2026-08-18 21:00:00,53.83,index,valid,synthetic_ran_kpi,157,149,7.3,99.9
RAN_KPI-CELL_ACCESS_HOURLY-04-22,CELL050101,HCM,KV3,active,2026-08-18-22,2026-08-18 22:00:00,65.36,index,valid,synthetic_ran_kpi,299,293,4.22,99.9
RAN_KPI-CELL_ACCESS_HOURLY-04-23,CELL050101,HCM,KV3,active,2026-08-18-23,2026-08-18 23:00:00,78.01,index,valid,synthetic_ran_kpi,229,221,6.62,99.9
RAN_KPI-CELL_ACCESS_HOURLY-04-24,CELL050101,HCM,KV3,active,2026-08-19-00,2026-08-19 00:00:00,62.51,index,valid,synthetic_ran_kpi,138,135,1.61,99.9
RAN_KPI-CELL_ACCESS_HOURLY-04-25,CELL050101,HCM,KV3,active,2026-08-19-01,2026-08-19 01:00:00,36.54,index,valid,synthetic_ran_kpi,91,88,1.79,99.9
RAN_KPI-CELL_ACCESS_HOURLY-04-26,CELL050101,HCM,KV3,active,2026-08-19-02,2026-08-19 02:00:00,46.48,index,valid,synthetic_ran_kpi,285,277,5.61,99.9
RAN_KPI-CELL_ACCESS_HOURLY-04-27,CELL050101,HCM,KV3,active,2026-08-19-03,2026-08-19 03:00:00,23.42,index,valid,synthetic_ran_kpi,193,190,0.96,99.9
RAN_KPI-CELL_ACCESS_HOURLY-04-28,CELL050101,HCM,KV3,active,2026-08-19-04,2026-08-19 04:00:00,40.1,index,valid,synthetic_ran_kpi,203,200,0.89,99.9
RAN_KPI-CELL_ACCESS_HOURLY-04-29,CELL050101,HCM,KV3,active,2026-08-19-05,2026-08-19 05:00:00,70.2,index,valid,synthetic_ran_kpi,160,152,2.46,99.9
RAN_KPI-CELL_ACCESS_HOURLY-04-30,CELL050101,HCM,KV3,active,2026-08-19-06,2026-08-19 06:00:00,37.67,index,valid,synthetic_ran_kpi,251,243,2.36,99.9
RAN_KPI-CELL_ACCESS_HOURLY-04-31,CELL050101,HCM,KV3,active,2026-08-19-07,2026-08-19 07:00:00,77.33,index,valid,synthetic_ran_kpi,200,192,3.99,99.9
RAN_KPI-CELL_ACCESS_HOURLY-04-32,CELL050101,HCM,KV3,active,2026-08-19-08,2026-08-19 08:00:00,72.46,index,valid,synthetic_ran_kpi,133,126,1.43,99.9
RAN_KPI-CELL_ACCESS_HOURLY-04-33,CELL050101,HCM,KV3,active,2026-08-19-09,2026-08-19 09:00:00,82.39,index,valid,synthetic_ran_kpi,100,99,2.54,99.9
RAN_KPI-CELL_ACCESS_HOURLY-04-34,CELL050101,HCM,KV3,active,2026-08-19-10,2026-08-19 10:00:00,67.16,index,valid,synthetic_ran_kpi,243,240,2.43,99.9
RAN_KPI-CELL_ACCESS_HOURLY-04-35,CELL050101,HCM,KV3,active,2026-08-19-11,2026-08-19 11:00:00,23.12,index,valid,synthetic_ran_kpi,228,222,0.71,99.9
RAN_KPI-CELL_ACCESS_HOURLY-04-36,CELL050101,HCM,KV3,active,2026-08-19-12,2026-08-19 12:00:00,74.91,index,valid,synthetic_ran_kpi,262,255,0.77,99.9
RAN_KPI-CELL_ACCESS_HOURLY-04-37,CELL050101,HCM,KV3,active,2026-08-19-13,2026-08-19 13:00:00,48.83,index,valid,synthetic_ran_kpi,188,183,3.9,99.9
RAN_KPI-CELL_ACCESS_HOURLY-04-38,CELL050101,HCM,KV3,active,2026-08-19-14,2026-08-19 14:00:00,54.24,index,valid,synthetic_ran_kpi,223,222,7.73,99.9
RAN_KPI-CELL_ACCESS_HOURLY-04-39,CELL050101,HCM,KV3,active,2026-08-19-15,2026-08-19 15:00:00,66.27,index,valid,synthetic_ran_kpi,160,153,6.39,99.9
RAN_KPI-CELL_ACCESS_HOURLY-04-40,CELL050101,HCM,KV3,active,2026-08-19-16,2026-08-19 16:00:00,68.24,index,valid,synthetic_ran_kpi,217,215,3.69,99.9
RAN_KPI-CELL_ACCESS_HOURLY-04-41,CELL050101,HCM,KV3,active,2026-08-19-17,2026-08-19 17:00:00,62.88,index,valid,synthetic_ran_kpi,257,253,5.53,99.9
RAN_KPI-CELL_ACCESS_HOURLY-04-42,CELL050101,HCM,KV3,active,2026-08-19-18,2026-08-19 18:00:00,20.28,index,valid,synthetic_ran_kpi,102,99,5.51,99.9
RAN_KPI-CELL_ACCESS_HOURLY-04-43,CELL050101,HCM,KV3,active,2026-08-19-19,2026-08-19 19:00:00,17.87,index,valid,synthetic_ran_kpi,182,176,5.43,99.9
RAN_KPI-CELL_ACCESS_HOURLY-04-44,CELL050101,HCM,KV3,active,2026-08-19-20,2026-08-19 20:00:00,57.24,index,valid,synthetic_ran_kpi,239,238,4.85,99.9
RAN_KPI-CELL_ACCESS_HOURLY-04-45,CELL050101,HCM,KV3,active,2026-08-19-21,2026-08-19 21:00:00,36.12,index,valid,synthetic_ran_kpi,152,151,0.73,99.9
RAN_KPI-CELL_ACCESS_HOURLY-04-46,CELL050101,HCM,KV3,active,2026-08-19-22,2026-08-19 22:00:00,83.62,index,valid,synthetic_ran_kpi,173,170,3.05,99.9
RAN_KPI-CELL_ACCESS_HOURLY-04-47,CELL050101,HCM,KV3,active,2026-08-19-23,2026-08-19 23:00:00,43.18,index,valid,synthetic_ran_kpi,166,159,5.04,99.9
RAN_KPI-CELL_ACCESS_HOURLY-04-48,CELL050101,HCM,KV3,active,2026-08-20-00,2026-08-20 00:00:00,79.45,index,valid,synthetic_ran_kpi,269,267,4.36,99.9
RAN_KPI-CELL_ACCESS_HOURLY-04-49,CELL050101,HCM,KV3,active,2026-08-20-01,2026-08-20 01:00:00,31.77,index,valid,synthetic_ran_kpi,152,150,2.82,99.9
RAN_KPI-CELL_ACCESS_HOURLY-04-50,CELL050101,HCM,KV3,active,2026-08-20-02,2026-08-20 02:00:00,41.34,index,valid,synthetic_ran_kpi,157,155,6.22,99.9
RAN_KPI-CELL_ACCESS_HOURLY-04-51,CELL050101,HCM,KV3,active,2026-08-20-03,2026-08-20 03:00:00,69.14,index,valid,synthetic_ran_kpi,236,229,5.08,99.9
RAN_KPI-CELL_ACCESS_HOURLY-04-52,CELL050101,HCM,KV3,active,2026-08-20-04,2026-08-20 04:00:00,45.68,index,valid,synthetic_ran_kpi,132,127,7.7,99.9
RAN_KPI-CELL_ACCESS_HOURLY-04-53,CELL050101,HCM,KV3,active,2026-08-20-05,2026-08-20 05:00:00,55.85,index,valid,synthetic_ran_kpi,85,83,0.89,99.9
RAN_KPI-CELL_ACCESS_HOURLY-04-54,CELL050101,HCM,KV3,active,2026-08-20-06,2026-08-20 06:00:00,73.98,index,valid,synthetic_ran_kpi,293,290,6.16,99.9
RAN_KPI-CELL_ACCESS_HOURLY-04-55,CELL050101,HCM,KV3,active,2026-08-20-07,2026-08-20 07:00:00,80.39,index,valid,synthetic_ran_kpi,153,152,5.64,99.9
RAN_KPI-CELL_ACCESS_HOURLY-04-56,CELL050101,HCM,KV3,active,2026-08-20-08,2026-08-20 08:00:00,15.65,index,valid,synthetic_ran_kpi,281,277,3.2,99.9
RAN_KPI-CELL_ACCESS_HOURLY-04-57,CELL050101,HCM,KV3,active,2026-08-20-09,2026-08-20 09:00:00,62.39,index,valid,synthetic_ran_kpi,150,149,2.37,99.9
RAN_KPI-CELL_ACCESS_HOURLY-04-58,CELL050101,HCM,KV3,active,2026-08-20-10,2026-08-20 10:00:00,69.16,index,valid,synthetic_ran_kpi,116,108,4.43,99.9
RAN_KPI-CELL_ACCESS_HOURLY-04-59,CELL050101,HCM,KV3,active,2026-08-20-11,2026-08-20 11:00:00,18.02,index,valid,synthetic_ran_kpi,108,103,7.46,99.9
RAN_KPI-CELL_ACCESS_HOURLY-04-60,CELL050101,HCM,KV3,active,2026-08-20-12,2026-08-20 12:00:00,51.16,index,valid,synthetic_ran_kpi,82,75,7.87,99.9
RAN_KPI-CELL_ACCESS_HOURLY-04-61,CELL050101,HCM,KV3,active,2026-08-20-13,2026-08-20 13:00:00,20.67,index,valid,synthetic_ran_kpi,216,209,2.89,99.9
RAN_KPI-CELL_ACCESS_HOURLY-04-62,CELL050101,HCM,KV3,active,2026-08-20-14,2026-08-20 14:00:00,44.41,index,valid,synthetic_ran_kpi,171,167,1.39,99.9
RAN_KPI-CELL_ACCESS_HOURLY-04-63,CELL050101,HCM,KV3,active,2026-08-20-15,2026-08-20 15:00:00,83.71,index,valid,synthetic_ran_kpi,139,134,4.14,99.9
RAN_KPI-CELL_ACCESS_HOURLY-04-64,CELL050101,HCM,KV3,active,2026-08-20-16,2026-08-20 16:00:00,26.92,index,valid,synthetic_ran_kpi,180,173,1.2,99.9
RAN_KPI-CELL_ACCESS_HOURLY-04-65,CELL050101,HCM,KV3,active,2026-08-20-17,2026-08-20 17:00:00,58.43,index,valid,synthetic_ran_kpi,205,198,3.9,99.9
RAN_KPI-CELL_ACCESS_HOURLY-04-66,CELL050101,HCM,KV3,active,2026-08-20-18,2026-08-20 18:00:00,34.77,index,valid,synthetic_ran_kpi,282,278,6.44,99.9
RAN_KPI-CELL_ACCESS_HOURLY-04-67,CELL050101,HCM,KV3,active,2026-08-20-19,2026-08-20 19:00:00,20.85,index,valid,synthetic_ran_kpi,186,185,0.87,99.9
RAN_KPI-CELL_ACCESS_HOURLY-04-68,CELL050101,HCM,KV3,active,2026-08-20-20,2026-08-20 20:00:00,48.46,index,valid,synthetic_ran_kpi,127,124,7.92,99.9
RAN_KPI-CELL_ACCESS_HOURLY-04-69,CELL050101,HCM,KV3,active,2026-08-20-21,2026-08-20 21:00:00,30.84,index,valid,synthetic_ran_kpi,93,85,1.55,99.9
RAN_KPI-CELL_ACCESS_HOURLY-04-70,CELL050101,HCM,KV3,active,2026-08-20-22,2026-08-20 22:00:00,27.58,index,valid,synthetic_ran_kpi,277,269,4.99,99.9
RAN_KPI-CELL_ACCESS_HOURLY-04-71,CELL050101,HCM,KV3,active,2026-08-20-23,2026-08-20 23:00:00,45.15,index,valid,synthetic_ran_kpi,273,270,5.63,99.9
RAN_KPI-CELL_ACCESS_HOURLY-05-00,CELL060101,KHA,KV2,active,2026-08-18-00,2026-08-18 00:00:00,15.61,index,valid,synthetic_ran_kpi,279,277,3.89,99.9
RAN_KPI-CELL_ACCESS_HOURLY-05-01,CELL060101,KHA,KV2,active,2026-08-18-01,2026-08-18 01:00:00,28.62,index,valid,synthetic_ran_kpi,110,106,5.62,99.9
RAN_KPI-CELL_ACCESS_HOURLY-05-02,CELL060101,KHA,KV2,active,2026-08-18-02,2026-08-18 02:00:00,79.72,index,valid,synthetic_ran_kpi,278,272,1.95,99.9
RAN_KPI-CELL_ACCESS_HOURLY-05-03,CELL060101,KHA,KV2,active,2026-08-18-03,2026-08-18 03:00:00,47.16,index,valid,synthetic_ran_kpi,267,263,6.91,99.9
RAN_KPI-CELL_ACCESS_HOURLY-05-04,CELL060101,KHA,KV2,active,2026-08-18-04,2026-08-18 04:00:00,69.88,index,valid,synthetic_ran_kpi,258,256,0.69,99.9
RAN_KPI-CELL_ACCESS_HOURLY-05-05,CELL060101,KHA,KV2,active,2026-08-18-05,2026-08-18 05:00:00,16.29,index,valid,synthetic_ran_kpi,190,185,7.8,99.9
RAN_KPI-CELL_ACCESS_HOURLY-05-06,CELL060101,KHA,KV2,active,2026-08-18-06,2026-08-18 06:00:00,41.19,index,valid,synthetic_ran_kpi,272,271,1.76,99.9
RAN_KPI-CELL_ACCESS_HOURLY-05-07,CELL060101,KHA,KV2,active,2026-08-18-07,2026-08-18 07:00:00,30.51,index,valid,synthetic_ran_kpi,250,246,7.48,99.9
RAN_KPI-CELL_ACCESS_HOURLY-05-08,CELL060101,KHA,KV2,active,2026-08-18-08,2026-08-18 08:00:00,36.88,index,valid,synthetic_ran_kpi,137,130,2.87,99.9
RAN_KPI-CELL_ACCESS_HOURLY-05-09,CELL060101,KHA,KV2,active,2026-08-18-09,2026-08-18 09:00:00,37.1,index,valid,synthetic_ran_kpi,186,181,3.06,99.9
RAN_KPI-CELL_ACCESS_HOURLY-05-10,CELL060101,KHA,KV2,active,2026-08-18-10,2026-08-18 10:00:00,74.97,index,valid,synthetic_ran_kpi,259,252,7.23,99.9
RAN_KPI-CELL_ACCESS_HOURLY-05-11,CELL060101,KHA,KV2,active,2026-08-18-11,2026-08-18 11:00:00,67.63,index,valid,synthetic_ran_kpi,145,142,3.13,99.9
RAN_KPI-CELL_ACCESS_HOURLY-05-12,CELL060101,KHA,KV2,active,2026-08-18-12,2026-08-18 12:00:00,30.13,index,valid,synthetic_ran_kpi,238,232,5.43,99.9
RAN_KPI-CELL_ACCESS_HOURLY-05-13,CELL060101,KHA,KV2,active,2026-08-18-13,2026-08-18 13:00:00,84.94,index,valid,synthetic_ran_kpi,155,153,3.05,99.9
RAN_KPI-CELL_ACCESS_HOURLY-05-14,CELL060101,KHA,KV2,active,2026-08-18-14,2026-08-18 14:00:00,26.74,index,valid,synthetic_ran_kpi,227,226,2.98,99.9
RAN_KPI-CELL_ACCESS_HOURLY-05-15,CELL060101,KHA,KV2,active,2026-08-18-15,2026-08-18 15:00:00,27.5,index,valid,synthetic_ran_kpi,93,89,5.92,99.9
RAN_KPI-CELL_ACCESS_HOURLY-05-16,CELL060101,KHA,KV2,active,2026-08-18-16,2026-08-18 16:00:00,30.5,index,valid,synthetic_ran_kpi,210,205,6.39,99.9
RAN_KPI-CELL_ACCESS_HOURLY-05-17,CELL060101,KHA,KV2,active,2026-08-18-17,2026-08-18 17:00:00,59.86,index,valid,synthetic_ran_kpi,219,213,7.61,99.9
RAN_KPI-CELL_ACCESS_HOURLY-05-18,CELL060101,KHA,KV2,active,2026-08-18-18,2026-08-18 18:00:00,28.19,index,valid,synthetic_ran_kpi,244,243,4.06,99.9
RAN_KPI-CELL_ACCESS_HOURLY-05-19,CELL060101,KHA,KV2,active,2026-08-18-19,2026-08-18 19:00:00,21.28,index,valid,synthetic_ran_kpi,237,233,6.67,99.9
RAN_KPI-CELL_ACCESS_HOURLY-05-20,CELL060101,KHA,KV2,active,2026-08-18-20,2026-08-18 20:00:00,46.3,index,valid,synthetic_ran_kpi,274,267,5.66,99.9
RAN_KPI-CELL_ACCESS_HOURLY-05-21,CELL060101,KHA,KV2,active,2026-08-18-21,2026-08-18 21:00:00,34.73,index,valid,synthetic_ran_kpi,145,139,5.27,99.9
RAN_KPI-CELL_ACCESS_HOURLY-05-22,CELL060101,KHA,KV2,active,2026-08-18-22,2026-08-18 22:00:00,74.18,index,valid,synthetic_ran_kpi,267,259,0.75,99.9
RAN_KPI-CELL_ACCESS_HOURLY-05-23,CELL060101,KHA,KV2,active,2026-08-18-23,2026-08-18 23:00:00,34.24,index,valid,synthetic_ran_kpi,282,278,2.41,99.9
RAN_KPI-CELL_ACCESS_HOURLY-05-24,CELL060101,KHA,KV2,active,2026-08-19-00,2026-08-19 00:00:00,25.98,index,valid,synthetic_ran_kpi,245,241,3.65,99.9
RAN_KPI-CELL_ACCESS_HOURLY-05-25,CELL060101,KHA,KV2,active,2026-08-19-01,2026-08-19 01:00:00,21.29,index,valid,synthetic_ran_kpi,260,256,2.11,99.9
RAN_KPI-CELL_ACCESS_HOURLY-05-26,CELL060101,KHA,KV2,active,2026-08-19-02,2026-08-19 02:00:00,41.83,index,valid,synthetic_ran_kpi,144,143,3.26,99.9
RAN_KPI-CELL_ACCESS_HOURLY-05-27,CELL060101,KHA,KV2,active,2026-08-19-03,2026-08-19 03:00:00,50.24,index,valid,synthetic_ran_kpi,112,111,3.9,99.9
RAN_KPI-CELL_ACCESS_HOURLY-05-28,CELL060101,KHA,KV2,active,2026-08-19-04,2026-08-19 04:00:00,38.05,index,valid,synthetic_ran_kpi,274,266,0.78,99.9
RAN_KPI-CELL_ACCESS_HOURLY-05-29,CELL060101,KHA,KV2,active,2026-08-19-05,2026-08-19 05:00:00,27.62,index,valid,synthetic_ran_kpi,294,288,4.19,99.9
RAN_KPI-CELL_ACCESS_HOURLY-05-30,CELL060101,KHA,KV2,active,2026-08-19-06,2026-08-19 06:00:00,58.9,index,valid,synthetic_ran_kpi,296,295,0.62,99.9
RAN_KPI-CELL_ACCESS_HOURLY-05-31,CELL060101,KHA,KV2,active,2026-08-19-07,2026-08-19 07:00:00,62.76,index,valid,synthetic_ran_kpi,161,155,2.34,99.9
RAN_KPI-CELL_ACCESS_HOURLY-05-32,CELL060101,KHA,KV2,active,2026-08-19-08,2026-08-19 08:00:00,30.37,index,valid,synthetic_ran_kpi,116,108,3.99,99.9
RAN_KPI-CELL_ACCESS_HOURLY-05-33,CELL060101,KHA,KV2,active,2026-08-19-09,2026-08-19 09:00:00,57.3,index,valid,synthetic_ran_kpi,225,222,4.02,99.9
RAN_KPI-CELL_ACCESS_HOURLY-05-34,CELL060101,KHA,KV2,active,2026-08-19-10,2026-08-19 10:00:00,75.05,index,valid,synthetic_ran_kpi,296,291,5.94,99.9
RAN_KPI-CELL_ACCESS_HOURLY-05-35,CELL060101,KHA,KV2,active,2026-08-19-11,2026-08-19 11:00:00,51.2,index,valid,synthetic_ran_kpi,152,148,6.86,99.9
RAN_KPI-CELL_ACCESS_HOURLY-05-36,CELL060101,KHA,KV2,active,2026-08-19-12,2026-08-19 12:00:00,67.79,index,valid,synthetic_ran_kpi,234,226,1.18,99.9
RAN_KPI-CELL_ACCESS_HOURLY-05-37,CELL060101,KHA,KV2,active,2026-08-19-13,2026-08-19 13:00:00,21.03,index,valid,synthetic_ran_kpi,195,191,6.89,99.9
RAN_KPI-CELL_ACCESS_HOURLY-05-38,CELL060101,KHA,KV2,active,2026-08-19-14,2026-08-19 14:00:00,21.72,index,valid,synthetic_ran_kpi,169,161,7.17,99.9
RAN_KPI-CELL_ACCESS_HOURLY-05-39,CELL060101,KHA,KV2,active,2026-08-19-15,2026-08-19 15:00:00,24.75,index,valid,synthetic_ran_kpi,279,278,5.94,99.9
RAN_KPI-CELL_ACCESS_HOURLY-05-40,CELL060101,KHA,KV2,active,2026-08-19-16,2026-08-19 16:00:00,69.66,index,valid,synthetic_ran_kpi,133,128,1.57,99.9
RAN_KPI-CELL_ACCESS_HOURLY-05-41,CELL060101,KHA,KV2,active,2026-08-19-17,2026-08-19 17:00:00,29.94,index,valid,synthetic_ran_kpi,251,249,5.11,99.9
RAN_KPI-CELL_ACCESS_HOURLY-05-42,CELL060101,KHA,KV2,active,2026-08-19-18,2026-08-19 18:00:00,25.83,index,valid,synthetic_ran_kpi,115,110,2.39,99.9
RAN_KPI-CELL_ACCESS_HOURLY-05-43,CELL060101,KHA,KV2,active,2026-08-19-19,2026-08-19 19:00:00,56.3,index,valid,synthetic_ran_kpi,164,161,5.03,99.9
RAN_KPI-CELL_ACCESS_HOURLY-05-44,CELL060101,KHA,KV2,active,2026-08-19-20,2026-08-19 20:00:00,34.18,index,valid,synthetic_ran_kpi,255,253,5.97,99.9
RAN_KPI-CELL_ACCESS_HOURLY-05-45,CELL060101,KHA,KV2,active,2026-08-19-21,2026-08-19 21:00:00,70.66,index,valid,synthetic_ran_kpi,136,133,5.48,99.9
RAN_KPI-CELL_ACCESS_HOURLY-05-46,CELL060101,KHA,KV2,active,2026-08-19-22,2026-08-19 22:00:00,39.01,index,valid,synthetic_ran_kpi,219,214,7.56,99.9
RAN_KPI-CELL_ACCESS_HOURLY-05-47,CELL060101,KHA,KV2,active,2026-08-19-23,2026-08-19 23:00:00,43.62,index,valid,synthetic_ran_kpi,199,196,2.86,99.9
RAN_KPI-CELL_ACCESS_HOURLY-05-48,CELL060101,KHA,KV2,active,2026-08-20-00,2026-08-20 00:00:00,39.32,index,valid,synthetic_ran_kpi,117,116,4.81,99.9
RAN_KPI-CELL_ACCESS_HOURLY-05-49,CELL060101,KHA,KV2,active,2026-08-20-01,2026-08-20 01:00:00,29.8,index,valid,synthetic_ran_kpi,189,181,0.82,99.9
RAN_KPI-CELL_ACCESS_HOURLY-05-50,CELL060101,KHA,KV2,active,2026-08-20-02,2026-08-20 02:00:00,23.09,index,valid,synthetic_ran_kpi,94,87,6.37,99.9
RAN_KPI-CELL_ACCESS_HOURLY-05-51,CELL060101,KHA,KV2,active,2026-08-20-03,2026-08-20 03:00:00,35.22,index,valid,synthetic_ran_kpi,245,243,5.42,99.9
RAN_KPI-CELL_ACCESS_HOURLY-05-52,CELL060101,KHA,KV2,active,2026-08-20-04,2026-08-20 04:00:00,79.68,index,valid,synthetic_ran_kpi,222,214,5.42,99.9
RAN_KPI-CELL_ACCESS_HOURLY-05-53,CELL060101,KHA,KV2,active,2026-08-20-05,2026-08-20 05:00:00,50.62,index,valid,synthetic_ran_kpi,235,227,4.39,99.9
RAN_KPI-CELL_ACCESS_HOURLY-05-54,CELL060101,KHA,KV2,active,2026-08-20-06,2026-08-20 06:00:00,64.01,index,valid,synthetic_ran_kpi,144,143,7.45,99.9
RAN_KPI-CELL_ACCESS_HOURLY-05-55,CELL060101,KHA,KV2,active,2026-08-20-07,2026-08-20 07:00:00,66.13,index,valid,synthetic_ran_kpi,142,138,3.14,99.9
RAN_KPI-CELL_ACCESS_HOURLY-05-56,CELL060101,KHA,KV2,active,2026-08-20-08,2026-08-20 08:00:00,33.66,index,valid,synthetic_ran_kpi,157,150,6.87,99.9
RAN_KPI-CELL_ACCESS_HOURLY-05-57,CELL060101,KHA,KV2,active,2026-08-20-09,2026-08-20 09:00:00,51.5,index,valid,synthetic_ran_kpi,169,166,5.28,99.9
RAN_KPI-CELL_ACCESS_HOURLY-05-58,CELL060101,KHA,KV2,active,2026-08-20-10,2026-08-20 10:00:00,56.46,index,valid,synthetic_ran_kpi,147,146,2.86,99.9
RAN_KPI-CELL_ACCESS_HOURLY-05-59,CELL060101,KHA,KV2,active,2026-08-20-11,2026-08-20 11:00:00,67.43,index,valid,synthetic_ran_kpi,211,206,5.95,99.9
RAN_KPI-CELL_ACCESS_HOURLY-05-60,CELL060101,KHA,KV2,active,2026-08-20-12,2026-08-20 12:00:00,81.26,index,valid,synthetic_ran_kpi,250,246,1.02,99.9
RAN_KPI-CELL_ACCESS_HOURLY-05-61,CELL060101,KHA,KV2,active,2026-08-20-13,2026-08-20 13:00:00,23.89,index,valid,synthetic_ran_kpi,270,267,3.61,99.9
RAN_KPI-CELL_ACCESS_HOURLY-05-62,CELL060101,KHA,KV2,active,2026-08-20-14,2026-08-20 14:00:00,59.44,index,valid,synthetic_ran_kpi,151,145,5.1,99.9
RAN_KPI-CELL_ACCESS_HOURLY-05-63,CELL060101,KHA,KV2,active,2026-08-20-15,2026-08-20 15:00:00,77.2,index,valid,synthetic_ran_kpi,90,89,5.31,99.9
RAN_KPI-CELL_ACCESS_HOURLY-05-64,CELL060101,KHA,KV2,active,2026-08-20-16,2026-08-20 16:00:00,48.01,index,valid,synthetic_ran_kpi,99,93,2.1,99.9
RAN_KPI-CELL_ACCESS_HOURLY-05-65,CELL060101,KHA,KV2,active,2026-08-20-17,2026-08-20 17:00:00,51.04,index,valid,synthetic_ran_kpi,279,278,5.26,99.9
RAN_KPI-CELL_ACCESS_HOURLY-05-66,CELL060101,KHA,KV2,active,2026-08-20-18,2026-08-20 18:00:00,27.53,index,valid,synthetic_ran_kpi,260,253,3.33,99.9
RAN_KPI-CELL_ACCESS_HOURLY-05-67,CELL060101,KHA,KV2,active,2026-08-20-19,2026-08-20 19:00:00,68.29,index,valid,synthetic_ran_kpi,202,197,3.62,99.9
RAN_KPI-CELL_ACCESS_HOURLY-05-68,CELL060101,KHA,KV2,active,2026-08-20-20,2026-08-20 20:00:00,60.87,index,valid,synthetic_ran_kpi,204,203,2.33,99.9
RAN_KPI-CELL_ACCESS_HOURLY-05-69,CELL060101,KHA,KV2,active,2026-08-20-21,2026-08-20 21:00:00,34.17,index,valid,synthetic_ran_kpi,119,116,2.79,99.9
RAN_KPI-CELL_ACCESS_HOURLY-05-70,CELL060101,KHA,KV2,active,2026-08-20-22,2026-08-20 22:00:00,49.97,index,valid,synthetic_ran_kpi,146,144,7.04,99.9
RAN_KPI-CELL_ACCESS_HOURLY-05-71,CELL060101,KHA,KV2,active,2026-08-20-23,2026-08-20 23:00:00,37.25,index,valid,synthetic_ran_kpi,90,87,6.69,99.9
