session_setup_hourly_id,location_id,province_code,area_code,status,date_hour,observed_at,metric_value,metric_unit,quality_flag,source_system,session_count,request_count,success_count,cpu_pct
CORE-SESSION_SETUP_HOURLY-00-00,LOC001,DBN,KV1,active,2026-08-18-00,2026-08-18 00:00:00,20.98,index,valid,synthetic_core,172,205,197,29.67
CORE-SESSION_SETUP_HOURLY-00-01,LOC001,DBN,KV1,active,2026-08-18-01,2026-08-18 01:00:00,62.18,index,valid,synthetic_core,290,317,309,40.72
CORE-SESSION_SETUP_HOURLY-00-02,LOC001,DBN,KV1,active,2026-08-18-02,2026-08-18 02:00:00,23.5,index,valid,synthetic_core,254,462,455,30.47
CORE-SESSION_SETUP_HOURLY-00-03,LOC001,DBN,KV1,active,2026-08-18-03,2026-08-18 03:00:00,80.14,index,valid,synthetic_core,180,287,277,67.64
CORE-SESSION_SETUP_HOURLY-00-04,LOC001,DBN,KV1,active,2026-08-18-04,2026-08-18 04:00:00,75.53,index,valid,synthetic_core,290,323,317,64.85
CORE-SESSION_SETUP_HOURLY-00-05,LOC001,DBN,KV1,active,2026-08-18-05,2026-08-18 05:00:00,65.59,index,valid,synthetic_core,194,314,307,46.37
CORE-SESSION_SETUP_HOURLY-00-06,LOC001,DBN,KV1,active,2026-08-18-06,2026-08-18 06:00:00,55.75,index,valid,synthetic_core,242,500,489,66.42
CORE-SESSION_SETUP_HOURLY-00-07,LOC001,DBN,KV1,active,2026-08-18-07,2026-08-18 07:00:00,55.19,index,valid,synthetic_core,114,356,348,60.95
CORE-SESSION_SETUP_HOURLY-00-08,LOC001,DBN,KV1,active,2026-08-18-08,2026-08-18 08:00:00,38.73,index,valid,synthetic_core,293,433,431,35.93
CORE-SESSION_SETUP_HOURLY-00-09,LOC001,DBN,KV1,active,2026-08-18-09,2026-08-18 09:00:00,84.35,index,valid,synthetic_core,256,248,247,63.76
CORE-SESSION_SETUP_HOURLY-00-10,LOC001,DBN,KV1,active,2026-08-18-10,2026-08-18 10:00:00,35.0,index,valid,synthetic_core,256,545,538,22.08
CORE-SESSION_SETUP_HOURLY-00-11,LOC001,DBN,KV1,active,2026-08-18-11,2026-08-18 11:00:00,19.0,index,valid,synthetic_core,226,269,262,43.37
CORE-SESSION_SETUP_HOURLY-00-12,LOC001,DBN,KV1,active,2026-08-18-12,2026-08-18 12:00:00,49.67,index,valid,synthetic_core,261,528,521,60.59
CORE-SESSION_SETUP_HOURLY-00-13,LOC001,DBN,KV1,active,2026-08-18-13,2026-08-18 13:00:00,40.04,index,valid,synthetic_core,199,404,399,59.77
CORE-SESSION_SETUP_HOURLY-00-14,LOC001,DBN,KV1,active,2026-08-18-14,2026-08-18 14:00:00,29.39,index,valid,synthetic_core,231,576,569,32.96
CORE-SESSION_SETUP_HOURLY-00-15,LOC001,DBN,KV1,active,2026-08-18-15,2026-08-18 15:00:00,32.98,index,valid,synthetic_core,113,341,338,29.92
CORE-SESSION_SETUP_HOURLY-00-16,LOC001,DBN,KV1,active,2026-08-18-16,2026-08-18 16:00:00,49.59,index,valid,synthetic_core,143,532,527,63.0
CORE-SESSION_SETUP_HOURLY-00-17,LOC001,DBN,KV1,active,2026-08-18-17,2026-08-18 17:00:00,15.18,index,valid,synthetic_core,104,287,279,54.89
CORE-SESSION_SETUP_HOURLY-00-18,LOC001,DBN,KV1,active,2026-08-18-18,2026-08-18 18:00:00,32.61,index,valid,synthetic_core,210,548,540,55.86
CORE-SESSION_SETUP_HOURLY-00-19,LOC001,DBN,KV1,active,2026-08-18-19,2026-08-18 19:00:00,22.52,index,valid,synthetic_core,101,413,402,50.15
CORE-SESSION_SETUP_HOURLY-00-20,LOC001,DBN,KV1,active,2026-08-18-20,2026-08-18 20:00:00,42.54,index,valid,synthetic_core,257,598,591,40.9
CORE-SESSION_SETUP_HOURLY-00-21,LOC001,DBN,KV1,active,2026-08-18-21,2026-08-18 21:00:00,44.54,index,valid,synthetic_core,242,567,557,65.95
CORE-SESSION_SETUP_HOURLY-00-22,LOC001,DBN,KV1,active,2026-08-18-22,2026-08-18 22:00:00,67.71,index,valid,synthetic_core,217,363,361,29.83
CORE-SESSION_SETUP_HOURLY-00-23,LOC001,DBN,KV1,active,2026-08-18-23,2026-08-18 23:00:00,73.67,index,valid,synthetic_core,110,451,446,63.79
CORE-SESSION_SETUP_HOURLY-00-24,LOC001,DBN,KV1,active,2026-08-19-00,2026-08-19 00:00:00,40.38,index,valid,synthetic_core,160,434,427,43.67
CORE-SESSION_SETUP_HOURLY-00-25,LOC001,DBN,KV1,active,2026-08-19-01,2026-08-19 01:00:00,16.23,index,valid,synthetic_core,145,490,481,30.96
CORE-SESSION_SETUP_HOURLY-00-26,LOC001,DBN,KV1,active,2026-08-19-02,2026-08-19 02:00:00,15.89,index,valid,synthetic_core,229,424,417,29.8
CORE-SESSION_SETUP_HOURLY-00-27,LOC001,DBN,KV1,degraded,2026-08-19-03,2026-08-19 03:00:00,107.09,index,degraded,synthetic_core,106,432,424,38.97
CORE-SESSION_SETUP_HOURLY-00-28,LOC001,DBN,KV1,active,2026-08-19-04,2026-08-19 04:00:00,29.38,index,valid,synthetic_core,235,320,309,58.98
CORE-SESSION_SETUP_HOURLY-00-29,LOC001,DBN,KV1,active,2026-08-19-05,2026-08-19 05:00:00,81.44,index,valid,synthetic_core,137,376,364,47.28
CORE-SESSION_SETUP_HOURLY-00-30,LOC001,DBN,KV1,active,2026-08-19-06,2026-08-19 06:00:00,27.61,index,valid,synthetic_core,150,517,515,46.42
CORE-SESSION_SETUP_HOURLY-00-31,LOC001,DBN,KV1,active,2026-08-19-07,2026-08-19 07:00:00,83.27,index,valid,synthetic_core,225,395,390,35.13
CORE-SESSION_SETUP_HOURLY-00-32,LOC001,DBN,KV1,active,2026-08-19-08,2026-08-19 08:00:00,36.16,index,valid,synthetic_core,253,361,354,33.86
CORE-SESSION_SETUP_HOURLY-00-33,LOC001,DBN,KV1,active,2026-08-19-09,2026-08-19 09:00:00,58.3,index,valid,synthetic_core,181,311,303,44.0
CORE-SESSION_SETUP_HOURLY-00-34,LOC001,DBN,KV1,active,2026-08-19-10,2026-08-19 10:00:00,34.45,index,valid,synthetic_core,149,356,353,68.63
CORE-SESSION_SETUP_HOURLY-00-35,LOC001,DBN,KV1,active,2026-08-19-11,2026-08-19 11:00:00,72.41,index,valid,synthetic_core,175,225,223,30.76
CORE-SESSION_SETUP_HOURLY-00-36,LOC001,DBN,KV1,active,2026-08-19-12,2026-08-19 12:00:00,16.74,index,valid,synthetic_core,119,307,301,20.2
CORE-SESSION_SETUP_HOURLY-00-37,LOC001,DBN,KV1,active,2026-08-19-13,2026-08-19 13:00:00,43.91,index,valid,synthetic_core,247,575,570,25.65
CORE-SESSION_SETUP_HOURLY-00-38,LOC001,DBN,KV1,active,2026-08-19-14,2026-08-19 14:00:00,75.27,index,valid,synthetic_core,131,418,408,23.16
CORE-SESSION_SETUP_HOURLY-00-39,LOC001,DBN,KV1,active,2026-08-19-15,2026-08-19 15:00:00,43.45,index,valid,synthetic_core,120,283,278,47.75
CORE-SESSION_SETUP_HOURLY-00-40,LOC001,DBN,KV1,active,2026-08-19-16,2026-08-19 16:00:00,37.22,index,valid,synthetic_core,263,233,228,27.1
CORE-SESSION_SETUP_HOURLY-00-41,LOC001,DBN,KV1,active,2026-08-19-17,2026-08-19 17:00:00,82.51,index,valid,synthetic_core,245,596,593,37.46
CORE-SESSION_SETUP_HOURLY-00-42,LOC001,DBN,KV1,active,2026-08-19-18,2026-08-19 18:00:00,84.43,index,valid,synthetic_core,225,363,356,48.55
CORE-SESSION_SETUP_HOURLY-00-43,LOC001,DBN,KV1,active,2026-08-19-19,2026-08-19 19:00:00,75.29,index,valid,synthetic_core,128,570,564,49.25
CORE-SESSION_SETUP_HOURLY-00-44,LOC001,DBN,KV1,active,2026-08-19-20,2026-08-19 20:00:00,71.96,index,valid,synthetic_core,259,377,367,35.81
CORE-SESSION_SETUP_HOURLY-00-45,LOC001,DBN,KV1,active,2026-08-19-21,2026-08-19 21:00:00,18.21,index,valid,synthetic_core,233,465,461,46.42
CORE-SESSION_SETUP_HOURLY-00-46,LOC001,DBN,KV1,active,2026-08-19-22,2026-08-19 22:00:00,18.98,index,valid,synthetic_core,189,277,269,52.51
CORE-SESSION_SETUP_HOURLY-00-47,LOC001,DBN,KV1,active,2026-08-19-23,2026-08-19 23:00:00,67.51,index,valid,synthetic_core,274,567,558,52.21
CORE-SESSION_SETUP_HOURLY-00-48,LOC001,DBN,KV1,active,2026-08-20-00,2026-08-20 00:00:00,23.27,index,valid,synthetic_core,273,362,358,25.19
CORE-SESSION_SETUP_HOURLY-00-49,LOC001,DBN,KV1,active,2026-08-20-01,2026-08-20 01:00:00,81.29,index,valid,synthetic_core,247,484,482,25.35
CORE-SESSION_SETUP_HOURLY-00-50,LOC001,DBN,KV1,active,2026-08-20-02,2026-08-20 02:00:00,44.0,index,valid,synthetic_core,203,299,296,51.37
CORE-SESSION_SETUP_HOURLY-00-51,LOC001,DBN,KV1,active,2026-08-20-03,2026-08-20 03:00:00,29.32,index,valid,synthetic_core,258,291,283,35.79
CORE-SESSION_SETUP_HOURLY-00-52,LOC001,DBN,KV1,active,2026-08-20-04,2026-08-20 04:00:00,82.91,index,valid,synthetic_core,166,579,571,41.64
CORE-SESSION_SETUP_HOURLY-00-53,LOC001,DBN,KV1,active,2026-08-20-05,2026-08-20 05:00:00,35.63,index,valid,synthetic_core,166,200,193,25.0
CORE-SESSION_SETUP_HOURLY-00-54,LOC001,DBN,KV1,active,2026-08-20-06,2026-08-20 06:00:00,53.96,index,valid,synthetic_core,272,546,537,47.31
CORE-SESSION_SETUP_HOURLY-00-55,LOC001,DBN,KV1,active,2026-08-20-07,2026-08-20 07:00:00,60.78,index,valid,synthetic_core,200,410,398,68.97
CORE-SESSION_SETUP_HOURLY-00-56,LOC001,DBN,KV1,active,2026-08-20-08,2026-08-20 08:00:00,83.82,index,valid,synthetic_core,240,280,269,30.06
CORE-SESSION_SETUP_HOURLY-00-57,LOC001,DBN,KV1,active,2026-08-20-09,2026-08-20 09:00:00,34.12,index,valid,synthetic_core,256,538,533,59.46
CORE-SESSION_SETUP_HOURLY-00-58,LOC001,DBN,KV1,active,2026-08-20-10,2026-08-20 10:00:00,32.08,index,valid,synthetic_core,226,294,287,64.38
CORE-SESSION_SETUP_HOURLY-00-59,LOC001,DBN,KV1,active,2026-08-20-11,2026-08-20 11:00:00,47.94,index,valid,synthetic_core,107,406,400,65.85
CORE-SESSION_SETUP_HOURLY-00-60,LOC001,DBN,KV1,active,2026-08-20-12,2026-08-20 12:00:00,30.25,index,valid,synthetic_core,227,594,593,40.83
CORE-SESSION_SETUP_HOURLY-00-61,LOC001,DBN,KV1,active,2026-08-20-13,2026-08-20 13:00:00,38.91,index,valid,synthetic_core,238,298,295,61.35
CORE-SESSION_SETUP_HOURLY-00-62,LOC001,DBN,KV1,active,2026-08-20-14,2026-08-20 14:00:00,66.67,index,valid,synthetic_core,137,280,277,22.48
CORE-SESSION_SETUP_HOURLY-00-63,LOC001,DBN,KV1,active,2026-08-20-15,2026-08-20 15:00:00,16.23,index,valid,synthetic_core,254,381,378,23.3
CORE-SESSION_SETUP_HOURLY-00-64,LOC001,DBN,KV1,active,2026-08-20-16,2026-08-20 16:00:00,74.26,index,valid,synthetic_core,136,470,468,20.17
CORE-SESSION_SETUP_HOURLY-00-65,LOC001,DBN,KV1,active,2026-08-20-17,2026-08-20 17:00:00,38.27,index,valid,synthetic_core,230,365,355,38.32
CORE-SESSION_SETUP_HOURLY-00-66,LOC001,DBN,KV1,active,2026-08-20-18,2026-08-20 18:00:00,73.2,index,valid,synthetic_core,209,557,548,45.28
CORE-SESSION_SETUP_HOURLY-00-67,LOC001,DBN,KV1,active,2026-08-20-19,2026-08-20 19:00:00,17.03,index,valid,synthetic_core,114,502,490,53.93
CORE-SESSION_SETUP_HOURLY-00-68,LOC001,DBN,KV1,active,2026-08-20-20,2026-08-20 20:00:00,74.38,index,valid,synthetic_core,210,239,236,46.23
CORE-SESSION_SETUP_HOURLY-00-69,LOC001,DBN,KV1,active,2026-08-20-21,2026-08-20 21:00:00,75.32,index,valid,synthetic_core,106,371,365,66.89
CORE-SESSION_SETUP_HOURLY-00-70,LOC001,DBN,KV1,active,2026-08-20-22,2026-08-20 22:00:00,27.9,index,valid,synthetic_core,220,401,391,42.34
CORE-SESSION_SETUP_HOURLY-00-71,LOC001,DBN,KV1,active,2026-08-20-23,2026-08-20 23:00:00,22.26,index,valid,synthetic_core,165,380,376,54.01
CORE-SESSION_SETUP_HOURLY-01-00,LOC002,SLA,KV1,active,2026-08-18-00,2026-08-18 00:00:00,50.23,index,valid,synthetic_core,224,600,598,38.36
CORE-SESSION_SETUP_HOURLY-01-01,LOC002,SLA,KV1,active,2026-08-18-01,2026-08-18 01:00:00,45.91,index,valid,synthetic_core,107,321,320,61.73
CORE-SESSION_SETUP_HOURLY-01-02,LOC002,SLA,KV1,active,2026-08-18-02,2026-08-18 02:00:00,69.37,index,valid,synthetic_core,173,534,533,61.35
CORE-SESSION_SETUP_HOURLY-01-03,LOC002,SLA,KV1,active,2026-08-18-03,2026-08-18 03:00:00,44.24,index,valid,synthetic_core,298,424,421,56.73
CORE-SESSION_SETUP_HOURLY-01-04,LOC002,SLA,KV1,active,2026-08-18-04,2026-08-18 04:00:00,51.34,index,valid,synthetic_core,134,443,431,25.61
CORE-SESSION_SETUP_HOURLY-01-05,LOC002,SLA,KV1,active,2026-08-18-05,2026-08-18 05:00:00,21.47,index,valid,synthetic_core,262,533,529,42.84
CORE-SESSION_SETUP_HOURLY-01-06,LOC002,SLA,KV1,active,2026-08-18-06,2026-08-18 06:00:00,61.32,index,valid,synthetic_core,134,426,415,69.44
CORE-SESSION_SETUP_HOURLY-01-07,LOC002,SLA,KV1,active,2026-08-18-07,2026-08-18 07:00:00,28.64,index,valid,synthetic_core,142,373,363,52.75
CORE-SESSION_SETUP_HOURLY-01-08,LOC002,SLA,KV1,active,2026-08-18-08,2026-08-18 08:00:00,19.56,index,valid,synthetic_core,242,511,499,53.17
CORE-SESSION_SETUP_HOURLY-01-09,LOC002,SLA,KV1,active,2026-08-18-09,2026-08-18 09:00:00,56.21,index,valid,synthetic_core,298,575,564,25.89
CORE-SESSION_SETUP_HOURLY-01-10,LOC002,SLA,KV1,active,2026-08-18-10,2026-08-18 10:00:00,65.31,index,valid,synthetic_core,166,588,577,65.59
CORE-SESSION_SETUP_HOURLY-01-11,LOC002,SLA,KV1,active,2026-08-18-11,2026-08-18 11:00:00,28.3,index,valid,synthetic_core,257,364,358,50.03
CORE-SESSION_SETUP_HOURLY-01-12,LOC002,SLA,KV1,active,2026-08-18-12,2026-08-18 12:00:00,36.48,index,valid,synthetic_core,215,549,543,48.81
CORE-SESSION_SETUP_HOURLY-01-13,LOC002,SLA,KV1,active,2026-08-18-13,2026-08-18 13:00:00,39.8,index,valid,synthetic_core,185,376,367,65.28
CORE-SESSION_SETUP_HOURLY-01-14,LOC002,SLA,KV1,active,2026-08-18-14,2026-08-18 14:00:00,64.15,index,valid,synthetic_core,300,526,516,39.7
CORE-SESSION_SETUP_HOURLY-01-15,LOC002,SLA,KV1,active,2026-08-18-15,2026-08-18 15:00:00,62.65,index,valid,synthetic_core,158,444,437,48.55
CORE-SESSION_SETUP_HOURLY-01-16,LOC002,SLA,KV1,active,2026-08-18-16,2026-08-18 16:00:00,67.47,index,valid,synthetic_core,106,346,345,65.0
CORE-SESSION_SETUP_HOURLY-01-17,LOC002,SLA,KV1,active,2026-08-18-17,2026-08-18 17:00:00,70.29,index,valid,synthetic_core,183,542,531,60.12
CORE-SESSION_SETUP_HOURLY-01-18,LOC002,SLA,KV1,active,2026-08-18-18,2026-08-18 18:00:00,55.4,index,valid,synthetic_core,280,354,346,54.34
CORE-SESSION_SETUP_HOURLY-01-19,LOC002,SLA,KV1,active,2026-08-18-19,2026-08-18 19:00:00,60.53,index,valid,synthetic_core,176,565,558,69.7
CORE-SESSION_SETUP_HOURLY-01-20,LOC002,SLA,KV1,active,2026-08-18-20,2026-08-18 20:00:00,71.5,index,valid,synthetic_core,267,327,316,24.27
CORE-SESSION_SETUP_HOURLY-01-21,LOC002,SLA,KV1,active,2026-08-18-21,2026-08-18 21:00:00,52.02,index,valid,synthetic_core,206,528,520,44.09
CORE-SESSION_SETUP_HOURLY-01-22,LOC002,SLA,KV1,active,2026-08-18-22,2026-08-18 22:00:00,26.32,index,valid,synthetic_core,149,444,443,48.81
CORE-SESSION_SETUP_HOURLY-01-23,LOC002,SLA,KV1,active,2026-08-18-23,2026-08-18 23:00:00,64.19,index,valid,synthetic_core,222,207,200,48.24
CORE-SESSION_SETUP_HOURLY-01-24,LOC002,SLA,KV1,active,2026-08-19-00,2026-08-19 00:00:00,28.31,index,valid,synthetic_core,237,531,520,31.36
CORE-SESSION_SETUP_HOURLY-01-25,LOC002,SLA,KV1,active,2026-08-19-01,2026-08-19 01:00:00,47.95,index,valid,synthetic_core,231,482,477,30.86
CORE-SESSION_SETUP_HOURLY-01-26,LOC002,SLA,KV1,active,2026-08-19-02,2026-08-19 02:00:00,81.75,index,valid,synthetic_core,184,387,386,40.75
CORE-SESSION_SETUP_HOURLY-01-27,LOC002,SLA,KV1,active,2026-08-19-03,2026-08-19 03:00:00,45.06,index,valid,synthetic_core,176,260,253,68.18
CORE-SESSION_SETUP_HOURLY-01-28,LOC002,SLA,KV1,active,2026-08-19-04,2026-08-19 04:00:00,75.88,index,valid,synthetic_core,213,426,423,37.06
CORE-SESSION_SETUP_HOURLY-01-29,LOC002,SLA,KV1,active,2026-08-19-05,2026-08-19 05:00:00,33.25,index,valid,synthetic_core,220,520,508,58.79
CORE-SESSION_SETUP_HOURLY-01-30,LOC002,SLA,KV1,active,2026-08-19-06,2026-08-19 06:00:00,16.19,index,valid,synthetic_core,295,398,392,44.71
CORE-SESSION_SETUP_HOURLY-01-31,LOC002,SLA,KV1,active,2026-08-19-07,2026-08-19 07:00:00,36.63,index,valid,synthetic_core,157,244,235,24.88
CORE-SESSION_SETUP_HOURLY-01-32,LOC002,SLA,KV1,active,2026-08-19-08,2026-08-19 08:00:00,24.68,index,valid,synthetic_core,254,386,378,63.6
CORE-SESSION_SETUP_HOURLY-01-33,LOC002,SLA,KV1,active,2026-08-19-09,2026-08-19 09:00:00,34.51,index,valid,synthetic_core,149,292,286,64.1
CORE-SESSION_SETUP_HOURLY-01-34,LOC002,SLA,KV1,active,2026-08-19-10,2026-08-19 10:00:00,46.15,index,valid,synthetic_core,200,544,540,66.74
CORE-SESSION_SETUP_HOURLY-01-35,LOC002,SLA,KV1,active,2026-08-19-11,2026-08-19 11:00:00,33.5,index,valid,synthetic_core,156,201,193,68.51
CORE-SESSION_SETUP_HOURLY-01-36,LOC002,SLA,KV1,active,2026-08-19-12,2026-08-19 12:00:00,78.45,index,valid,synthetic_core,233,495,494,29.26
CORE-SESSION_SETUP_HOURLY-01-37,LOC002,SLA,KV1,active,2026-08-19-13,2026-08-19 13:00:00,58.46,index,valid,synthetic_core,144,271,262,45.97
CORE-SESSION_SETUP_HOURLY-01-38,LOC002,SLA,KV1,active,2026-08-19-14,2026-08-19 14:00:00,50.68,index,valid,synthetic_core,172,258,247,60.71
CORE-SESSION_SETUP_HOURLY-01-39,LOC002,SLA,KV1,active,2026-08-19-15,2026-08-19 15:00:00,55.55,index,valid,synthetic_core,241,264,258,40.12
CORE-SESSION_SETUP_HOURLY-01-40,LOC002,SLA,KV1,active,2026-08-19-16,2026-08-19 16:00:00,16.2,index,valid,synthetic_core,291,530,524,57.33
CORE-SESSION_SETUP_HOURLY-01-41,LOC002,SLA,KV1,active,2026-08-19-17,2026-08-19 17:00:00,59.49,index,valid,synthetic_core,197,278,270,23.61
CORE-SESSION_SETUP_HOURLY-01-42,LOC002,SLA,KV1,active,2026-08-19-18,2026-08-19 18:00:00,84.37,index,valid,synthetic_core,262,461,459,64.21
CORE-SESSION_SETUP_HOURLY-01-43,LOC002,SLA,KV1,active,2026-08-19-19,2026-08-19 19:00:00,67.76,index,valid,synthetic_core,196,332,321,32.52
CORE-SESSION_SETUP_HOURLY-01-44,LOC002,SLA,KV1,active,2026-08-19-20,2026-08-19 20:00:00,52.13,index,valid,synthetic_core,260,236,235,21.31
CORE-SESSION_SETUP_HOURLY-01-45,LOC002,SLA,KV1,degraded,2026-08-19-21,2026-08-19 21:00:00,74.33,index,degraded,synthetic_core,300,489,487,54.97
CORE-SESSION_SETUP_HOURLY-01-46,LOC002,SLA,KV1,active,2026-08-19-22,2026-08-19 22:00:00,56.88,index,valid,synthetic_core,226,407,401,60.14
CORE-SESSION_SETUP_HOURLY-01-47,LOC002,SLA,KV1,active,2026-08-19-23,2026-08-19 23:00:00,20.84,index,valid,synthetic_core,211,250,238,43.23
CORE-SESSION_SETUP_HOURLY-01-48,LOC002,SLA,KV1,active,2026-08-20-00,2026-08-20 00:00:00,62.99,index,valid,synthetic_core,148,389,387,33.3
CORE-SESSION_SETUP_HOURLY-01-49,LOC002,SLA,KV1,active,2026-08-20-01,2026-08-20 01:00:00,41.06,index,valid,synthetic_core,249,537,531,63.42
CORE-SESSION_SETUP_HOURLY-01-50,LOC002,SLA,KV1,active,2026-08-20-02,2026-08-20 02:00:00,26.33,index,valid,synthetic_core,177,384,372,27.21
CORE-SESSION_SETUP_HOURLY-01-51,LOC002,SLA,KV1,active,2026-08-20-03,2026-08-20 03:00:00,26.8,index,valid,synthetic_core,242,233,225,58.63
CORE-SESSION_SETUP_HOURLY-01-52,LOC002,SLA,KV1,active,2026-08-20-04,2026-08-20 04:00:00,79.9,index,valid,synthetic_core,290,295,287,57.08
CORE-SESSION_SETUP_HOURLY-01-53,LOC002,SLA,KV1,active,2026-08-20-05,2026-08-20 05:00:00,67.0,index,valid,synthetic_core,263,517,512,60.8
CORE-SESSION_SETUP_HOURLY-01-54,LOC002,SLA,KV1,active,2026-08-20-06,2026-08-20 06:00:00,19.39,index,valid,synthetic_core,194,227,218,26.69
CORE-SESSION_SETUP_HOURLY-01-55,LOC002,SLA,KV1,active,2026-08-20-07,2026-08-20 07:00:00,19.77,index,valid,synthetic_core,272,312,302,58.14
CORE-SESSION_SETUP_HOURLY-01-56,LOC002,SLA,KV1,active,2026-08-20-08,2026-08-20 08:00:00,28.13,index,valid,synthetic_core,197,214,205,29.24
CORE-SESSION_SETUP_HOURLY-01-57,LOC002,SLA,KV1,active,2026-08-20-09,2026-08-20 09:00:00,40.47,index,valid,synthetic_core,162,280,272,39.45
CORE-SESSION_SETUP_HOURLY-01-58,LOC002,SLA,KV1,active,2026-08-20-10,2026-08-20 10:00:00,70.3,index,valid,synthetic_core,274,201,193,54.26
CORE-SESSION_SETUP_HOURLY-01-59,LOC002,SLA,KV1,active,2026-08-20-11,2026-08-20 11:00:00,21.56,index,valid,synthetic_core,299,200,193,28.91
CORE-SESSION_SETUP_HOURLY-01-60,LOC002,SLA,KV1,active,2026-08-20-12,2026-08-20 12:00:00,83.67,index,valid,synthetic_core,177,586,580,40.43
CORE-SESSION_SETUP_HOURLY-01-61,LOC002,SLA,KV1,active,2026-08-20-13,2026-08-20 13:00:00,28.8,index,valid,synthetic_core,143,412,411,39.07
CORE-SESSION_SETUP_HOURLY-01-62,LOC002,SLA,KV1,active,2026-08-20-14,2026-08-20 14:00:00,59.95,index,valid,synthetic_core,255,201,195,45.43
CORE-SESSION_SETUP_HOURLY-01-63,LOC002,SLA,KV1,active,2026-08-20-15,2026-08-20 15:00:00,45.2,index,valid,synthetic_core,162,541,538,24.08
CORE-SESSION_SETUP_HOURLY-01-64,LOC002,SLA,KV1,active,2026-08-20-16,2026-08-20 16:00:00,67.16,index,valid,synthetic_core,184,525,516,43.73
CORE-SESSION_SETUP_HOURLY-01-65,LOC002,SLA,KV1,active,2026-08-20-17,2026-08-20 17:00:00,43.53,index,valid,synthetic_core,282,210,207,62.77
CORE-SESSION_SETUP_HOURLY-01-66,LOC002,SLA,KV1,active,2026-08-20-18,2026-08-20 18:00:00,63.89,index,valid,synthetic_core,258,427,417,59.06
CORE-SESSION_SETUP_HOURLY-01-67,LOC002,SLA,KV1,active,2026-08-20-19,2026-08-20 19:00:00,45.59,index,valid,synthetic_core,127,280,278,54.14
CORE-SESSION_SETUP_HOURLY-01-68,LOC002,SLA,KV1,active,2026-08-20-20,2026-08-20 20:00:00,56.44,index,valid,synthetic_core,188,543,539,52.04
CORE-SESSION_SETUP_HOURLY-01-69,LOC002,SLA,KV1,active,2026-08-20-21,2026-08-20 21:00:00,20.92,index,valid,synthetic_core,130,541,531,37.53
CORE-SESSION_SETUP_HOURLY-01-70,LOC002,SLA,KV1,active,2026-08-20-22,2026-08-20 22:00:00,53.92,index,valid,synthetic_core,118,386,376,52.4
CORE-SESSION_SETUP_HOURLY-01-71,LOC002,SLA,KV1,active,2026-08-20-23,2026-08-20 23:00:00,25.36,index,valid,synthetic_core,146,261,252,44.22
CORE-SESSION_SETUP_HOURLY-02-00,LOC003,CMU,KV3,active,2026-08-18-00,2026-08-18 00:00:00,31.88,index,valid,synthetic_core,260,428,421,37.17
CORE-SESSION_SETUP_HOURLY-02-01,LOC003,CMU,KV3,active,2026-08-18-01,2026-08-18 01:00:00,39.01,index,valid,synthetic_core,286,265,262,56.8
CORE-SESSION_SETUP_HOURLY-02-02,LOC003,CMU,KV3,active,2026-08-18-02,2026-08-18 02:00:00,65.16,index,valid,synthetic_core,274,464,457,68.68
CORE-SESSION_SETUP_HOURLY-02-03,LOC003,CMU,KV3,active,2026-08-18-03,2026-08-18 03:00:00,81.89,index,valid,synthetic_core,242,396,386,48.17
CORE-SESSION_SETUP_HOURLY-02-04,LOC003,CMU,KV3,active,2026-08-18-04,2026-08-18 04:00:00,47.87,index,valid,synthetic_core,153,276,265,41.1
CORE-SESSION_SETUP_HOURLY-02-05,LOC003,CMU,KV3,active,2026-08-18-05,2026-08-18 05:00:00,65.68,index,valid,synthetic_core,160,479,468,30.72
CORE-SESSION_SETUP_HOURLY-02-06,LOC003,CMU,KV3,active,2026-08-18-06,2026-08-18 06:00:00,23.15,index,valid,synthetic_core,158,524,516,40.75
CORE-SESSION_SETUP_HOURLY-02-07,LOC003,CMU,KV3,active,2026-08-18-07,2026-08-18 07:00:00,24.41,index,valid,synthetic_core,131,500,488,68.68
CORE-SESSION_SETUP_HOURLY-02-08,LOC003,CMU,KV3,active,2026-08-18-08,2026-08-18 08:00:00,74.06,index,valid,synthetic_core,210,502,498,36.48
CORE-SESSION_SETUP_HOURLY-02-09,LOC003,CMU,KV3,active,2026-08-18-09,2026-08-18 09:00:00,68.28,index,valid,synthetic_core,260,561,553,36.76
CORE-SESSION_SETUP_HOURLY-02-10,LOC003,CMU,KV3,active,2026-08-18-10,2026-08-18 10:00:00,26.9,index,valid,synthetic_core,207,510,504,67.93
CORE-SESSION_SETUP_HOURLY-02-11,LOC003,CMU,KV3,active,2026-08-18-11,2026-08-18 11:00:00,80.13,index,valid,synthetic_core,146,450,438,28.56
CORE-SESSION_SETUP_HOURLY-02-12,LOC003,CMU,KV3,active,2026-08-18-12,2026-08-18 12:00:00,49.99,index,valid,synthetic_core,159,262,250,52.88
CORE-SESSION_SETUP_HOURLY-02-13,LOC003,CMU,KV3,active,2026-08-18-13,2026-08-18 13:00:00,37.46,index,valid,synthetic_core,152,522,516,25.47
CORE-SESSION_SETUP_HOURLY-02-14,LOC003,CMU,KV3,active,2026-08-18-14,2026-08-18 14:00:00,22.25,index,valid,synthetic_core,275,326,323,52.98
CORE-SESSION_SETUP_HOURLY-02-15,LOC003,CMU,KV3,active,2026-08-18-15,2026-08-18 15:00:00,52.78,index,valid,synthetic_core,199,594,592,47.43
CORE-SESSION_SETUP_HOURLY-02-16,LOC003,CMU,KV3,active,2026-08-18-16,2026-08-18 16:00:00,29.2,index,valid,synthetic_core,218,430,422,26.72
CORE-SESSION_SETUP_HOURLY-02-17,LOC003,CMU,KV3,active,2026-08-18-17,2026-08-18 17:00:00,60.65,index,valid,synthetic_core,203,470,465,65.25
CORE-SESSION_SETUP_HOURLY-02-18,LOC003,CMU,KV3,active,2026-08-18-18,2026-08-18 18:00:00,64.42,index,valid,synthetic_core,227,502,497,61.28
CORE-SESSION_SETUP_HOURLY-02-19,LOC003,CMU,KV3,active,2026-08-18-19,2026-08-18 19:00:00,82.38,index,valid,synthetic_core,139,318,307,48.72
CORE-SESSION_SETUP_HOURLY-02-20,LOC003,CMU,KV3,active,2026-08-18-20,2026-08-18 20:00:00,82.62,index,valid,synthetic_core,126,441,436,63.57
CORE-SESSION_SETUP_HOURLY-02-21,LOC003,CMU,KV3,active,2026-08-18-21,2026-08-18 21:00:00,72.2,index,valid,synthetic_core,105,399,387,25.83
CORE-SESSION_SETUP_HOURLY-02-22,LOC003,CMU,KV3,active,2026-08-18-22,2026-08-18 22:00:00,38.8,index,valid,synthetic_core,102,437,428,53.82
CORE-SESSION_SETUP_HOURLY-02-23,LOC003,CMU,KV3,active,2026-08-18-23,2026-08-18 23:00:00,44.29,index,valid,synthetic_core,227,224,219,53.5
CORE-SESSION_SETUP_HOURLY-02-24,LOC003,CMU,KV3,active,2026-08-19-00,2026-08-19 00:00:00,47.19,index,valid,synthetic_core,286,556,554,56.29
CORE-SESSION_SETUP_HOURLY-02-25,LOC003,CMU,KV3,active,2026-08-19-01,2026-08-19 01:00:00,78.65,index,valid,synthetic_core,134,466,461,57.19
CORE-SESSION_SETUP_HOURLY-02-26,LOC003,CMU,KV3,active,2026-08-19-02,2026-08-19 02:00:00,73.4,index,valid,synthetic_core,116,291,286,65.7
CORE-SESSION_SETUP_HOURLY-02-27,LOC003,CMU,KV3,active,2026-08-19-03,2026-08-19 03:00:00,81.2,index,valid,synthetic_core,164,575,566,37.02
CORE-SESSION_SETUP_HOURLY-02-28,LOC003,CMU,KV3,active,2026-08-19-04,2026-08-19 04:00:00,22.36,index,valid,synthetic_core,275,516,514,65.81
CORE-SESSION_SETUP_HOURLY-02-29,LOC003,CMU,KV3,active,2026-08-19-05,2026-08-19 05:00:00,55.27,index,valid,synthetic_core,182,378,371,42.63
CORE-SESSION_SETUP_HOURLY-02-30,LOC003,CMU,KV3,active,2026-08-19-06,2026-08-19 06:00:00,34.42,index,valid,synthetic_core,222,455,447,40.53
CORE-SESSION_SETUP_HOURLY-02-31,LOC003,CMU,KV3,active,2026-08-19-07,2026-08-19 07:00:00,63.53,index,valid,synthetic_core,288,218,215,43.76
CORE-SESSION_SETUP_HOURLY-02-32,LOC003,CMU,KV3,active,2026-08-19-08,2026-08-19 08:00:00,77.05,index,valid,synthetic_core,184,285,275,52.99
CORE-SESSION_SETUP_HOURLY-02-33,LOC003,CMU,KV3,active,2026-08-19-09,2026-08-19 09:00:00,35.03,index,valid,synthetic_core,269,299,293,38.8
CORE-SESSION_SETUP_HOURLY-02-34,LOC003,CMU,KV3,active,2026-08-19-10,2026-08-19 10:00:00,78.32,index,valid,synthetic_core,265,345,337,25.66
CORE-SESSION_SETUP_HOURLY-02-35,LOC003,CMU,KV3,active,2026-08-19-11,2026-08-19 11:00:00,49.37,index,valid,synthetic_core,146,415,414,63.81
CORE-SESSION_SETUP_HOURLY-02-36,LOC003,CMU,KV3,active,2026-08-19-12,2026-08-19 12:00:00,78.74,index,valid,synthetic_core,167,366,361,65.06
CORE-SESSION_SETUP_HOURLY-02-37,LOC003,CMU,KV3,active,2026-08-19-13,2026-08-19 13:00:00,23.82,index,valid,synthetic_core,194,401,398,43.72
CORE-SESSION_SETUP_HOURLY-02-38,LOC003,CMU,KV3,active,2026-08-19-14,2026-08-19 14:00:00,54.89,index,valid,synthetic_core,270,248,242,58.51
CORE-SESSION_SETUP_HOURLY-02-39,LOC003,CMU,KV3,active,2026-08-19-15,2026-08-19 15:00:00,60.81,index,valid,synthetic_core,241,575,574,61.84
CORE-SESSION_SETUP_HOURLY-02-40,LOC003,CMU,KV3,active,2026-08-19-16,2026-08-19 16:00:00,42.69,index,valid,synthetic_core,125,234,230,48.44
CORE-SESSION_SETUP_HOURLY-02-41,LOC003,CMU,KV3,active,2026-08-19-17,2026-08-19 17:00:00,32.6,index,valid,synthetic_core,113,452,451,56.99
CORE-SESSION_SETUP_HOURLY-02-42,LOC003,CMU,KV3,active,2026-08-19-18,2026-08-19 18:00:00,70.15,index,valid,synthetic_core,169,271,268,23.69
CORE-SESSION_SETUP_HOURLY-02-43,LOC003,CMU,KV3,active,2026-08-19-19,2026-08-19 19:00:00,50.81,index,valid,synthetic_core,229,375,366,59.33
CORE-SESSION_SETUP_HOURLY-02-44,LOC003,CMU,KV3,active,2026-08-19-20,2026-08-19 20:00:00,25.91,index,valid,synthetic_core,289,332,329,21.09
CORE-SESSION_SETUP_HOURLY-02-45,LOC003,CMU,KV3,active,2026-08-19-21,2026-08-19 21:00:00,26.06,index,valid,synthetic_core,169,348,344,69.98
CORE-SESSION_SETUP_HOURLY-02-46,LOC003,CMU,KV3,active,2026-08-19-22,2026-08-19 22:00:00,70.76,index,valid,synthetic_core,252,531,526,38.42
CORE-SESSION_SETUP_HOURLY-02-47,LOC003,CMU,KV3,active,2026-08-19-23,2026-08-19 23:00:00,16.57,index,valid,synthetic_core,182,454,448,43.11
CORE-SESSION_SETUP_HOURLY-02-48,LOC003,CMU,KV3,active,2026-08-20-00,2026-08-20 00:00:00,41.47,index,valid,synthetic_core,283,336,329,47.83
CORE-SESSION_SETUP_HOURLY-02-49,LOC003,CMU,KV3,active,2026-08-20-01,2026-08-20 01:00:00,26.6,index,valid,synthetic_core,171,572,570,29.73
CORE-SESSION_SETUP_HOURLY-02-50,LOC003,CMU,KV3,active,2026-08-20-02,2026-08-20 02:00:00,80.63,index,valid,synthetic_core,243,561,558,65.25
CORE-SESSION_SETUP_HOURLY-02-51,LOC003,CMU,KV3,active,2026-08-20-03,2026-08-20 03:00:00,66.69,index,valid,synthetic_core,213,501,491,44.16
CORE-SESSION_SETUP_HOURLY-02-52,LOC003,CMU,KV3,active,2026-08-20-04,2026-08-20 04:00:00,38.41,index,valid,synthetic_core,229,527,522,64.54
CORE-SESSION_SETUP_HOURLY-02-53,LOC003,CMU,KV3,active,2026-08-20-05,2026-08-20 05:00:00,22.68,index,valid,synthetic_core,235,469,465,66.31
CORE-SESSION_SETUP_HOURLY-02-54,LOC003,CMU,KV3,active,2026-08-20-06,2026-08-20 06:00:00,48.19,index,valid,synthetic_core,256,336,325,48.83
CORE-SESSION_SETUP_HOURLY-02-55,LOC003,CMU,KV3,active,2026-08-20-07,2026-08-20 07:00:00,42.89,index,valid,synthetic_core,175,463,458,64.04
CORE-SESSION_SETUP_HOURLY-02-56,LOC003,CMU,KV3,active,2026-08-20-08,2026-08-20 08:00:00,44.95,index,valid,synthetic_core,265,581,579,46.92
CORE-SESSION_SETUP_HOURLY-02-57,LOC003,CMU,KV3,active,2026-08-20-09,2026-08-20 09:00:00,53.79,index,valid,synthetic_core,296,321,312,38.21
CORE-SESSION_SETUP_HOURLY-02-58,LOC003,CMU,KV3,active,2026-08-20-10,2026-08-20 10:00:00,79.26,index,valid,synthetic_core,126,344,340,23.25
CORE-SESSION_SETUP_HOURLY-02-59,LOC003,CMU,KV3,active,2026-08-20-11,2026-08-20 11:00:00,62.73,index,valid,synthetic_core,222,304,292,23.83
CORE-SESSION_SETUP_HOURLY-02-60,LOC003,CMU,KV3,active,2026-08-20-12,2026-08-20 12:00:00,79.55,index,valid,synthetic_core,158,254,243,44.83
CORE-SESSION_SETUP_HOURLY-02-61,LOC003,CMU,KV3,active,2026-08-20-13,2026-08-20 13:00:00,35.09,index,valid,synthetic_core,209,371,361,28.28
CORE-SESSION_SETUP_HOURLY-02-62,LOC003,CMU,KV3,active,2026-08-20-14,2026-08-20 14:00:00,29.83,index,valid,synthetic_core,251,505,494,39.52
CORE-SESSION_SETUP_HOURLY-02-63,LOC003,CMU,KV3,active,2026-08-20-15,2026-08-20 15:00:00,69.38,index,valid,synthetic_core,225,577,567,52.36
CORE-SESSION_SETUP_HOURLY-02-64,LOC003,CMU,KV3,active,2026-08-20-16,2026-08-20 16:00:00,60.98,index,valid,synthetic_core,152,479,477,54.83
CORE-SESSION_SETUP_HOURLY-02-65,LOC003,CMU,KV3,active,2026-08-20-17,2026-08-20 17:00:00,41.86,index,valid,synthetic_core,182,538,530,50.04
CORE-SESSION_SETUP_HOURLY-02-66,LOC003,CMU,KV3,active,2026-08-20-18,2026-08-20 18:00:00,22.03,index,valid,synthetic_core,135,478,469,25.9
CORE-SESSION_SETUP_HOURLY-02-67,LOC003,CMU,KV3,active,2026-08-20-19,2026-08-20 19:00:00,19.68,index,valid,synthetic_core,103,486,484,60.75
CORE-SESSION_SETUP_HOURLY-02-68,LOC003,CMU,KV3,active,2026-08-20-20,2026-08-20 20:00:00,23.58,index,valid,synthetic_core,180,535,532,30.11
CORE-SESSION_SETUP_HOURLY-02-69,LOC003,CMU,KV3,active,2026-08-20-21,2026-08-20 21:00:00,18.37,index,valid,synthetic_core,266,495,491,68.15
CORE-SESSION_SETUP_HOURLY-02-70,LOC003,CMU,KV3,active,2026-08-20-22,2026-08-20 22:00:00,78.24,index,valid,synthetic_core,163,317,309,36.55
CORE-SESSION_SETUP_HOURLY-02-71,LOC003,CMU,KV3,active,2026-08-20-23,2026-08-20 23:00:00,47.26,index,valid,synthetic_core,212,570,569,51.74
CORE-SESSION_SETUP_HOURLY-03-00,LOC004,NBH,KV1,active,2026-08-18-00,2026-08-18 00:00:00,27.32,index,valid,synthetic_core,206,539,533,67.75
CORE-SESSION_SETUP_HOURLY-03-01,LOC004,NBH,KV1,active,2026-08-18-01,2026-08-18 01:00:00,67.32,index,valid,synthetic_core,265,450,440,55.67
CORE-SESSION_SETUP_HOURLY-03-02,LOC004,NBH,KV1,active,2026-08-18-02,2026-08-18 02:00:00,40.66,index,valid,synthetic_core,175,331,324,23.07
CORE-SESSION_SETUP_HOURLY-03-03,LOC004,NBH,KV1,active,2026-08-18-03,2026-08-18 03:00:00,70.63,index,valid,synthetic_core,285,326,325,55.79
CORE-SESSION_SETUP_HOURLY-03-04,LOC004,NBH,KV1,active,2026-08-18-04,2026-08-18 04:00:00,48.35,index,valid,synthetic_core,114,534,526,30.48
CORE-SESSION_SETUP_HOURLY-03-05,LOC004,NBH,KV1,active,2026-08-18-05,2026-08-18 05:00:00,21.81,index,valid,synthetic_core,160,326,325,52.56
CORE-SESSION_SETUP_HOURLY-03-06,LOC004,NBH,KV1,active,2026-08-18-06,2026-08-18 06:00:00,48.74,index,valid,synthetic_core,280,518,513,51.03
CORE-SESSION_SETUP_HOURLY-03-07,LOC004,NBH,KV1,active,2026-08-18-07,2026-08-18 07:00:00,67.09,index,valid,synthetic_core,268,228,223,42.5
CORE-SESSION_SETUP_HOURLY-03-08,LOC004,NBH,KV1,active,2026-08-18-08,2026-08-18 08:00:00,67.1,index,valid,synthetic_core,129,482,479,49.0
CORE-SESSION_SETUP_HOURLY-03-09,LOC004,NBH,KV1,active,2026-08-18-09,2026-08-18 09:00:00,80.96,index,valid,synthetic_core,171,263,254,24.88
CORE-SESSION_SETUP_HOURLY-03-10,LOC004,NBH,KV1,active,2026-08-18-10,2026-08-18 10:00:00,35.23,index,valid,synthetic_core,124,442,432,30.52
CORE-SESSION_SETUP_HOURLY-03-11,LOC004,NBH,KV1,active,2026-08-18-11,2026-08-18 11:00:00,78.47,index,valid,synthetic_core,117,291,284,34.22
CORE-SESSION_SETUP_HOURLY-03-12,LOC004,NBH,KV1,active,2026-08-18-12,2026-08-18 12:00:00,79.5,index,valid,synthetic_core,212,332,323,33.03
CORE-SESSION_SETUP_HOURLY-03-13,LOC004,NBH,KV1,active,2026-08-18-13,2026-08-18 13:00:00,66.31,index,valid,synthetic_core,159,588,584,27.92
CORE-SESSION_SETUP_HOURLY-03-14,LOC004,NBH,KV1,active,2026-08-18-14,2026-08-18 14:00:00,41.99,index,valid,synthetic_core,176,369,365,25.85
CORE-SESSION_SETUP_HOURLY-03-15,LOC004,NBH,KV1,active,2026-08-18-15,2026-08-18 15:00:00,64.48,index,valid,synthetic_core,118,412,400,34.65
CORE-SESSION_SETUP_HOURLY-03-16,LOC004,NBH,KV1,active,2026-08-18-16,2026-08-18 16:00:00,34.38,index,valid,synthetic_core,241,313,305,60.85
CORE-SESSION_SETUP_HOURLY-03-17,LOC004,NBH,KV1,active,2026-08-18-17,2026-08-18 17:00:00,28.77,index,valid,synthetic_core,283,458,446,58.22
CORE-SESSION_SETUP_HOURLY-03-18,LOC004,NBH,KV1,active,2026-08-18-18,2026-08-18 18:00:00,34.0,index,valid,synthetic_core,172,411,403,50.69
CORE-SESSION_SETUP_HOURLY-03-19,LOC004,NBH,KV1,active,2026-08-18-19,2026-08-18 19:00:00,33.89,index,valid,synthetic_core,213,328,320,26.62
CORE-SESSION_SETUP_HOURLY-03-20,LOC004,NBH,KV1,active,2026-08-18-20,2026-08-18 20:00:00,72.4,index,valid,synthetic_core,114,503,494,30.7
CORE-SESSION_SETUP_HOURLY-03-21,LOC004,NBH,KV1,active,2026-08-18-21,2026-08-18 21:00:00,27.5,index,valid,synthetic_core,217,571,568,34.83
CORE-SESSION_SETUP_HOURLY-03-22,LOC004,NBH,KV1,active,2026-08-18-22,2026-08-18 22:00:00,26.82,index,valid,synthetic_core,162,486,476,47.43
CORE-SESSION_SETUP_HOURLY-03-23,LOC004,NBH,KV1,active,2026-08-18-23,2026-08-18 23:00:00,30.54,index,valid,synthetic_core,106,466,460,66.06
CORE-SESSION_SETUP_HOURLY-03-24,LOC004,NBH,KV1,active,2026-08-19-00,2026-08-19 00:00:00,59.05,index,valid,synthetic_core,277,267,256,20.18
CORE-SESSION_SETUP_HOURLY-03-25,LOC004,NBH,KV1,active,2026-08-19-01,2026-08-19 01:00:00,71.11,index,valid,synthetic_core,185,342,338,62.07
CORE-SESSION_SETUP_HOURLY-03-26,LOC004,NBH,KV1,active,2026-08-19-02,2026-08-19 02:00:00,81.87,index,valid,synthetic_core,299,407,400,61.39
CORE-SESSION_SETUP_HOURLY-03-27,LOC004,NBH,KV1,active,2026-08-19-03,2026-08-19 03:00:00,15.99,index,valid,synthetic_core,195,575,572,27.86
CORE-SESSION_SETUP_HOURLY-03-28,LOC004,NBH,KV1,active,2026-08-19-04,2026-08-19 04:00:00,55.4,index,valid,synthetic_core,238,310,298,27.65
CORE-SESSION_SETUP_HOURLY-03-29,LOC004,NBH,KV1,active,2026-08-19-05,2026-08-19 05:00:00,78.41,index,valid,synthetic_core,115,241,234,24.4
CORE-SESSION_SETUP_HOURLY-03-30,LOC004,NBH,KV1,active,2026-08-19-06,2026-08-19 06:00:00,78.04,index,valid,synthetic_core,296,494,482,47.77
CORE-SESSION_SETUP_HOURLY-03-31,LOC004,NBH,KV1,active,2026-08-19-07,2026-08-19 07:00:00,29.26,index,valid,synthetic_core,217,208,198,48.31
CORE-SESSION_SETUP_HOURLY-03-32,LOC004,NBH,KV1,active,2026-08-19-08,2026-08-19 08:00:00,20.19,index,valid,synthetic_core,285,426,415,52.17
CORE-SESSION_SETUP_HOURLY-03-33,LOC004,NBH,KV1,active,2026-08-19-09,2026-08-19 09:00:00,65.08,index,valid,synthetic_core,226,446,439,48.52
CORE-SESSION_SETUP_HOURLY-03-34,LOC004,NBH,KV1,active,2026-08-19-10,2026-08-19 10:00:00,31.24,index,valid,synthetic_core,141,558,548,26.68
CORE-SESSION_SETUP_HOURLY-03-35,LOC004,NBH,KV1,active,2026-08-19-11,2026-08-19 11:00:00,66.38,index,valid,synthetic_core,114,448,439,43.23
CORE-SESSION_SETUP_HOURLY-03-36,LOC004,NBH,KV1,active,2026-08-19-12,2026-08-19 12:00:00,24.38,index,valid,synthetic_core,181,448,437,61.94
CORE-SESSION_SETUP_HOURLY-03-37,LOC004,NBH,KV1,active,2026-08-19-13,2026-08-19 13:00:00,39.35,index,valid,synthetic_core,222,360,356,59.79
CORE-SESSION_SETUP_HOURLY-03-38,LOC004,NBH,KV1,active,2026-08-19-14,2026-08-19 14:00:00,66.98,index,valid,synthetic_core,185,202,197,27.04
CORE-SESSION_SETUP_HOURLY-03-39,LOC004,NBH,KV1,active,2026-08-19-15,2026-08-19 15:00:00,30.08,index,valid,synthetic_core,130,301,294,53.25
CORE-SESSION_SETUP_HOURLY-03-40,LOC004,NBH,KV1,active,2026-08-19-16,2026-08-19 16:00:00,35.31,index,valid,synthetic_core,141,575,567,43.78
CORE-SESSION_SETUP_HOURLY-03-41,LOC004,NBH,KV1,active,2026-08-19-17,2026-08-19 17:00:00,18.42,index,valid,synthetic_core,158,582,578,68.44
CORE-SESSION_SETUP_HOURLY-03-42,LOC004,NBH,KV1,active,2026-08-19-18,2026-08-19 18:00:00,78.89,index,valid,synthetic_core,277,506,495,58.91
CORE-SESSION_SETUP_HOURLY-03-43,LOC004,NBH,KV1,active,2026-08-19-19,2026-08-19 19:00:00,40.89,index,valid,synthetic_core,244,549,547,28.0
CORE-SESSION_SETUP_HOURLY-03-44,LOC004,NBH,KV1,active,2026-08-19-20,2026-08-19 20:00:00,33.55,index,valid,synthetic_core,158,324,313,29.24
CORE-SESSION_SETUP_HOURLY-03-45,LOC004,NBH,KV1,active,2026-08-19-21,2026-08-19 21:00:00,47.4,index,valid,synthetic_core,225,257,246,29.8
CORE-SESSION_SETUP_HOURLY-03-46,LOC004,NBH,KV1,active,2026-08-19-22,2026-08-19 22:00:00,40.52,index,valid,synthetic_core,180,422,410,66.32
CORE-SESSION_SETUP_HOURLY-03-47,LOC004,NBH,KV1,active,2026-08-19-23,2026-08-19 23:00:00,76.73,index,valid,synthetic_core,291,486,483,66.43
CORE-SESSION_SETUP_HOURLY-03-48,LOC004,NBH,KV1,active,2026-08-20-00,2026-08-20 00:00:00,83.85,index,valid,synthetic_core,272,458,454,23.69
CORE-SESSION_SETUP_HOURLY-03-49,LOC004,NBH,KV1,active,2026-08-20-01,2026-08-20 01:00:00,65.35,index,valid,synthetic_core,234,459,457,44.22
CORE-SESSION_SETUP_HOURLY-03-50,LOC004,NBH,KV1,active,2026-08-20-02,2026-08-20 02:00:00,69.18,index,valid,synthetic_core,175,454,450,49.15
CORE-SESSION_SETUP_HOURLY-03-51,LOC004,NBH,KV1,active,2026-08-20-03,2026-08-20 03:00:00,43.7,index,valid,synthetic_core,229,351,349,54.31
CORE-SESSION_SETUP_HOURLY-03-52,LOC004,NBH,KV1,active,2026-08-20-04,2026-08-20 04:00:00,40.77,index,valid,synthetic_core,159,395,393,30.23
CORE-SESSION_SETUP_HOURLY-03-53,LOC004,NBH,KV1,active,2026-08-20-05,2026-08-20 05:00:00,18.75,index,valid,synthetic_core,297,256,254,34.41
CORE-SESSION_SETUP_HOURLY-03-54,LOC004,NBH,KV1,active,2026-08-20-06,2026-08-20 06:00:00,43.01,index,valid,synthetic_core,219,414,402,68.72
CORE-SESSION_SETUP_HOURLY-03-55,LOC004,NBH,KV1,active,2026-08-20-07,2026-08-20 07:00:00,83.3,index,valid,synthetic_core,299,572,560,37.31
CORE-SESSION_SETUP_HOURLY-03-56,LOC004,NBH,KV1,active,2026-08-20-08,2026-08-20 08:00:00,23.96,index,valid,synthetic_core,248,528,527,56.54
CORE-SESSION_SETUP_HOURLY-03-57,LOC004,NBH,KV1,active,2026-08-20-09,2026-08-20 09:00:00,17.77,index,valid,synthetic_core,191,399,393,25.09
CORE-SESSION_SETUP_HOURLY-03-58,LOC004,NBH,KV1,active,2026-08-20-10,2026-08-20 10:00:00,60.22,index,valid,synthetic_core,265,554,549,65.21
CORE-SESSION_SETUP_HOURLY-03-59,LOC004,NBH,KV1,active,2026-08-20-11,2026-08-20 11:00:00,59.55,index,valid,synthetic_core,218,441,430,21.51
CORE-SESSION_SETUP_HOURLY-03-60,LOC004,NBH,KV1,active,2026-08-20-12,2026-08-20 12:00:00,40.67,index,valid,synthetic_core,229,262,250,48.02
CORE-SESSION_SETUP_HOURLY-03-61,LOC004,NBH,KV1,active,2026-08-20-13,2026-08-20 13:00:00,63.96,index,valid,synthetic_core,230,476,473,44.98
CORE-SESSION_SETUP_HOURLY-03-62,LOC004,NBH,KV1,active,2026-08-20-14,2026-08-20 14:00:00,21.24,index,valid,synthetic_core,168,323,319,20.03
CORE-SESSION_SETUP_HOURLY-03-63,LOC004,NBH,KV1,active,2026-08-20-15,2026-08-20 15:00:00,58.82,index,valid,synthetic_core,210,364,362,33.91
CORE-SESSION_SETUP_HOURLY-03-64,LOC004,NBH,KV1,active,2026-08-20-16,2026-08-20 16:00:00,51.55,index,valid,synthetic_core,119,313,306,39.97
CORE-SESSION_SETUP_HOURLY-03-65,LOC004,NBH,KV1,active,2026-08-20-17,2026-08-20 17:00:00,37.83,index,valid,synthetic_core,223,438,428,38.92
CORE-SESSION_SETUP_HOURLY-03-66,LOC004,NBH,KV1,active,2026-08-20-18,2026-08-20 18:00:00,30.76,index,valid,synthetic_core,101,297,287,65.54
CORE-SESSION_SETUP_HOURLY-03-67,LOC004,NBH,KV1,active,2026-08-20-19,2026-08-20 19:00:00,78.03,index,valid,synthetic_core,219,487,482,23.98
CORE-SESSION_SETUP_HOURLY-03-68,LOC004,NBH,KV1,active,2026-08-20-20,2026-08-20 20:00:00,36.97,index,valid,synthetic_core,190,360,350,63.98
CORE-SESSION_SETUP_HOURLY-03-69,LOC004,NBH,KV1,active,2026-08-20-21,2026-08-20 21:00:00,26.36,index,valid,synthetic_core,288,438,437,24.54
CORE-SESSION_SETUP_HOURLY-03-70,LOC004,NBH,KV1,active,2026-08-20-22,2026-08-20 22:00:00,65.21,index,valid,synthetic_core,181,463,458,29.03
CORE-SESSION_SETUP_HOURLY-03-71,LOC004,NBH,KV1,active,2026-08-20-23,2026-08-20 23:00:00,55.54,index,valid,synthetic_core,100,387,382,43.6
CORE-SESSION_SETUP_HOURLY-04-00,LOC005,HCM,KV3,active,2026-08-18-00,2026-08-18 00:00:00,68.08,index,valid,synthetic_core,197,289,283,25.31
CORE-SESSION_SETUP_HOURLY-04-01,LOC005,HCM,KV3,active,2026-08-18-01,2026-08-18 01:00:00,24.05,index,valid,synthetic_core,167,211,199,28.66
CORE-SESSION_SETUP_HOURLY-04-02,LOC005,HCM,KV3,active,2026-08-18-02,2026-08-18 02:00:00,82.69,index,valid,synthetic_core,229,336,325,25.43
CORE-SESSION_SETUP_HOURLY-04-03,LOC005,HCM,KV3,active,2026-08-18-03,2026-08-18 03:00:00,72.72,index,valid,synthetic_core,159,383,371,43.32
CORE-SESSION_SETUP_HOURLY-04-04,LOC005,HCM,KV3,active,2026-08-18-04,2026-08-18 04:00:00,22.81,index,valid,synthetic_core,261,421,420,59.51
CORE-SESSION_SETUP_HOURLY-04-05,LOC005,HCM,KV3,active,2026-08-18-05,2026-08-18 05:00:00,76.53,index,valid,synthetic_core,161,242,238,66.3
CORE-SESSION_SETUP_HOURLY-04-06,LOC005,HCM,KV3,active,2026-08-18-06,2026-08-18 06:00:00,58.78,index,valid,synthetic_core,147,328,326,20.31
CORE-SESSION_SETUP_HOURLY-04-07,LOC005,HCM,KV3,active,2026-08-18-07,2026-08-18 07:00:00,78.14,index,valid,synthetic_core,128,270,265,44.81
CORE-SESSION_SETUP_HOURLY-04-08,LOC005,HCM,KV3,active,2026-08-18-08,2026-08-18 08:00:00,79.69,index,valid,synthetic_core,196,537,529,56.96
CORE-SESSION_SETUP_HOURLY-04-09,LOC005,HCM,KV3,active,2026-08-18-09,2026-08-18 09:00:00,37.3,index,valid,synthetic_core,290,476,472,36.41
CORE-SESSION_SETUP_HOURLY-04-10,LOC005,HCM,KV3,active,2026-08-18-10,2026-08-18 10:00:00,69.7,index,valid,synthetic_core,241,464,453,30.29
CORE-SESSION_SETUP_HOURLY-04-11,LOC005,HCM,KV3,active,2026-08-18-11,2026-08-18 11:00:00,46.39,index,valid,synthetic_core,144,426,415,54.32
CORE-SESSION_SETUP_HOURLY-04-12,LOC005,HCM,KV3,active,2026-08-18-12,2026-08-18 12:00:00,53.21,index,valid,synthetic_core,212,241,237,57.21
CORE-SESSION_SETUP_HOURLY-04-13,LOC005,HCM,KV3,active,2026-08-18-13,2026-08-18 13:00:00,42.22,index,valid,synthetic_core,117,569,564,41.82
CORE-SESSION_SETUP_HOURLY-04-14,LOC005,HCM,KV3,active,2026-08-18-14,2026-08-18 14:00:00,70.67,index,valid,synthetic_core,125,232,223,38.07
CORE-SESSION_SETUP_HOURLY-04-15,LOC005,HCM,KV3,active,2026-08-18-15,2026-08-18 15:00:00,22.92,index,valid,synthetic_core,260,356,354,38.49
CORE-SESSION_SETUP_HOURLY-04-16,LOC005,HCM,KV3,active,2026-08-18-16,2026-08-18 16:00:00,43.11,index,valid,synthetic_core,100,285,282,58.62
CORE-SESSION_SETUP_HOURLY-04-17,LOC005,HCM,KV3,active,2026-08-18-17,2026-08-18 17:00:00,46.56,index,valid,synthetic_core,230,527,518,51.12
CORE-SESSION_SETUP_HOURLY-04-18,LOC005,HCM,KV3,active,2026-08-18-18,2026-08-18 18:00:00,84.48,index,valid,synthetic_core,262,572,566,59.17
CORE-SESSION_SETUP_HOURLY-04-19,LOC005,HCM,KV3,active,2026-08-18-19,2026-08-18 19:00:00,74.0,index,valid,synthetic_core,273,516,508,53.05
CORE-SESSION_SETUP_HOURLY-04-20,LOC005,HCM,KV3,active,2026-08-18-20,2026-08-18 20:00:00,33.87,index,valid,synthetic_core,255,328,323,59.31
CORE-SESSION_SETUP_HOURLY-04-21,LOC005,HCM,KV3,active,2026-08-18-21,2026-08-18 21:00:00,15.75,index,valid,synthetic_core,188,250,239,28.33
CORE-SESSION_SETUP_HOURLY-04-22,LOC005,HCM,KV3,active,2026-08-18-22,2026-08-18 22:00:00,34.88,index,valid,synthetic_core,113,364,354,37.84
CORE-SESSION_SETUP_HOURLY-04-23,LOC005,HCM,KV3,active,2026-08-18-23,2026-08-18 23:00:00,35.18,index,valid,synthetic_core,223,424,421,45.02
CORE-SESSION_SETUP_HOURLY-04-24,LOC005,HCM,KV3,active,2026-08-19-00,2026-08-19 00:00:00,37.92,index,valid,synthetic_core,186,298,294,66.38
CORE-SESSION_SETUP_HOURLY-04-25,LOC005,HCM,KV3,active,2026-08-19-01,2026-08-19 01:00:00,21.08,index,valid,synthetic_core,258,386,380,55.78
CORE-SESSION_SETUP_HOURLY-04-26,LOC005,HCM,KV3,active,2026-08-19-02,2026-08-19 02:00:00,47.7,index,valid,synthetic_core,235,534,529,26.17
CORE-SESSION_SETUP_HOURLY-04-27,LOC005,HCM,KV3,active,2026-08-19-03,2026-08-19 03:00:00,57.34,index,valid,synthetic_core,228,546,539,28.6
CORE-SESSION_SETUP_HOURLY-04-28,LOC005,HCM,KV3,active,2026-08-19-04,2026-08-19 04:00:00,43.5,index,valid,synthetic_core,278,409,398,57.49
CORE-SESSION_SETUP_HOURLY-04-29,LOC005,HCM,KV3,active,2026-08-19-05,2026-08-19 05:00:00,66.43,index,valid,synthetic_core,274,407,399,29.3
CORE-SESSION_SETUP_HOURLY-04-30,LOC005,HCM,KV3,active,2026-08-19-06,2026-08-19 06:00:00,29.61,index,valid,synthetic_core,169,405,403,23.62
CORE-SESSION_SETUP_HOURLY-04-31,LOC005,HCM,KV3,active,2026-08-19-07,2026-08-19 07:00:00,25.48,index,valid,synthetic_core,246,320,315,67.81
CORE-SESSION_SETUP_HOURLY-04-32,LOC005,HCM,KV3,active,2026-08-19-08,2026-08-19 08:00:00,74.4,index,valid,synthetic_core,262,377,373,47.41
CORE-SESSION_SETUP_HOURLY-04-33,LOC005,HCM,KV3,active,2026-08-19-09,2026-08-19 09:00:00,24.02,index,valid,synthetic_core,266,595,584,25.72
CORE-SESSION_SETUP_HOURLY-04-34,LOC005,HCM,KV3,active,2026-08-19-10,2026-08-19 10:00:00,66.53,index,valid,synthetic_core,158,312,303,57.91
CORE-SESSION_SETUP_HOURLY-04-35,LOC005,HCM,KV3,active,2026-08-19-11,2026-08-19 11:00:00,40.65,index,valid,synthetic_core,257,320,319,29.03
CORE-SESSION_SETUP_HOURLY-04-36,LOC005,HCM,KV3,active,2026-08-19-12,2026-08-19 12:00:00,17.78,index,valid,synthetic_core,264,302,297,22.34
CORE-SESSION_SETUP_HOURLY-04-37,LOC005,HCM,KV3,active,2026-08-19-13,2026-08-19 13:00:00,21.81,index,valid,synthetic_core,265,395,384,23.69
CORE-SESSION_SETUP_HOURLY-04-38,LOC005,HCM,KV3,active,2026-08-19-14,2026-08-19 14:00:00,81.16,index,valid,synthetic_core,232,523,518,54.57
CORE-SESSION_SETUP_HOURLY-04-39,LOC005,HCM,KV3,active,2026-08-19-15,2026-08-19 15:00:00,31.17,index,valid,synthetic_core,223,480,476,68.52
CORE-SESSION_SETUP_HOURLY-04-40,LOC005,HCM,KV3,active,2026-08-19-16,2026-08-19 16:00:00,39.12,index,valid,synthetic_core,229,572,566,57.81
CORE-SESSION_SETUP_HOURLY-04-41,LOC005,HCM,KV3,active,2026-08-19-17,2026-08-19 17:00:00,48.59,index,valid,synthetic_core,279,255,252,38.68
CORE-SESSION_SETUP_HOURLY-04-42,LOC005,HCM,KV3,active,2026-08-19-18,2026-08-19 18:00:00,38.4,index,valid,synthetic_core,210,295,293,20.92
CORE-SESSION_SETUP_HOURLY-04-43,LOC005,HCM,KV3,active,2026-08-19-19,2026-08-19 19:00:00,51.46,index,valid,synthetic_core,161,531,523,25.18
CORE-SESSION_SETUP_HOURLY-04-44,LOC005,HCM,KV3,active,2026-08-19-20,2026-08-19 20:00:00,50.94,index,valid,synthetic_core,239,511,499,64.95
CORE-SESSION_SETUP_HOURLY-04-45,LOC005,HCM,KV3,active,2026-08-19-21,2026-08-19 21:00:00,18.26,index,valid,synthetic_core,228,283,274,54.95
CORE-SESSION_SETUP_HOURLY-04-46,LOC005,HCM,KV3,active,2026-08-19-22,2026-08-19 22:00:00,38.2,index,valid,synthetic_core,117,595,589,54.53
CORE-SESSION_SETUP_HOURLY-04-47,LOC005,HCM,KV3,active,2026-08-19-23,2026-08-19 23:00:00,40.92,index,valid,synthetic_core,222,436,428,50.94
CORE-SESSION_SETUP_HOURLY-04-48,LOC005,HCM,KV3,active,2026-08-20-00,2026-08-20 00:00:00,78.55,index,valid,synthetic_core,264,579,574,38.95
CORE-SESSION_SETUP_HOURLY-04-49,LOC005,HCM,KV3,active,2026-08-20-01,2026-08-20 01:00:00,36.77,index,valid,synthetic_core,107,404,396,40.1
CORE-SESSION_SETUP_HOURLY-04-50,LOC005,HCM,KV3,active,2026-08-20-02,2026-08-20 02:00:00,68.58,index,valid,synthetic_core,204,240,232,24.9
CORE-SESSION_SETUP_HOURLY-04-51,LOC005,HCM,KV3,active,2026-08-20-03,2026-08-20 03:00:00,79.87,index,valid,synthetic_core,150,497,488,53.88
CORE-SESSION_SETUP_HOURLY-04-52,LOC005,HCM,KV3,active,2026-08-20-04,2026-08-20 04:00:00,69.44,index,valid,synthetic_core,165,381,380,28.91
CORE-SESSION_SETUP_HOURLY-04-53,LOC005,HCM,KV3,active,2026-08-20-05,2026-08-20 05:00:00,64.69,index,valid,synthetic_core,249,596,592,24.55
CORE-SESSION_SETUP_HOURLY-04-54,LOC005,HCM,KV3,active,2026-08-20-06,2026-08-20 06:00:00,65.89,index,valid,synthetic_core,161,417,416,49.82
CORE-SESSION_SETUP_HOURLY-04-55,LOC005,HCM,KV3,active,2026-08-20-07,2026-08-20 07:00:00,31.15,index,valid,synthetic_core,103,206,202,46.91
CORE-SESSION_SETUP_HOURLY-04-56,LOC005,HCM,KV3,active,2026-08-20-08,2026-08-20 08:00:00,68.36,index,valid,synthetic_core,137,428,416,62.69
CORE-SESSION_SETUP_HOURLY-04-57,LOC005,HCM,KV3,active,2026-08-20-09,2026-08-20 09:00:00,20.06,index,valid,synthetic_core,150,409,398,33.58
CORE-SESSION_SETUP_HOURLY-04-58,LOC005,HCM,KV3,active,2026-08-20-10,2026-08-20 10:00:00,71.14,index,valid,synthetic_core,135,269,266,69.79
CORE-SESSION_SETUP_HOURLY-04-59,LOC005,HCM,KV3,active,2026-08-20-11,2026-08-20 11:00:00,63.38,index,valid,synthetic_core,292,491,488,58.86
CORE-SESSION_SETUP_HOURLY-04-60,LOC005,HCM,KV3,active,2026-08-20-12,2026-08-20 12:00:00,40.7,index,valid,synthetic_core,134,295,284,42.84
CORE-SESSION_SETUP_HOURLY-04-61,LOC005,HCM,KV3,active,2026-08-20-13,2026-08-20 13:00:00,50.93,index,valid,synthetic_core,268,346,339,37.79
CORE-SESSION_SETUP_HOURLY-04-62,LOC005,HCM,KV3,active,2026-08-20-14,2026-08-20 14:00:00,74.43,index,valid,synthetic_core,254,511,506,41.87
CORE-SESSION_SETUP_HOURLY-04-63,LOC005,HCM,KV3,active,2026-08-20-15,2026-08-20 15:00:00,69.44,index,valid,synthetic_core,102,588,581,63.95
CORE-SESSION_SETUP_HOURLY-04-64,LOC005,HCM,KV3,active,2026-08-20-16,2026-08-20 16:00:00,57.28,index,valid,synthetic_core,139,434,423,22.45
CORE-SESSION_SETUP_HOURLY-04-65,LOC005,HCM,KV3,active,2026-08-20-17,2026-08-20 17:00:00,82.21,index,valid,synthetic_core,263,393,381,50.03
CORE-SESSION_SETUP_HOURLY-04-66,LOC005,HCM,KV3,active,2026-08-20-18,2026-08-20 18:00:00,60.2,index,valid,synthetic_core,227,498,494,45.26
CORE-SESSION_SETUP_HOURLY-04-67,LOC005,HCM,KV3,active,2026-08-20-19,2026-08-20 19:00:00,28.35,index,valid,synthetic_core,235,353,343,56.74
CORE-SESSION_SETUP_HOURLY-04-68,LOC005,HCM,KV3,active,2026-08-20-20,2026-08-20 20:00:00,56.49,index,valid,synthetic_core,105,422,415,47.47
CORE-SESSION_SETUP_HOURLY-04-69,LOC005,HCM,KV3,active,2026-08-20-21,2026-08-20 21:00:00,20.21,index,valid,synthetic_core,264,282,272,28.57
CORE-SESSION_SETUP_HOURLY-04-70,LOC005,HCM,KV3,active,2026-08-20-22,2026-08-20 22:00:00,32.75,index,valid,synthetic_core,268,518,515,27.17
CORE-SESSION_SETUP_HOURLY-04-71,LOC005,HCM,KV3,active,2026-08-20-23,2026-08-20 23:00:00,37.43,index,valid,synthetic_core,123,539,527,35.75
CORE-SESSION_SETUP_HOURLY-05-00,LOC006,KHA,KV2,active,2026-08-18-00,2026-08-18 00:00:00,28.88,index,valid,synthetic_core,229,570,564,31.81
CORE-SESSION_SETUP_HOURLY-05-01,LOC006,KHA,KV2,active,2026-08-18-01,2026-08-18 01:00:00,78.15,index,valid,synthetic_core,170,293,291,44.13
CORE-SESSION_SETUP_HOURLY-05-02,LOC006,KHA,KV2,active,2026-08-18-02,2026-08-18 02:00:00,19.8,index,valid,synthetic_core,269,529,517,68.2
CORE-SESSION_SETUP_HOURLY-05-03,LOC006,KHA,KV2,active,2026-08-18-03,2026-08-18 03:00:00,40.1,index,valid,synthetic_core,270,220,212,64.13
CORE-SESSION_SETUP_HOURLY-05-04,LOC006,KHA,KV2,active,2026-08-18-04,2026-08-18 04:00:00,64.66,index,valid,synthetic_core,299,477,476,57.16
CORE-SESSION_SETUP_HOURLY-05-05,LOC006,KHA,KV2,active,2026-08-18-05,2026-08-18 05:00:00,84.98,index,valid,synthetic_core,273,546,534,34.35
CORE-SESSION_SETUP_HOURLY-05-06,LOC006,KHA,KV2,active,2026-08-18-06,2026-08-18 06:00:00,49.23,index,valid,synthetic_core,214,558,550,34.99
CORE-SESSION_SETUP_HOURLY-05-07,LOC006,KHA,KV2,active,2026-08-18-07,2026-08-18 07:00:00,59.2,index,valid,synthetic_core,201,438,435,42.48
CORE-SESSION_SETUP_HOURLY-05-08,LOC006,KHA,KV2,active,2026-08-18-08,2026-08-18 08:00:00,46.6,index,valid,synthetic_core,270,293,290,45.19
CORE-SESSION_SETUP_HOURLY-05-09,LOC006,KHA,KV2,active,2026-08-18-09,2026-08-18 09:00:00,19.6,index,valid,synthetic_core,127,501,497,31.45
CORE-SESSION_SETUP_HOURLY-05-10,LOC006,KHA,KV2,active,2026-08-18-10,2026-08-18 10:00:00,15.58,index,valid,synthetic_core,159,432,430,24.42
CORE-SESSION_SETUP_HOURLY-05-11,LOC006,KHA,KV2,active,2026-08-18-11,2026-08-18 11:00:00,62.7,index,valid,synthetic_core,283,447,444,58.25
CORE-SESSION_SETUP_HOURLY-05-12,LOC006,KHA,KV2,active,2026-08-18-12,2026-08-18 12:00:00,44.66,index,valid,synthetic_core,167,534,531,40.47
CORE-SESSION_SETUP_HOURLY-05-13,LOC006,KHA,KV2,active,2026-08-18-13,2026-08-18 13:00:00,24.93,index,valid,synthetic_core,170,415,408,57.74
CORE-SESSION_SETUP_HOURLY-05-14,LOC006,KHA,KV2,active,2026-08-18-14,2026-08-18 14:00:00,78.47,index,valid,synthetic_core,149,445,439,27.7
CORE-SESSION_SETUP_HOURLY-05-15,LOC006,KHA,KV2,active,2026-08-18-15,2026-08-18 15:00:00,74.72,index,valid,synthetic_core,241,453,443,35.04
CORE-SESSION_SETUP_HOURLY-05-16,LOC006,KHA,KV2,active,2026-08-18-16,2026-08-18 16:00:00,71.85,index,valid,synthetic_core,217,479,472,59.22
CORE-SESSION_SETUP_HOURLY-05-17,LOC006,KHA,KV2,active,2026-08-18-17,2026-08-18 17:00:00,38.72,index,valid,synthetic_core,194,264,261,61.21
CORE-SESSION_SETUP_HOURLY-05-18,LOC006,KHA,KV2,active,2026-08-18-18,2026-08-18 18:00:00,68.06,index,valid,synthetic_core,175,234,232,57.27
CORE-SESSION_SETUP_HOURLY-05-19,LOC006,KHA,KV2,active,2026-08-18-19,2026-08-18 19:00:00,60.12,index,valid,synthetic_core,173,476,469,67.63
CORE-SESSION_SETUP_HOURLY-05-20,LOC006,KHA,KV2,active,2026-08-18-20,2026-08-18 20:00:00,26.33,index,valid,synthetic_core,210,242,237,59.39
CORE-SESSION_SETUP_HOURLY-05-21,LOC006,KHA,KV2,active,2026-08-18-21,2026-08-18 21:00:00,64.08,index,valid,synthetic_core,273,330,327,47.6
CORE-SESSION_SETUP_HOURLY-05-22,LOC006,KHA,KV2,active,2026-08-18-22,2026-08-18 22:00:00,63.38,index,valid,synthetic_core,139,491,483,36.79
CORE-SESSION_SETUP_HOURLY-05-23,LOC006,KHA,KV2,active,2026-08-18-23,2026-08-18 23:00:00,22.16,index,valid,synthetic_core,293,451,439,49.98
CORE-SESSION_SETUP_HOURLY-05-24,LOC006,KHA,KV2,active,2026-08-19-00,2026-08-19 00:00:00,65.08,index,valid,synthetic_core,244,371,366,47.98
CORE-SESSION_SETUP_HOURLY-05-25,LOC006,KHA,KV2,active,2026-08-19-01,2026-08-19 01:00:00,78.93,index,valid,synthetic_core,259,403,397,31.13
CORE-SESSION_SETUP_HOURLY-05-26,LOC006,KHA,KV2,active,2026-08-19-02,2026-08-19 02:00:00,78.06,index,valid,synthetic_core,184,304,298,43.49
CORE-SESSION_SETUP_HOURLY-05-27,LOC006,KHA,KV2,active,2026-08-19-03,2026-08-19 03:00:00,41.35,index,valid,synthetic_core,131,571,567,68.91
CORE-SESSION_SETUP_HOURLY-05-28,LOC006,KHA,KV2,active,2026-08-19-04,2026-08-19 04:00:00,72.38,index,valid,synthetic_core,181,357,355,33.2
CORE-SESSION_SETUP_HOURLY-05-29,LOC006,KHA,KV2,active,2026-08-19-05,2026-08-19 05:00:00,38.17,index,valid,synthetic_core,275,346,335,25.14
CORE-SESSION_SETUP_HOURLY-05-30,LOC006,KHA,KV2,active,2026-08-19-06,2026-08-19 06:00:00,84.05,index,valid,synthetic_core,118,418,408,35.09
CORE-SESSION_SETUP_HOURLY-05-31,LOC006,KHA,KV2,active,2026-08-19-07,2026-08-19 07:00:00,23.47,index,valid,synthetic_core,214,584,574,49.79
CORE-SESSION_SETUP_HOURLY-05-32,LOC006,KHA,KV2,active,2026-08-19-08,2026-08-19 08:00:00,16.96,index,valid,synthetic_core,106,357,348,28.57
CORE-SESSION_SETUP_HOURLY-05-33,LOC006,KHA,KV2,active,2026-08-19-09,2026-08-19 09:00:00,55.95,index,valid,synthetic_core,260,371,364,21.93
CORE-SESSION_SETUP_HOURLY-05-34,LOC006,KHA,KV2,active,2026-08-19-10,2026-08-19 10:00:00,39.89,index,valid,synthetic_core,226,277,275,24.7
CORE-SESSION_SETUP_HOURLY-05-35,LOC006,KHA,KV2,active,2026-08-19-11,2026-08-19 11:00:00,58.01,index,valid,synthetic_core,101,465,454,53.22
CORE-SESSION_SETUP_HOURLY-05-36,LOC006,KHA,KV2,active,2026-08-19-12,2026-08-19 12:00:00,75.96,index,valid,synthetic_core,105,564,563,64.92
CORE-SESSION_SETUP_HOURLY-05-37,LOC006,KHA,KV2,active,2026-08-19-13,2026-08-19 13:00:00,49.23,index,valid,synthetic_core,254,582,579,53.58
CORE-SESSION_SETUP_HOURLY-05-38,LOC006,KHA,KV2,active,2026-08-19-14,2026-08-19 14:00:00,72.21,index,valid,synthetic_core,204,481,477,28.09
CORE-SESSION_SETUP_HOURLY-05-39,LOC006,KHA,KV2,active,2026-08-19-15,2026-08-19 15:00:00,45.24,index,valid,synthetic_core,293,569,567,66.31
CORE-SESSION_SETUP_HOURLY-05-40,LOC006,KHA,KV2,active,2026-08-19-16,2026-08-19 16:00:00,56.52,index,valid,synthetic_core,225,251,246,32.64
CORE-SESSION_SETUP_HOURLY-05-41,LOC006,KHA,KV2,active,2026-08-19-17,2026-08-19 17:00:00,35.97,index,valid,synthetic_core,140,546,545,51.13
CORE-SESSION_SETUP_HOURLY-05-42,LOC006,KHA,KV2,active,2026-08-19-18,2026-08-19 18:00:00,31.47,index,valid,synthetic_core,278,320,316,48.24
CORE-SESSION_SETUP_HOURLY-05-43,LOC006,KHA,KV2,active,2026-08-19-19,2026-08-19 19:00:00,20.85,index,valid,synthetic_core,265,269,266,39.18
CORE-SESSION_SETUP_HOURLY-05-44,LOC006,KHA,KV2,active,2026-08-19-20,2026-08-19 20:00:00,47.89,index,valid,synthetic_core,227,535,525,26.44
CORE-SESSION_SETUP_HOURLY-05-45,LOC006,KHA,KV2,active,2026-08-19-21,2026-08-19 21:00:00,31.85,index,valid,synthetic_core,113,525,515,51.45
CORE-SESSION_SETUP_HOURLY-05-46,LOC006,KHA,KV2,active,2026-08-19-22,2026-08-19 22:00:00,25.22,index,valid,synthetic_core,149,497,488,24.11
CORE-SESSION_SETUP_HOURLY-05-47,LOC006,KHA,KV2,active,2026-08-19-23,2026-08-19 23:00:00,65.35,index,valid,synthetic_core,209,362,361,69.0
CORE-SESSION_SETUP_HOURLY-05-48,LOC006,KHA,KV2,active,2026-08-20-00,2026-08-20 00:00:00,17.83,index,valid,synthetic_core,141,354,349,34.24
CORE-SESSION_SETUP_HOURLY-05-49,LOC006,KHA,KV2,active,2026-08-20-01,2026-08-20 01:00:00,65.31,index,valid,synthetic_core,231,573,562,58.02
CORE-SESSION_SETUP_HOURLY-05-50,LOC006,KHA,KV2,active,2026-08-20-02,2026-08-20 02:00:00,49.04,index,valid,synthetic_core,128,354,346,59.71
CORE-SESSION_SETUP_HOURLY-05-51,LOC006,KHA,KV2,active,2026-08-20-03,2026-08-20 03:00:00,76.1,index,valid,synthetic_core,106,405,404,38.95
CORE-SESSION_SETUP_HOURLY-05-52,LOC006,KHA,KV2,active,2026-08-20-04,2026-08-20 04:00:00,49.48,index,valid,synthetic_core,150,246,237,66.54
CORE-SESSION_SETUP_HOURLY-05-53,LOC006,KHA,KV2,active,2026-08-20-05,2026-08-20 05:00:00,53.03,index,valid,synthetic_core,211,298,286,52.99
CORE-SESSION_SETUP_HOURLY-05-54,LOC006,KHA,KV2,active,2026-08-20-06,2026-08-20 06:00:00,29.16,index,valid,synthetic_core,196,597,588,45.21
CORE-SESSION_SETUP_HOURLY-05-55,LOC006,KHA,KV2,active,2026-08-20-07,2026-08-20 07:00:00,83.27,index,valid,synthetic_core,240,211,207,50.32
CORE-SESSION_SETUP_HOURLY-05-56,LOC006,KHA,KV2,active,2026-08-20-08,2026-08-20 08:00:00,23.6,index,valid,synthetic_core,136,512,501,47.3
CORE-SESSION_SETUP_HOURLY-05-57,LOC006,KHA,KV2,active,2026-08-20-09,2026-08-20 09:00:00,82.4,index,valid,synthetic_core,129,306,298,26.49
CORE-SESSION_SETUP_HOURLY-05-58,LOC006,KHA,KV2,active,2026-08-20-10,2026-08-20 10:00:00,79.16,index,valid,synthetic_core,293,358,357,24.93
CORE-SESSION_SETUP_HOURLY-05-59,LOC006,KHA,KV2,active,2026-08-20-11,2026-08-20 11:00:00,49.23,index,valid,synthetic_core,288,268,257,36.91
CORE-SESSION_SETUP_HOURLY-05-60,LOC006,KHA,KV2,active,2026-08-20-12,2026-08-20 12:00:00,20.42,index,valid,synthetic_core,279,381,374,63.41
CORE-SESSION_SETUP_HOURLY-05-61,LOC006,KHA,KV2,active,2026-08-20-13,2026-08-20 13:00:00,63.7,index,valid,synthetic_core,122,350,344,55.96
CORE-SESSION_SETUP_HOURLY-05-62,LOC006,KHA,KV2,active,2026-08-20-14,2026-08-20 14:00:00,57.87,index,valid,synthetic_core,121,487,482,22.34
CORE-SESSION_SETUP_HOURLY-05-63,LOC006,KHA,KV2,active,2026-08-20-15,2026-08-20 15:00:00,54.44,index,valid,synthetic_core,188,449,439,20.05
CORE-SESSION_SETUP_HOURLY-05-64,LOC006,KHA,KV2,active,2026-08-20-16,2026-08-20 16:00:00,35.49,index,valid,synthetic_core,259,571,560,44.06
CORE-SESSION_SETUP_HOURLY-05-65,LOC006,KHA,KV2,active,2026-08-20-17,2026-08-20 17:00:00,32.09,index,valid,synthetic_core,232,365,362,30.24
CORE-SESSION_SETUP_HOURLY-05-66,LOC006,KHA,KV2,active,2026-08-20-18,2026-08-20 18:00:00,63.11,index,valid,synthetic_core,209,479,476,24.82
CORE-SESSION_SETUP_HOURLY-05-67,LOC006,KHA,KV2,active,2026-08-20-19,2026-08-20 19:00:00,59.34,index,valid,synthetic_core,185,228,226,30.85
CORE-SESSION_SETUP_HOURLY-05-68,LOC006,KHA,KV2,active,2026-08-20-20,2026-08-20 20:00:00,75.95,index,valid,synthetic_core,205,214,207,31.91
CORE-SESSION_SETUP_HOURLY-05-69,LOC006,KHA,KV2,active,2026-08-20-21,2026-08-20 21:00:00,81.1,index,valid,synthetic_core,233,407,395,40.62
CORE-SESSION_SETUP_HOURLY-05-70,LOC006,KHA,KV2,active,2026-08-20-22,2026-08-20 22:00:00,66.76,index,valid,synthetic_core,220,469,459,57.73
CORE-SESSION_SETUP_HOURLY-05-71,LOC006,KHA,KV2,active,2026-08-20-23,2026-08-20 23:00:00,83.47,index,valid,synthetic_core,101,397,386,69.74
