kpi_hourly_network_id,location_id,province_code,area_code,status,date_hour,observed_at,metric_value,metric_unit,quality_flag,source_system,sample_count,breach_count,baseline_value,change_pct
AAM-KPI_HOURLY_NETWORK-00-00,LOC001,DBN,KV1,active,2026-08-18-00,2026-08-18 00:00:00,65.18,index,valid,synthetic_aam,24,0,58.66,11.11
AAM-KPI_HOURLY_NETWORK-00-01,LOC001,DBN,KV1,active,2026-08-18-01,2026-08-18 01:00:00,38.72,index,valid,synthetic_aam,24,0,34.85,11.11
AAM-KPI_HOURLY_NETWORK-00-02,LOC001,DBN,KV1,active,2026-08-18-02,2026-08-18 02:00:00,67.52,index,valid,synthetic_aam,24,0,60.77,11.11
AAM-KPI_HOURLY_NETWORK-00-03,LOC001,DBN,KV1,active,2026-08-18-03,2026-08-18 03:00:00,16.56,index,valid,synthetic_aam,24,0,14.9,11.11
AAM-KPI_HOURLY_NETWORK-00-04,LOC001,DBN,KV1,active,2026-08-18-04,2026-08-18 04:00:00,55.12,index,valid,synthetic_aam,24,0,49.61,11.11
AAM-KPI_HOURLY_NETWORK-00-05,LOC001,DBN,KV1,active,2026-08-18-05,2026-08-18 05:00:00,78.84,index,valid,synthetic_aam,24,0,70.96,11.11
AAM-KPI_HOURLY_NETWORK-00-06,LOC001,DBN,KV1,active,2026-08-18-06,2026-08-18 06:00:00,69.93,index,valid,synthetic_aam,24,0,62.94,11.11
AAM-KPI_HOURLY_NETWORK-00-07,LOC001,DBN,KV1,active,2026-08-18-07,2026-08-18 07:00:00,24.81,index,valid,synthetic_aam,24,0,22.33,11.11
AAM-KPI_HOURLY_NETWORK-00-08,LOC001,DBN,KV1,active,2026-08-18-08,2026-08-18 08:00:00,18.41,index,valid,synthetic_aam,24,0,16.57,11.11
AAM-KPI_HOURLY_NETWORK-00-09,LOC001,DBN,KV1,active,2026-08-18-09,2026-08-18 09:00:00,50.49,index,valid,synthetic_aam,24,0,45.44,11.11
AAM-KPI_HOURLY_NETWORK-00-10,LOC001,DBN,KV1,active,2026-08-18-10,2026-08-18 10:00:00,26.49,index,valid,synthetic_aam,24,0,23.84,11.11
AAM-KPI_HOURLY_NETWORK-00-11,LOC001,DBN,KV1,active,2026-08-18-11,2026-08-18 11:00:00,30.04,index,valid,synthetic_aam,24,0,27.04,11.11
AAM-KPI_HOURLY_NETWORK-00-12,LOC001,DBN,KV1,active,2026-08-18-12,2026-08-18 12:00:00,42.24,index,valid,synthetic_aam,24,0,38.02,11.11
AAM-KPI_HOURLY_NETWORK-00-13,LOC001,DBN,KV1,active,2026-08-18-13,2026-08-18 13:00:00,76.78,index,valid,synthetic_aam,24,0,69.1,11.11
AAM-KPI_HOURLY_NETWORK-00-14,LOC001,DBN,KV1,active,2026-08-18-14,2026-08-18 14:00:00,69.36,index,valid,synthetic_aam,24,0,62.42,11.11
AAM-KPI_HOURLY_NETWORK-00-15,LOC001,DBN,KV1,active,2026-08-18-15,2026-08-18 15:00:00,38.86,index,valid,synthetic_aam,24,0,34.97,11.11
AAM-KPI_HOURLY_NETWORK-00-16,LOC001,DBN,KV1,active,2026-08-18-16,2026-08-18 16:00:00,42.14,index,valid,synthetic_aam,24,0,37.93,11.11
AAM-KPI_HOURLY_NETWORK-00-17,LOC001,DBN,KV1,active,2026-08-18-17,2026-08-18 17:00:00,66.36,index,valid,synthetic_aam,24,0,59.72,11.11
AAM-KPI_HOURLY_NETWORK-00-18,LOC001,DBN,KV1,active,2026-08-18-18,2026-08-18 18:00:00,22.49,index,valid,synthetic_aam,24,0,20.24,11.11
AAM-KPI_HOURLY_NETWORK-00-19,LOC001,DBN,KV1,active,2026-08-18-19,2026-08-18 19:00:00,62.6,index,valid,synthetic_aam,24,0,56.34,11.11
AAM-KPI_HOURLY_NETWORK-00-20,LOC001,DBN,KV1,active,2026-08-18-20,2026-08-18 20:00:00,46.85,index,valid,synthetic_aam,24,0,42.16,11.11
AAM-KPI_HOURLY_NETWORK-00-21,LOC001,DBN,KV1,active,2026-08-18-21,2026-08-18 21:00:00,57.63,index,valid,synthetic_aam,24,0,51.87,11.11
AAM-KPI_HOURLY_NETWORK-00-22,LOC001,DBN,KV1,active,2026-08-18-22,2026-08-18 22:00:00,52.78,index,valid,synthetic_aam,24,0,47.5,11.11
AAM-KPI_HOURLY_NETWORK-00-23,LOC001,DBN,KV1,active,2026-08-18-23,2026-08-18 23:00:00,60.56,index,valid,synthetic_aam,24,0,54.5,11.11
AAM-KPI_HOURLY_NETWORK-00-24,LOC001,DBN,KV1,active,2026-08-19-00,2026-08-19 00:00:00,23.79,index,valid,synthetic_aam,24,0,21.41,11.11
AAM-KPI_HOURLY_NETWORK-00-25,LOC001,DBN,KV1,active,2026-08-19-01,2026-08-19 01:00:00,26.97,index,valid,synthetic_aam,24,0,24.27,11.11
AAM-KPI_HOURLY_NETWORK-00-26,LOC001,DBN,KV1,active,2026-08-19-02,2026-08-19 02:00:00,84.25,index,valid,synthetic_aam,24,0,75.83,11.11
AAM-KPI_HOURLY_NETWORK-00-27,LOC001,DBN,KV1,degraded,2026-08-19-03,2026-08-19 03:00:00,28.19,index,degraded,synthetic_aam,24,1,25.37,11.11
AAM-KPI_HOURLY_NETWORK-00-28,LOC001,DBN,KV1,active,2026-08-19-04,2026-08-19 04:00:00,76.55,index,valid,synthetic_aam,24,0,68.89,11.11
AAM-KPI_HOURLY_NETWORK-00-29,LOC001,DBN,KV1,active,2026-08-19-05,2026-08-19 05:00:00,26.66,index,valid,synthetic_aam,24,0,23.99,11.11
AAM-KPI_HOURLY_NETWORK-00-30,LOC001,DBN,KV1,active,2026-08-19-06,2026-08-19 06:00:00,18.36,index,valid,synthetic_aam,24,0,16.52,11.11
AAM-KPI_HOURLY_NETWORK-00-31,LOC001,DBN,KV1,active,2026-08-19-07,2026-08-19 07:00:00,32.07,index,valid,synthetic_aam,24,0,28.86,11.11
AAM-KPI_HOURLY_NETWORK-00-32,LOC001,DBN,KV1,active,2026-08-19-08,2026-08-19 08:00:00,21.61,index,valid,synthetic_aam,24,0,19.45,11.11
AAM-KPI_HOURLY_NETWORK-00-33,LOC001,DBN,KV1,active,2026-08-19-09,2026-08-19 09:00:00,16.32,index,valid,synthetic_aam,24,0,14.69,11.11
AAM-KPI_HOURLY_NETWORK-00-34,LOC001,DBN,KV1,active,2026-08-19-10,2026-08-19 10:00:00,31.92,index,valid,synthetic_aam,24,0,28.73,11.11
AAM-KPI_HOURLY_NETWORK-00-35,LOC001,DBN,KV1,active,2026-08-19-11,2026-08-19 11:00:00,53.72,index,valid,synthetic_aam,24,0,48.35,11.11
AAM-KPI_HOURLY_NETWORK-00-36,LOC001,DBN,KV1,active,2026-08-19-12,2026-08-19 12:00:00,36.42,index,valid,synthetic_aam,24,0,32.78,11.11
AAM-KPI_HOURLY_NETWORK-00-37,LOC001,DBN,KV1,active,2026-08-19-13,2026-08-19 13:00:00,15.93,index,valid,synthetic_aam,24,0,14.34,11.11
AAM-KPI_HOURLY_NETWORK-00-38,LOC001,DBN,KV1,active,2026-08-19-14,2026-08-19 14:00:00,56.0,index,valid,synthetic_aam,24,0,50.4,11.11
AAM-KPI_HOURLY_NETWORK-00-39,LOC001,DBN,KV1,active,2026-08-19-15,2026-08-19 15:00:00,82.88,index,valid,synthetic_aam,24,0,74.59,11.11
AAM-KPI_HOURLY_NETWORK-00-40,LOC001,DBN,KV1,active,2026-08-19-16,2026-08-19 16:00:00,68.85,index,valid,synthetic_aam,24,0,61.96,11.11
AAM-KPI_HOURLY_NETWORK-00-41,LOC001,DBN,KV1,active,2026-08-19-17,2026-08-19 17:00:00,26.67,index,valid,synthetic_aam,24,0,24.0,11.11
AAM-KPI_HOURLY_NETWORK-00-42,LOC001,DBN,KV1,active,2026-08-19-18,2026-08-19 18:00:00,45.94,index,valid,synthetic_aam,24,0,41.35,11.11
AAM-KPI_HOURLY_NETWORK-00-43,LOC001,DBN,KV1,active,2026-08-19-19,2026-08-19 19:00:00,57.76,index,valid,synthetic_aam,24,0,51.98,11.11
AAM-KPI_HOURLY_NETWORK-00-44,LOC001,DBN,KV1,active,2026-08-19-20,2026-08-19 20:00:00,76.16,index,valid,synthetic_aam,24,0,68.54,11.11
AAM-KPI_HOURLY_NETWORK-00-45,LOC001,DBN,KV1,active,2026-08-19-21,2026-08-19 21:00:00,48.9,index,valid,synthetic_aam,24,0,44.01,11.11
AAM-KPI_HOURLY_NETWORK-00-46,LOC001,DBN,KV1,active,2026-08-19-22,2026-08-19 22:00:00,59.0,index,valid,synthetic_aam,24,0,53.1,11.11
AAM-KPI_HOURLY_NETWORK-00-47,LOC001,DBN,KV1,active,2026-08-19-23,2026-08-19 23:00:00,57.81,index,valid,synthetic_aam,24,0,52.03,11.11
AAM-KPI_HOURLY_NETWORK-00-48,LOC001,DBN,KV1,active,2026-08-20-00,2026-08-20 00:00:00,51.58,index,valid,synthetic_aam,24,0,46.42,11.11
AAM-KPI_HOURLY_NETWORK-00-49,LOC001,DBN,KV1,active,2026-08-20-01,2026-08-20 01:00:00,44.04,index,valid,synthetic_aam,24,0,39.64,11.11
AAM-KPI_HOURLY_NETWORK-00-50,LOC001,DBN,KV1,active,2026-08-20-02,2026-08-20 02:00:00,71.3,index,valid,synthetic_aam,24,0,64.17,11.11
AAM-KPI_HOURLY_NETWORK-00-51,LOC001,DBN,KV1,active,2026-08-20-03,2026-08-20 03:00:00,46.35,index,valid,synthetic_aam,24,0,41.72,11.11
AAM-KPI_HOURLY_NETWORK-00-52,LOC001,DBN,KV1,active,2026-08-20-04,2026-08-20 04:00:00,18.63,index,valid,synthetic_aam,24,0,16.77,11.11
AAM-KPI_HOURLY_NETWORK-00-53,LOC001,DBN,KV1,active,2026-08-20-05,2026-08-20 05:00:00,74.57,index,valid,synthetic_aam,24,0,67.11,11.11
AAM-KPI_HOURLY_NETWORK-00-54,LOC001,DBN,KV1,active,2026-08-20-06,2026-08-20 06:00:00,46.86,index,valid,synthetic_aam,24,0,42.17,11.11
AAM-KPI_HOURLY_NETWORK-00-55,LOC001,DBN,KV1,active,2026-08-20-07,2026-08-20 07:00:00,32.64,index,valid,synthetic_aam,24,0,29.38,11.11
AAM-KPI_HOURLY_NETWORK-00-56,LOC001,DBN,KV1,active,2026-08-20-08,2026-08-20 08:00:00,79.8,index,valid,synthetic_aam,24,0,71.82,11.11
AAM-KPI_HOURLY_NETWORK-00-57,LOC001,DBN,KV1,active,2026-08-20-09,2026-08-20 09:00:00,54.11,index,valid,synthetic_aam,24,0,48.7,11.11
AAM-KPI_HOURLY_NETWORK-00-58,LOC001,DBN,KV1,active,2026-08-20-10,2026-08-20 10:00:00,16.47,index,valid,synthetic_aam,24,0,14.82,11.11
AAM-KPI_HOURLY_NETWORK-00-59,LOC001,DBN,KV1,active,2026-08-20-11,2026-08-20 11:00:00,68.53,index,valid,synthetic_aam,24,0,61.68,11.11
AAM-KPI_HOURLY_NETWORK-00-60,LOC001,DBN,KV1,active,2026-08-20-12,2026-08-20 12:00:00,15.73,index,valid,synthetic_aam,24,0,14.16,11.11
AAM-KPI_HOURLY_NETWORK-00-61,LOC001,DBN,KV1,active,2026-08-20-13,2026-08-20 13:00:00,73.74,index,valid,synthetic_aam,24,0,66.37,11.11
AAM-KPI_HOURLY_NETWORK-00-62,LOC001,DBN,KV1,active,2026-08-20-14,2026-08-20 14:00:00,20.17,index,valid,synthetic_aam,24,0,18.15,11.11
AAM-KPI_HOURLY_NETWORK-00-63,LOC001,DBN,KV1,active,2026-08-20-15,2026-08-20 15:00:00,28.09,index,valid,synthetic_aam,24,0,25.28,11.11
AAM-KPI_HOURLY_NETWORK-00-64,LOC001,DBN,KV1,active,2026-08-20-16,2026-08-20 16:00:00,49.88,index,valid,synthetic_aam,24,0,44.89,11.11
AAM-KPI_HOURLY_NETWORK-00-65,LOC001,DBN,KV1,active,2026-08-20-17,2026-08-20 17:00:00,32.98,index,valid,synthetic_aam,24,0,29.68,11.11
AAM-KPI_HOURLY_NETWORK-00-66,LOC001,DBN,KV1,active,2026-08-20-18,2026-08-20 18:00:00,73.93,index,valid,synthetic_aam,24,0,66.54,11.11
AAM-KPI_HOURLY_NETWORK-00-67,LOC001,DBN,KV1,active,2026-08-20-19,2026-08-20 19:00:00,51.57,index,valid,synthetic_aam,24,0,46.41,11.11
AAM-KPI_HOURLY_NETWORK-00-68,LOC001,DBN,KV1,active,2026-08-20-20,2026-08-20 20:00:00,79.65,index,valid,synthetic_aam,24,0,71.69,11.11
AAM-KPI_HOURLY_NETWORK-00-69,LOC001,DBN,KV1,active,2026-08-20-21,2026-08-20 21:00:00,55.46,index,valid,synthetic_aam,24,0,49.91,11.11
AAM-KPI_HOURLY_NETWORK-00-70,LOC001,DBN,KV1,active,2026-08-20-22,2026-08-20 22:00:00,38.33,index,valid,synthetic_aam,24,0,34.5,11.11
AAM-KPI_HOURLY_NETWORK-00-71,LOC001,DBN,KV1,active,2026-08-20-23,2026-08-20 23:00:00,71.34,index,valid,synthetic_aam,24,0,64.21,11.11
AAM-KPI_HOURLY_NETWORK-01-00,LOC002,SLA,KV1,active,2026-08-18-00,2026-08-18 00:00:00,27.96,index,valid,synthetic_aam,24,0,25.16,11.11
AAM-KPI_HOURLY_NETWORK-01-01,LOC002,SLA,KV1,active,2026-08-18-01,2026-08-18 01:00:00,65.03,index,valid,synthetic_aam,24,0,58.53,11.11
AAM-KPI_HOURLY_NETWORK-01-02,LOC002,SLA,KV1,active,2026-08-18-02,2026-08-18 02:00:00,51.4,index,valid,synthetic_aam,24,0,46.26,11.11
AAM-KPI_HOURLY_NETWORK-01-03,LOC002,SLA,KV1,active,2026-08-18-03,2026-08-18 03:00:00,81.48,index,valid,synthetic_aam,24,0,73.33,11.11
AAM-KPI_HOURLY_NETWORK-01-04,LOC002,SLA,KV1,active,2026-08-18-04,2026-08-18 04:00:00,47.14,index,valid,synthetic_aam,24,0,42.43,11.11
AAM-KPI_HOURLY_NETWORK-01-05,LOC002,SLA,KV1,active,2026-08-18-05,2026-08-18 05:00:00,82.96,index,valid,synthetic_aam,24,0,74.66,11.11
AAM-KPI_HOURLY_NETWORK-01-06,LOC002,SLA,KV1,active,2026-08-18-06,2026-08-18 06:00:00,26.75,index,valid,synthetic_aam,24,0,24.07,11.11
AAM-KPI_HOURLY_NETWORK-01-07,LOC002,SLA,KV1,active,2026-08-18-07,2026-08-18 07:00:00,69.34,index,valid,synthetic_aam,24,0,62.41,11.11
AAM-KPI_HOURLY_NETWORK-01-08,LOC002,SLA,KV1,active,2026-08-18-08,2026-08-18 08:00:00,33.58,index,valid,synthetic_aam,24,0,30.22,11.11
AAM-KPI_HOURLY_NETWORK-01-09,LOC002,SLA,KV1,active,2026-08-18-09,2026-08-18 09:00:00,80.12,index,valid,synthetic_aam,24,0,72.11,11.11
AAM-KPI_HOURLY_NETWORK-01-10,LOC002,SLA,KV1,active,2026-08-18-10,2026-08-18 10:00:00,59.7,index,valid,synthetic_aam,24,0,53.73,11.11
AAM-KPI_HOURLY_NETWORK-01-11,LOC002,SLA,KV1,active,2026-08-18-11,2026-08-18 11:00:00,80.48,index,valid,synthetic_aam,24,0,72.43,11.11
AAM-KPI_HOURLY_NETWORK-01-12,LOC002,SLA,KV1,active,2026-08-18-12,2026-08-18 12:00:00,82.0,index,valid,synthetic_aam,24,0,73.8,11.11
AAM-KPI_HOURLY_NETWORK-01-13,LOC002,SLA,KV1,active,2026-08-18-13,2026-08-18 13:00:00,49.16,index,valid,synthetic_aam,24,0,44.24,11.11
AAM-KPI_HOURLY_NETWORK-01-14,LOC002,SLA,KV1,active,2026-08-18-14,2026-08-18 14:00:00,73.01,index,valid,synthetic_aam,24,0,65.71,11.11
AAM-KPI_HOURLY_NETWORK-01-15,LOC002,SLA,KV1,active,2026-08-18-15,2026-08-18 15:00:00,43.67,index,valid,synthetic_aam,24,0,39.3,11.11
AAM-KPI_HOURLY_NETWORK-01-16,LOC002,SLA,KV1,active,2026-08-18-16,2026-08-18 16:00:00,49.81,index,valid,synthetic_aam,24,0,44.83,11.11
AAM-KPI_HOURLY_NETWORK-01-17,LOC002,SLA,KV1,active,2026-08-18-17,2026-08-18 17:00:00,71.93,index,valid,synthetic_aam,24,0,64.74,11.11
AAM-KPI_HOURLY_NETWORK-01-18,LOC002,SLA,KV1,active,2026-08-18-18,2026-08-18 18:00:00,22.6,index,valid,synthetic_aam,24,0,20.34,11.11
AAM-KPI_HOURLY_NETWORK-01-19,LOC002,SLA,KV1,active,2026-08-18-19,2026-08-18 19:00:00,32.11,index,valid,synthetic_aam,24,0,28.9,11.11
AAM-KPI_HOURLY_NETWORK-01-20,LOC002,SLA,KV1,active,2026-08-18-20,2026-08-18 20:00:00,78.23,index,valid,synthetic_aam,24,0,70.41,11.11
AAM-KPI_HOURLY_NETWORK-01-21,LOC002,SLA,KV1,active,2026-08-18-21,2026-08-18 21:00:00,37.48,index,valid,synthetic_aam,24,0,33.73,11.11
AAM-KPI_HOURLY_NETWORK-01-22,LOC002,SLA,KV1,active,2026-08-18-22,2026-08-18 22:00:00,45.56,index,valid,synthetic_aam,24,0,41.0,11.11
AAM-KPI_HOURLY_NETWORK-01-23,LOC002,SLA,KV1,active,2026-08-18-23,2026-08-18 23:00:00,81.84,index,valid,synthetic_aam,24,0,73.66,11.11
AAM-KPI_HOURLY_NETWORK-01-24,LOC002,SLA,KV1,active,2026-08-19-00,2026-08-19 00:00:00,23.89,index,valid,synthetic_aam,24,0,21.5,11.11
AAM-KPI_HOURLY_NETWORK-01-25,LOC002,SLA,KV1,active,2026-08-19-01,2026-08-19 01:00:00,21.03,index,valid,synthetic_aam,24,0,18.93,11.11
AAM-KPI_HOURLY_NETWORK-01-26,LOC002,SLA,KV1,active,2026-08-19-02,2026-08-19 02:00:00,24.15,index,valid,synthetic_aam,24,0,21.73,11.11
AAM-KPI_HOURLY_NETWORK-01-27,LOC002,SLA,KV1,active,2026-08-19-03,2026-08-19 03:00:00,82.89,index,valid,synthetic_aam,24,0,74.6,11.11
AAM-KPI_HOURLY_NETWORK-01-28,LOC002,SLA,KV1,active,2026-08-19-04,2026-08-19 04:00:00,70.23,index,valid,synthetic_aam,24,0,63.21,11.11
AAM-KPI_HOURLY_NETWORK-01-29,LOC002,SLA,KV1,active,2026-08-19-05,2026-08-19 05:00:00,64.91,index,valid,synthetic_aam,24,0,58.42,11.11
AAM-KPI_HOURLY_NETWORK-01-30,LOC002,SLA,KV1,active,2026-08-19-06,2026-08-19 06:00:00,73.05,index,valid,synthetic_aam,24,0,65.75,11.11
AAM-KPI_HOURLY_NETWORK-01-31,LOC002,SLA,KV1,active,2026-08-19-07,2026-08-19 07:00:00,37.96,index,valid,synthetic_aam,24,0,34.16,11.11
AAM-KPI_HOURLY_NETWORK-01-32,LOC002,SLA,KV1,active,2026-08-19-08,2026-08-19 08:00:00,62.63,index,valid,synthetic_aam,24,0,56.37,11.11
AAM-KPI_HOURLY_NETWORK-01-33,LOC002,SLA,KV1,active,2026-08-19-09,2026-08-19 09:00:00,47.71,index,valid,synthetic_aam,24,0,42.94,11.11
AAM-KPI_HOURLY_NETWORK-01-34,LOC002,SLA,KV1,active,2026-08-19-10,2026-08-19 10:00:00,44.53,index,valid,synthetic_aam,24,0,40.08,11.11
AAM-KPI_HOURLY_NETWORK-01-35,LOC002,SLA,KV1,active,2026-08-19-11,2026-08-19 11:00:00,47.45,index,valid,synthetic_aam,24,0,42.71,11.11
AAM-KPI_HOURLY_NETWORK-01-36,LOC002,SLA,KV1,active,2026-08-19-12,2026-08-19 12:00:00,42.72,index,valid,synthetic_aam,24,0,38.45,11.11
AAM-KPI_HOURLY_NETWORK-01-37,LOC002,SLA,KV1,active,2026-08-19-13,2026-08-19 13:00:00,51.32,index,valid,synthetic_aam,24,0,46.19,11.11
AAM-KPI_HOURLY_NETWORK-01-38,LOC002,SLA,KV1,active,2026-08-19-14,2026-08-19 14:00:00,62.36,index,valid,synthetic_aam,24,0,56.12,11.11
AAM-KPI_HOURLY_NETWORK-01-39,LOC002,SLA,KV1,active,2026-08-19-15,2026-08-19 15:00:00,81.76,index,valid,synthetic_aam,24,0,73.58,11.11
AAM-KPI_HOURLY_NETWORK-01-40,LOC002,SLA,KV1,active,2026-08-19-16,2026-08-19 16:00:00,69.22,index,valid,synthetic_aam,24,0,62.3,11.11
AAM-KPI_HOURLY_NETWORK-01-41,LOC002,SLA,KV1,active,2026-08-19-17,2026-08-19 17:00:00,17.99,index,valid,synthetic_aam,24,0,16.19,11.11
AAM-KPI_HOURLY_NETWORK-01-42,LOC002,SLA,KV1,active,2026-08-19-18,2026-08-19 18:00:00,37.57,index,valid,synthetic_aam,24,0,33.81,11.11
AAM-KPI_HOURLY_NETWORK-01-43,LOC002,SLA,KV1,active,2026-08-19-19,2026-08-19 19:00:00,57.36,index,valid,synthetic_aam,24,0,51.62,11.11
AAM-KPI_HOURLY_NETWORK-01-44,LOC002,SLA,KV1,active,2026-08-19-20,2026-08-19 20:00:00,34.86,index,valid,synthetic_aam,24,0,31.37,11.11
AAM-KPI_HOURLY_NETWORK-01-45,LOC002,SLA,KV1,degraded,2026-08-19-21,2026-08-19 21:00:00,88.49,index,degraded,synthetic_aam,24,1,79.64,11.11
AAM-KPI_HOURLY_NETWORK-01-46,LOC002,SLA,KV1,active,2026-08-19-22,2026-08-19 22:00:00,79.19,index,valid,synthetic_aam,24,0,71.27,11.11
AAM-KPI_HOURLY_NETWORK-01-47,LOC002,SLA,KV1,active,2026-08-19-23,2026-08-19 23:00:00,24.99,index,valid,synthetic_aam,24,0,22.49,11.11
AAM-KPI_HOURLY_NETWORK-01-48,LOC002,SLA,KV1,active,2026-08-20-00,2026-08-20 00:00:00,43.31,index,valid,synthetic_aam,24,0,38.98,11.11
AAM-KPI_HOURLY_NETWORK-01-49,LOC002,SLA,KV1,active,2026-08-20-01,2026-08-20 01:00:00,38.82,index,valid,synthetic_aam,24,0,34.94,11.11
AAM-KPI_HOURLY_NETWORK-01-50,LOC002,SLA,KV1,active,2026-08-20-02,2026-08-20 02:00:00,21.18,index,valid,synthetic_aam,24,0,19.06,11.11
AAM-KPI_HOURLY_NETWORK-01-51,LOC002,SLA,KV1,active,2026-08-20-03,2026-08-20 03:00:00,49.61,index,valid,synthetic_aam,24,0,44.65,11.11
AAM-KPI_HOURLY_NETWORK-01-52,LOC002,SLA,KV1,active,2026-08-20-04,2026-08-20 04:00:00,63.13,index,valid,synthetic_aam,24,0,56.82,11.11
AAM-KPI_HOURLY_NETWORK-01-53,LOC002,SLA,KV1,active,2026-08-20-05,2026-08-20 05:00:00,18.7,index,valid,synthetic_aam,24,0,16.83,11.11
AAM-KPI_HOURLY_NETWORK-01-54,LOC002,SLA,KV1,active,2026-08-20-06,2026-08-20 06:00:00,24.36,index,valid,synthetic_aam,24,0,21.92,11.11
AAM-KPI_HOURLY_NETWORK-01-55,LOC002,SLA,KV1,active,2026-08-20-07,2026-08-20 07:00:00,76.02,index,valid,synthetic_aam,24,0,68.42,11.11
AAM-KPI_HOURLY_NETWORK-01-56,LOC002,SLA,KV1,active,2026-08-20-08,2026-08-20 08:00:00,78.75,index,valid,synthetic_aam,24,0,70.88,11.11
AAM-KPI_HOURLY_NETWORK-01-57,LOC002,SLA,KV1,active,2026-08-20-09,2026-08-20 09:00:00,77.05,index,valid,synthetic_aam,24,0,69.34,11.11
AAM-KPI_HOURLY_NETWORK-01-58,LOC002,SLA,KV1,active,2026-08-20-10,2026-08-20 10:00:00,22.04,index,valid,synthetic_aam,24,0,19.84,11.11
AAM-KPI_HOURLY_NETWORK-01-59,LOC002,SLA,KV1,active,2026-08-20-11,2026-08-20 11:00:00,48.7,index,valid,synthetic_aam,24,0,43.83,11.11
AAM-KPI_HOURLY_NETWORK-01-60,LOC002,SLA,KV1,active,2026-08-20-12,2026-08-20 12:00:00,17.67,index,valid,synthetic_aam,24,0,15.9,11.11
AAM-KPI_HOURLY_NETWORK-01-61,LOC002,SLA,KV1,active,2026-08-20-13,2026-08-20 13:00:00,58.95,index,valid,synthetic_aam,24,0,53.06,11.11
AAM-KPI_HOURLY_NETWORK-01-62,LOC002,SLA,KV1,active,2026-08-20-14,2026-08-20 14:00:00,70.94,index,valid,synthetic_aam,24,0,63.85,11.11
AAM-KPI_HOURLY_NETWORK-01-63,LOC002,SLA,KV1,active,2026-08-20-15,2026-08-20 15:00:00,23.39,index,valid,synthetic_aam,24,0,21.05,11.11
AAM-KPI_HOURLY_NETWORK-01-64,LOC002,SLA,KV1,active,2026-08-20-16,2026-08-20 16:00:00,24.82,index,valid,synthetic_aam,24,0,22.34,11.11
AAM-KPI_HOURLY_NETWORK-01-65,LOC002,SLA,KV1,active,2026-08-20-17,2026-08-20 17:00:00,40.84,index,valid,synthetic_aam,24,0,36.76,11.11
AAM-KPI_HOURLY_NETWORK-01-66,LOC002,SLA,KV1,active,2026-08-20-18,2026-08-20 18:00:00,79.43,index,valid,synthetic_aam,24,0,71.49,11.11
AAM-KPI_HOURLY_NETWORK-01-67,LOC002,SLA,KV1,active,2026-08-20-19,2026-08-20 19:00:00,54.22,index,valid,synthetic_aam,24,0,48.8,11.11
AAM-KPI_HOURLY_NETWORK-01-68,LOC002,SLA,KV1,active,2026-08-20-20,2026-08-20 20:00:00,82.32,index,valid,synthetic_aam,24,0,74.09,11.11
AAM-KPI_HOURLY_NETWORK-01-69,LOC002,SLA,KV1,active,2026-08-20-21,2026-08-20 21:00:00,34.15,index,valid,synthetic_aam,24,0,30.73,11.11
AAM-KPI_HOURLY_NETWORK-01-70,LOC002,SLA,KV1,active,2026-08-20-22,2026-08-20 22:00:00,45.6,index,valid,synthetic_aam,24,0,41.04,11.11
AAM-KPI_HOURLY_NETWORK-01-71,LOC002,SLA,KV1,active,2026-08-20-23,2026-08-20 23:00:00,53.59,index,valid,synthetic_aam,24,0,48.23,11.11
AAM-KPI_HOURLY_NETWORK-02-00,LOC003,CMU,KV3,active,2026-08-18-00,2026-08-18 00:00:00,18.6,index,valid,synthetic_aam,24,0,16.74,11.11
AAM-KPI_HOURLY_NETWORK-02-01,LOC003,CMU,KV3,active,2026-08-18-01,2026-08-18 01:00:00,44.59,index,valid,synthetic_aam,24,0,40.13,11.11
AAM-KPI_HOURLY_NETWORK-02-02,LOC003,CMU,KV3,active,2026-08-18-02,2026-08-18 02:00:00,25.84,index,valid,synthetic_aam,24,0,23.26,11.11
AAM-KPI_HOURLY_NETWORK-02-03,LOC003,CMU,KV3,active,2026-08-18-03,2026-08-18 03:00:00,70.46,index,valid,synthetic_aam,24,0,63.41,11.11
AAM-KPI_HOURLY_NETWORK-02-04,LOC003,CMU,KV3,active,2026-08-18-04,2026-08-18 04:00:00,33.83,index,valid,synthetic_aam,24,0,30.45,11.11
AAM-KPI_HOURLY_NETWORK-02-05,LOC003,CMU,KV3,active,2026-08-18-05,2026-08-18 05:00:00,22.86,index,valid,synthetic_aam,24,0,20.57,11.11
AAM-KPI_HOURLY_NETWORK-02-06,LOC003,CMU,KV3,active,2026-08-18-06,2026-08-18 06:00:00,66.42,index,valid,synthetic_aam,24,0,59.78,11.11
AAM-KPI_HOURLY_NETWORK-02-07,LOC003,CMU,KV3,active,2026-08-18-07,2026-08-18 07:00:00,16.11,index,valid,synthetic_aam,24,0,14.5,11.11
AAM-KPI_HOURLY_NETWORK-02-08,LOC003,CMU,KV3,active,2026-08-18-08,2026-08-18 08:00:00,48.09,index,valid,synthetic_aam,24,0,43.28,11.11
AAM-KPI_HOURLY_NETWORK-02-09,LOC003,CMU,KV3,active,2026-08-18-09,2026-08-18 09:00:00,80.05,index,valid,synthetic_aam,24,0,72.05,11.11
AAM-KPI_HOURLY_NETWORK-02-10,LOC003,CMU,KV3,active,2026-08-18-10,2026-08-18 10:00:00,84.78,index,valid,synthetic_aam,24,0,76.3,11.11
AAM-KPI_HOURLY_NETWORK-02-11,LOC003,CMU,KV3,active,2026-08-18-11,2026-08-18 11:00:00,34.19,index,valid,synthetic_aam,24,0,30.77,11.11
AAM-KPI_HOURLY_NETWORK-02-12,LOC003,CMU,KV3,active,2026-08-18-12,2026-08-18 12:00:00,26.83,index,valid,synthetic_aam,24,0,24.15,11.11
AAM-KPI_HOURLY_NETWORK-02-13,LOC003,CMU,KV3,active,2026-08-18-13,2026-08-18 13:00:00,57.21,index,valid,synthetic_aam,24,0,51.49,11.11
AAM-KPI_HOURLY_NETWORK-02-14,LOC003,CMU,KV3,active,2026-08-18-14,2026-08-18 14:00:00,62.58,index,valid,synthetic_aam,24,0,56.32,11.11
AAM-KPI_HOURLY_NETWORK-02-15,LOC003,CMU,KV3,active,2026-08-18-15,2026-08-18 15:00:00,35.14,index,valid,synthetic_aam,24,0,31.63,11.11
AAM-KPI_HOURLY_NETWORK-02-16,LOC003,CMU,KV3,active,2026-08-18-16,2026-08-18 16:00:00,44.26,index,valid,synthetic_aam,24,0,39.83,11.11
AAM-KPI_HOURLY_NETWORK-02-17,LOC003,CMU,KV3,active,2026-08-18-17,2026-08-18 17:00:00,25.64,index,valid,synthetic_aam,24,0,23.08,11.11
AAM-KPI_HOURLY_NETWORK-02-18,LOC003,CMU,KV3,active,2026-08-18-18,2026-08-18 18:00:00,36.12,index,valid,synthetic_aam,24,0,32.51,11.11
AAM-KPI_HOURLY_NETWORK-02-19,LOC003,CMU,KV3,active,2026-08-18-19,2026-08-18 19:00:00,53.51,index,valid,synthetic_aam,24,0,48.16,11.11
AAM-KPI_HOURLY_NETWORK-02-20,LOC003,CMU,KV3,active,2026-08-18-20,2026-08-18 20:00:00,66.57,index,valid,synthetic_aam,24,0,59.91,11.11
AAM-KPI_HOURLY_NETWORK-02-21,LOC003,CMU,KV3,active,2026-08-18-21,2026-08-18 21:00:00,73.28,index,valid,synthetic_aam,24,0,65.95,11.11
AAM-KPI_HOURLY_NETWORK-02-22,LOC003,CMU,KV3,active,2026-08-18-22,2026-08-18 22:00:00,19.51,index,valid,synthetic_aam,24,0,17.56,11.11
AAM-KPI_HOURLY_NETWORK-02-23,LOC003,CMU,KV3,active,2026-08-18-23,2026-08-18 23:00:00,31.51,index,valid,synthetic_aam,24,0,28.36,11.11
AAM-KPI_HOURLY_NETWORK-02-24,LOC003,CMU,KV3,active,2026-08-19-00,2026-08-19 00:00:00,84.63,index,valid,synthetic_aam,24,0,76.17,11.11
AAM-KPI_HOURLY_NETWORK-02-25,LOC003,CMU,KV3,active,2026-08-19-01,2026-08-19 01:00:00,62.42,index,valid,synthetic_aam,24,0,56.18,11.11
AAM-KPI_HOURLY_NETWORK-02-26,LOC003,CMU,KV3,active,2026-08-19-02,2026-08-19 02:00:00,49.06,index,valid,synthetic_aam,24,0,44.15,11.11
AAM-KPI_HOURLY_NETWORK-02-27,LOC003,CMU,KV3,active,2026-08-19-03,2026-08-19 03:00:00,28.28,index,valid,synthetic_aam,24,0,25.45,11.11
AAM-KPI_HOURLY_NETWORK-02-28,LOC003,CMU,KV3,active,2026-08-19-04,2026-08-19 04:00:00,82.08,index,valid,synthetic_aam,24,0,73.87,11.11
AAM-KPI_HOURLY_NETWORK-02-29,LOC003,CMU,KV3,active,2026-08-19-05,2026-08-19 05:00:00,72.62,index,valid,synthetic_aam,24,0,65.36,11.11
AAM-KPI_HOURLY_NETWORK-02-30,LOC003,CMU,KV3,active,2026-08-19-06,2026-08-19 06:00:00,66.5,index,valid,synthetic_aam,24,0,59.85,11.11
AAM-KPI_HOURLY_NETWORK-02-31,LOC003,CMU,KV3,active,2026-08-19-07,2026-08-19 07:00:00,29.29,index,valid,synthetic_aam,24,0,26.36,11.11
AAM-KPI_HOURLY_NETWORK-02-32,LOC003,CMU,KV3,active,2026-08-19-08,2026-08-19 08:00:00,67.16,index,valid,synthetic_aam,24,0,60.44,11.11
AAM-KPI_HOURLY_NETWORK-02-33,LOC003,CMU,KV3,active,2026-08-19-09,2026-08-19 09:00:00,28.52,index,valid,synthetic_aam,24,0,25.67,11.11
AAM-KPI_HOURLY_NETWORK-02-34,LOC003,CMU,KV3,active,2026-08-19-10,2026-08-19 10:00:00,41.76,index,valid,synthetic_aam,24,0,37.58,11.11
AAM-KPI_HOURLY_NETWORK-02-35,LOC003,CMU,KV3,active,2026-08-19-11,2026-08-19 11:00:00,79.14,index,valid,synthetic_aam,24,0,71.23,11.11
AAM-KPI_HOURLY_NETWORK-02-36,LOC003,CMU,KV3,active,2026-08-19-12,2026-08-19 12:00:00,66.54,index,valid,synthetic_aam,24,0,59.89,11.11
AAM-KPI_HOURLY_NETWORK-02-37,LOC003,CMU,KV3,active,2026-08-19-13,2026-08-19 13:00:00,52.99,index,valid,synthetic_aam,24,0,47.69,11.11
AAM-KPI_HOURLY_NETWORK-02-38,LOC003,CMU,KV3,active,2026-08-19-14,2026-08-19 14:00:00,29.29,index,valid,synthetic_aam,24,0,26.36,11.11
AAM-KPI_HOURLY_NETWORK-02-39,LOC003,CMU,KV3,active,2026-08-19-15,2026-08-19 15:00:00,28.96,index,valid,synthetic_aam,24,0,26.06,11.11
AAM-KPI_HOURLY_NETWORK-02-40,LOC003,CMU,KV3,active,2026-08-19-16,2026-08-19 16:00:00,43.09,index,valid,synthetic_aam,24,0,38.78,11.11
AAM-KPI_HOURLY_NETWORK-02-41,LOC003,CMU,KV3,active,2026-08-19-17,2026-08-19 17:00:00,24.65,index,valid,synthetic_aam,24,0,22.18,11.11
AAM-KPI_HOURLY_NETWORK-02-42,LOC003,CMU,KV3,active,2026-08-19-18,2026-08-19 18:00:00,67.2,index,valid,synthetic_aam,24,0,60.48,11.11
AAM-KPI_HOURLY_NETWORK-02-43,LOC003,CMU,KV3,active,2026-08-19-19,2026-08-19 19:00:00,80.92,index,valid,synthetic_aam,24,0,72.83,11.11
AAM-KPI_HOURLY_NETWORK-02-44,LOC003,CMU,KV3,active,2026-08-19-20,2026-08-19 20:00:00,58.93,index,valid,synthetic_aam,24,0,53.04,11.11
AAM-KPI_HOURLY_NETWORK-02-45,LOC003,CMU,KV3,active,2026-08-19-21,2026-08-19 21:00:00,25.77,index,valid,synthetic_aam,24,0,23.19,11.11
AAM-KPI_HOURLY_NETWORK-02-46,LOC003,CMU,KV3,active,2026-08-19-22,2026-08-19 22:00:00,16.45,index,valid,synthetic_aam,24,0,14.8,11.11
AAM-KPI_HOURLY_NETWORK-02-47,LOC003,CMU,KV3,active,2026-08-19-23,2026-08-19 23:00:00,18.97,index,valid,synthetic_aam,24,0,17.07,11.11
AAM-KPI_HOURLY_NETWORK-02-48,LOC003,CMU,KV3,active,2026-08-20-00,2026-08-20 00:00:00,24.11,index,valid,synthetic_aam,24,0,21.7,11.11
AAM-KPI_HOURLY_NETWORK-02-49,LOC003,CMU,KV3,active,2026-08-20-01,2026-08-20 01:00:00,32.63,index,valid,synthetic_aam,24,0,29.37,11.11
AAM-KPI_HOURLY_NETWORK-02-50,LOC003,CMU,KV3,active,2026-08-20-02,2026-08-20 02:00:00,22.65,index,valid,synthetic_aam,24,0,20.38,11.11
AAM-KPI_HOURLY_NETWORK-02-51,LOC003,CMU,KV3,active,2026-08-20-03,2026-08-20 03:00:00,56.78,index,valid,synthetic_aam,24,0,51.1,11.11
AAM-KPI_HOURLY_NETWORK-02-52,LOC003,CMU,KV3,active,2026-08-20-04,2026-08-20 04:00:00,68.07,index,valid,synthetic_aam,24,0,61.26,11.11
AAM-KPI_HOURLY_NETWORK-02-53,LOC003,CMU,KV3,active,2026-08-20-05,2026-08-20 05:00:00,37.38,index,valid,synthetic_aam,24,0,33.64,11.11
AAM-KPI_HOURLY_NETWORK-02-54,LOC003,CMU,KV3,active,2026-08-20-06,2026-08-20 06:00:00,69.05,index,valid,synthetic_aam,24,0,62.14,11.11
AAM-KPI_HOURLY_NETWORK-02-55,LOC003,CMU,KV3,active,2026-08-20-07,2026-08-20 07:00:00,81.93,index,valid,synthetic_aam,24,0,73.74,11.11
AAM-KPI_HOURLY_NETWORK-02-56,LOC003,CMU,KV3,active,2026-08-20-08,2026-08-20 08:00:00,29.23,index,valid,synthetic_aam,24,0,26.31,11.11
AAM-KPI_HOURLY_NETWORK-02-57,LOC003,CMU,KV3,active,2026-08-20-09,2026-08-20 09:00:00,51.61,index,valid,synthetic_aam,24,0,46.45,11.11
AAM-KPI_HOURLY_NETWORK-02-58,LOC003,CMU,KV3,active,2026-08-20-10,2026-08-20 10:00:00,51.43,index,valid,synthetic_aam,24,0,46.29,11.11
AAM-KPI_HOURLY_NETWORK-02-59,LOC003,CMU,KV3,active,2026-08-20-11,2026-08-20 11:00:00,44.37,index,valid,synthetic_aam,24,0,39.93,11.11
AAM-KPI_HOURLY_NETWORK-02-60,LOC003,CMU,KV3,active,2026-08-20-12,2026-08-20 12:00:00,54.92,index,valid,synthetic_aam,24,0,49.43,11.11
AAM-KPI_HOURLY_NETWORK-02-61,LOC003,CMU,KV3,active,2026-08-20-13,2026-08-20 13:00:00,18.7,index,valid,synthetic_aam,24,0,16.83,11.11
AAM-KPI_HOURLY_NETWORK-02-62,LOC003,CMU,KV3,active,2026-08-20-14,2026-08-20 14:00:00,31.65,index,valid,synthetic_aam,24,0,28.48,11.11
AAM-KPI_HOURLY_NETWORK-02-63,LOC003,CMU,KV3,active,2026-08-20-15,2026-08-20 15:00:00,77.86,index,valid,synthetic_aam,24,0,70.07,11.11
AAM-KPI_HOURLY_NETWORK-02-64,LOC003,CMU,KV3,active,2026-08-20-16,2026-08-20 16:00:00,20.84,index,valid,synthetic_aam,24,0,18.76,11.11
AAM-KPI_HOURLY_NETWORK-02-65,LOC003,CMU,KV3,active,2026-08-20-17,2026-08-20 17:00:00,26.58,index,valid,synthetic_aam,24,0,23.92,11.11
AAM-KPI_HOURLY_NETWORK-02-66,LOC003,CMU,KV3,active,2026-08-20-18,2026-08-20 18:00:00,69.0,index,valid,synthetic_aam,24,0,62.1,11.11
AAM-KPI_HOURLY_NETWORK-02-67,LOC003,CMU,KV3,active,2026-08-20-19,2026-08-20 19:00:00,18.08,index,valid,synthetic_aam,24,0,16.27,11.11
AAM-KPI_HOURLY_NETWORK-02-68,LOC003,CMU,KV3,active,2026-08-20-20,2026-08-20 20:00:00,51.11,index,valid,synthetic_aam,24,0,46.0,11.11
AAM-KPI_HOURLY_NETWORK-02-69,LOC003,CMU,KV3,active,2026-08-20-21,2026-08-20 21:00:00,82.82,index,valid,synthetic_aam,24,0,74.54,11.11
AAM-KPI_HOURLY_NETWORK-02-70,LOC003,CMU,KV3,active,2026-08-20-22,2026-08-20 22:00:00,56.58,index,valid,synthetic_aam,24,0,50.92,11.11
AAM-KPI_HOURLY_NETWORK-02-71,LOC003,CMU,KV3,active,2026-08-20-23,2026-08-20 23:00:00,65.05,index,valid,synthetic_aam,24,0,58.55,11.11
AAM-KPI_HOURLY_NETWORK-03-00,LOC004,NBH,KV1,active,2026-08-18-00,2026-08-18 00:00:00,70.87,index,valid,synthetic_aam,24,0,63.78,11.11
AAM-KPI_HOURLY_NETWORK-03-01,LOC004,NBH,KV1,active,2026-08-18-01,2026-08-18 01:00:00,68.84,index,valid,synthetic_aam,24,0,61.96,11.11
AAM-KPI_HOURLY_NETWORK-03-02,LOC004,NBH,KV1,active,2026-08-18-02,2026-08-18 02:00:00,53.95,index,valid,synthetic_aam,24,0,48.56,11.11
AAM-KPI_HOURLY_NETWORK-03-03,LOC004,NBH,KV1,active,2026-08-18-03,2026-08-18 03:00:00,44.47,index,valid,synthetic_aam,24,0,40.02,11.11
AAM-KPI_HOURLY_NETWORK-03-04,LOC004,NBH,KV1,active,2026-08-18-04,2026-08-18 04:00:00,19.26,index,valid,synthetic_aam,24,0,17.33,11.11
AAM-KPI_HOURLY_NETWORK-03-05,LOC004,NBH,KV1,active,2026-08-18-05,2026-08-18 05:00:00,49.69,index,valid,synthetic_aam,24,0,44.72,11.11
AAM-KPI_HOURLY_NETWORK-03-06,LOC004,NBH,KV1,active,2026-08-18-06,2026-08-18 06:00:00,21.33,index,valid,synthetic_aam,24,0,19.2,11.11
AAM-KPI_HOURLY_NETWORK-03-07,LOC004,NBH,KV1,active,2026-08-18-07,2026-08-18 07:00:00,51.52,index,valid,synthetic_aam,24,0,46.37,11.11
AAM-KPI_HOURLY_NETWORK-03-08,LOC004,NBH,KV1,active,2026-08-18-08,2026-08-18 08:00:00,28.79,index,valid,synthetic_aam,24,0,25.91,11.11
AAM-KPI_HOURLY_NETWORK-03-09,LOC004,NBH,KV1,active,2026-08-18-09,2026-08-18 09:00:00,33.41,index,valid,synthetic_aam,24,0,30.07,11.11
AAM-KPI_HOURLY_NETWORK-03-10,LOC004,NBH,KV1,active,2026-08-18-10,2026-08-18 10:00:00,21.86,index,valid,synthetic_aam,24,0,19.67,11.11
AAM-KPI_HOURLY_NETWORK-03-11,LOC004,NBH,KV1,active,2026-08-18-11,2026-08-18 11:00:00,16.63,index,valid,synthetic_aam,24,0,14.97,11.11
AAM-KPI_HOURLY_NETWORK-03-12,LOC004,NBH,KV1,active,2026-08-18-12,2026-08-18 12:00:00,52.15,index,valid,synthetic_aam,24,0,46.94,11.11
AAM-KPI_HOURLY_NETWORK-03-13,LOC004,NBH,KV1,active,2026-08-18-13,2026-08-18 13:00:00,29.1,index,valid,synthetic_aam,24,0,26.19,11.11
AAM-KPI_HOURLY_NETWORK-03-14,LOC004,NBH,KV1,active,2026-08-18-14,2026-08-18 14:00:00,57.1,index,valid,synthetic_aam,24,0,51.39,11.11
AAM-KPI_HOURLY_NETWORK-03-15,LOC004,NBH,KV1,active,2026-08-18-15,2026-08-18 15:00:00,66.58,index,valid,synthetic_aam,24,0,59.92,11.11
AAM-KPI_HOURLY_NETWORK-03-16,LOC004,NBH,KV1,active,2026-08-18-16,2026-08-18 16:00:00,18.66,index,valid,synthetic_aam,24,0,16.79,11.11
AAM-KPI_HOURLY_NETWORK-03-17,LOC004,NBH,KV1,active,2026-08-18-17,2026-08-18 17:00:00,22.69,index,valid,synthetic_aam,24,0,20.42,11.11
AAM-KPI_HOURLY_NETWORK-03-18,LOC004,NBH,KV1,active,2026-08-18-18,2026-08-18 18:00:00,31.43,index,valid,synthetic_aam,24,0,28.29,11.11
AAM-KPI_HOURLY_NETWORK-03-19,LOC004,NBH,KV1,active,2026-08-18-19,2026-08-18 19:00:00,32.61,index,valid,synthetic_aam,24,0,29.35,11.11
AAM-KPI_HOURLY_NETWORK-03-20,LOC004,NBH,KV1,active,2026-08-18-20,2026-08-18 20:00:00,82.07,index,valid,synthetic_aam,24,0,73.86,11.11
AAM-KPI_HOURLY_NETWORK-03-21,LOC004,NBH,KV1,active,2026-08-18-21,2026-08-18 21:00:00,27.81,index,valid,synthetic_aam,24,0,25.03,11.11
AAM-KPI_HOURLY_NETWORK-03-22,LOC004,NBH,KV1,active,2026-08-18-22,2026-08-18 22:00:00,57.77,index,valid,synthetic_aam,24,0,51.99,11.11
AAM-KPI_HOURLY_NETWORK-03-23,LOC004,NBH,KV1,active,2026-08-18-23,2026-08-18 23:00:00,52.37,index,valid,synthetic_aam,24,0,47.13,11.11
AAM-KPI_HOURLY_NETWORK-03-24,LOC004,NBH,KV1,active,2026-08-19-00,2026-08-19 00:00:00,53.7,index,valid,synthetic_aam,24,0,48.33,11.11
AAM-KPI_HOURLY_NETWORK-03-25,LOC004,NBH,KV1,active,2026-08-19-01,2026-08-19 01:00:00,23.66,index,valid,synthetic_aam,24,0,21.29,11.11
AAM-KPI_HOURLY_NETWORK-03-26,LOC004,NBH,KV1,active,2026-08-19-02,2026-08-19 02:00:00,44.71,index,valid,synthetic_aam,24,0,40.24,11.11
AAM-KPI_HOURLY_NETWORK-03-27,LOC004,NBH,KV1,active,2026-08-19-03,2026-08-19 03:00:00,82.71,index,valid,synthetic_aam,24,0,74.44,11.11
AAM-KPI_HOURLY_NETWORK-03-28,LOC004,NBH,KV1,active,2026-08-19-04,2026-08-19 04:00:00,66.31,index,valid,synthetic_aam,24,0,59.68,11.11
AAM-KPI_HOURLY_NETWORK-03-29,LOC004,NBH,KV1,active,2026-08-19-05,2026-08-19 05:00:00,15.06,index,valid,synthetic_aam,24,0,13.55,11.11
AAM-KPI_HOURLY_NETWORK-03-30,LOC004,NBH,KV1,active,2026-08-19-06,2026-08-19 06:00:00,58.27,index,valid,synthetic_aam,24,0,52.44,11.11
AAM-KPI_HOURLY_NETWORK-03-31,LOC004,NBH,KV1,active,2026-08-19-07,2026-08-19 07:00:00,20.73,index,valid,synthetic_aam,24,0,18.66,11.11
AAM-KPI_HOURLY_NETWORK-03-32,LOC004,NBH,KV1,active,2026-08-19-08,2026-08-19 08:00:00,41.35,index,valid,synthetic_aam,24,0,37.22,11.11
AAM-KPI_HOURLY_NETWORK-03-33,LOC004,NBH,KV1,active,2026-08-19-09,2026-08-19 09:00:00,59.99,index,valid,synthetic_aam,24,0,53.99,11.11
AAM-KPI_HOURLY_NETWORK-03-34,LOC004,NBH,KV1,active,2026-08-19-10,2026-08-19 10:00:00,62.25,index,valid,synthetic_aam,24,0,56.02,11.11
AAM-KPI_HOURLY_NETWORK-03-35,LOC004,NBH,KV1,active,2026-08-19-11,2026-08-19 11:00:00,45.88,index,valid,synthetic_aam,24,0,41.29,11.11
AAM-KPI_HOURLY_NETWORK-03-36,LOC004,NBH,KV1,active,2026-08-19-12,2026-08-19 12:00:00,28.4,index,valid,synthetic_aam,24,0,25.56,11.11
AAM-KPI_HOURLY_NETWORK-03-37,LOC004,NBH,KV1,active,2026-08-19-13,2026-08-19 13:00:00,22.96,index,valid,synthetic_aam,24,0,20.66,11.11
AAM-KPI_HOURLY_NETWORK-03-38,LOC004,NBH,KV1,active,2026-08-19-14,2026-08-19 14:00:00,66.43,index,valid,synthetic_aam,24,0,59.79,11.11
AAM-KPI_HOURLY_NETWORK-03-39,LOC004,NBH,KV1,active,2026-08-19-15,2026-08-19 15:00:00,40.73,index,valid,synthetic_aam,24,0,36.66,11.11
AAM-KPI_HOURLY_NETWORK-03-40,LOC004,NBH,KV1,active,2026-08-19-16,2026-08-19 16:00:00,37.74,index,valid,synthetic_aam,24,0,33.97,11.11
AAM-KPI_HOURLY_NETWORK-03-41,LOC004,NBH,KV1,active,2026-08-19-17,2026-08-19 17:00:00,50.18,index,valid,synthetic_aam,24,0,45.16,11.11
AAM-KPI_HOURLY_NETWORK-03-42,LOC004,NBH,KV1,active,2026-08-19-18,2026-08-19 18:00:00,34.38,index,valid,synthetic_aam,24,0,30.94,11.11
AAM-KPI_HOURLY_NETWORK-03-43,LOC004,NBH,KV1,active,2026-08-19-19,2026-08-19 19:00:00,69.14,index,valid,synthetic_aam,24,0,62.23,11.11
AAM-KPI_HOURLY_NETWORK-03-44,LOC004,NBH,KV1,active,2026-08-19-20,2026-08-19 20:00:00,69.78,index,valid,synthetic_aam,24,0,62.8,11.11
AAM-KPI_HOURLY_NETWORK-03-45,LOC004,NBH,KV1,active,2026-08-19-21,2026-08-19 21:00:00,64.56,index,valid,synthetic_aam,24,0,58.1,11.11
AAM-KPI_HOURLY_NETWORK-03-46,LOC004,NBH,KV1,active,2026-08-19-22,2026-08-19 22:00:00,17.75,index,valid,synthetic_aam,24,0,15.97,11.11
AAM-KPI_HOURLY_NETWORK-03-47,LOC004,NBH,KV1,active,2026-08-19-23,2026-08-19 23:00:00,22.63,index,valid,synthetic_aam,24,0,20.37,11.11
AAM-KPI_HOURLY_NETWORK-03-48,LOC004,NBH,KV1,active,2026-08-20-00,2026-08-20 00:00:00,15.81,index,valid,synthetic_aam,24,0,14.23,11.11
AAM-KPI_HOURLY_NETWORK-03-49,LOC004,NBH,KV1,active,2026-08-20-01,2026-08-20 01:00:00,39.26,index,valid,synthetic_aam,24,0,35.33,11.11
AAM-KPI_HOURLY_NETWORK-03-50,LOC004,NBH,KV1,active,2026-08-20-02,2026-08-20 02:00:00,15.83,index,valid,synthetic_aam,24,0,14.25,11.11
AAM-KPI_HOURLY_NETWORK-03-51,LOC004,NBH,KV1,active,2026-08-20-03,2026-08-20 03:00:00,77.06,index,valid,synthetic_aam,24,0,69.35,11.11
AAM-KPI_HOURLY_NETWORK-03-52,LOC004,NBH,KV1,active,2026-08-20-04,2026-08-20 04:00:00,49.62,index,valid,synthetic_aam,24,0,44.66,11.11
AAM-KPI_HOURLY_NETWORK-03-53,LOC004,NBH,KV1,active,2026-08-20-05,2026-08-20 05:00:00,72.04,index,valid,synthetic_aam,24,0,64.84,11.11
AAM-KPI_HOURLY_NETWORK-03-54,LOC004,NBH,KV1,active,2026-08-20-06,2026-08-20 06:00:00,49.27,index,valid,synthetic_aam,24,0,44.34,11.11
AAM-KPI_HOURLY_NETWORK-03-55,LOC004,NBH,KV1,active,2026-08-20-07,2026-08-20 07:00:00,43.54,index,valid,synthetic_aam,24,0,39.19,11.11
AAM-KPI_HOURLY_NETWORK-03-56,LOC004,NBH,KV1,active,2026-08-20-08,2026-08-20 08:00:00,44.44,index,valid,synthetic_aam,24,0,40.0,11.11
AAM-KPI_HOURLY_NETWORK-03-57,LOC004,NBH,KV1,active,2026-08-20-09,2026-08-20 09:00:00,17.72,index,valid,synthetic_aam,24,0,15.95,11.11
AAM-KPI_HOURLY_NETWORK-03-58,LOC004,NBH,KV1,active,2026-08-20-10,2026-08-20 10:00:00,34.23,index,valid,synthetic_aam,24,0,30.81,11.11
AAM-KPI_HOURLY_NETWORK-03-59,LOC004,NBH,KV1,active,2026-08-20-11,2026-08-20 11:00:00,47.56,index,valid,synthetic_aam,24,0,42.8,11.11
AAM-KPI_HOURLY_NETWORK-03-60,LOC004,NBH,KV1,active,2026-08-20-12,2026-08-20 12:00:00,71.38,index,valid,synthetic_aam,24,0,64.24,11.11
AAM-KPI_HOURLY_NETWORK-03-61,LOC004,NBH,KV1,active,2026-08-20-13,2026-08-20 13:00:00,74.87,index,valid,synthetic_aam,24,0,67.38,11.11
AAM-KPI_HOURLY_NETWORK-03-62,LOC004,NBH,KV1,active,2026-08-20-14,2026-08-20 14:00:00,41.59,index,valid,synthetic_aam,24,0,37.43,11.11
AAM-KPI_HOURLY_NETWORK-03-63,LOC004,NBH,KV1,active,2026-08-20-15,2026-08-20 15:00:00,65.81,index,valid,synthetic_aam,24,0,59.23,11.11
AAM-KPI_HOURLY_NETWORK-03-64,LOC004,NBH,KV1,active,2026-08-20-16,2026-08-20 16:00:00,59.23,index,valid,synthetic_aam,24,0,53.31,11.11
AAM-KPI_HOURLY_NETWORK-03-65,LOC004,NBH,KV1,active,2026-08-20-17,2026-08-20 17:00:00,39.53,index,valid,synthetic_aam,24,0,35.58,11.11
AAM-KPI_HOURLY_NETWORK-03-66,LOC004,NBH,KV1,active,2026-08-20-18,2026-08-20 18:00:00,62.6,index,valid,synthetic_aam,24,0,56.34,11.11
AAM-KPI_HOURLY_NETWORK-03-67,LOC004,NBH,KV1,active,2026-08-20-19,2026-08-20 19:00:00,64.01,index,valid,synthetic_aam,24,0,57.61,11.11
AAM-KPI_HOURLY_NETWORK-03-68,LOC004,NBH,KV1,active,2026-08-20-20,2026-08-20 20:00:00,53.01,index,valid,synthetic_aam,24,0,47.71,11.11
AAM-KPI_HOURLY_NETWORK-03-69,LOC004,NBH,KV1,active,2026-08-20-21,2026-08-20 21:00:00,50.99,index,valid,synthetic_aam,24,0,45.89,11.11
AAM-KPI_HOURLY_NETWORK-03-70,LOC004,NBH,KV1,active,2026-08-20-22,2026-08-20 22:00:00,83.37,index,valid,synthetic_aam,24,0,75.03,11.11
AAM-KPI_HOURLY_NETWORK-03-71,LOC004,NBH,KV1,active,2026-08-20-23,2026-08-20 23:00:00,66.93,index,valid,synthetic_aam,24,0,60.24,11.11
AAM-KPI_HOURLY_NETWORK-04-00,LOC005,HCM,KV3,active,2026-08-18-00,2026-08-18 00:00:00,20.32,index,valid,synthetic_aam,24,0,18.29,11.11
AAM-KPI_HOURLY_NETWORK-04-01,LOC005,HCM,KV3,active,2026-08-18-01,2026-08-18 01:00:00,53.14,index,valid,synthetic_aam,24,0,47.83,11.11
AAM-KPI_HOURLY_NETWORK-04-02,LOC005,HCM,KV3,active,2026-08-18-02,2026-08-18 02:00:00,30.03,index,valid,synthetic_aam,24,0,27.03,11.11
AAM-KPI_HOURLY_NETWORK-04-03,LOC005,HCM,KV3,active,2026-08-18-03,2026-08-18 03:00:00,53.77,index,valid,synthetic_aam,24,0,48.39,11.11
AAM-KPI_HOURLY_NETWORK-04-04,LOC005,HCM,KV3,active,2026-08-18-04,2026-08-18 04:00:00,58.46,index,valid,synthetic_aam,24,0,52.61,11.11
AAM-KPI_HOURLY_NETWORK-04-05,LOC005,HCM,KV3,active,2026-08-18-05,2026-08-18 05:00:00,15.24,index,valid,synthetic_aam,24,0,13.72,11.11
AAM-KPI_HOURLY_NETWORK-04-06,LOC005,HCM,KV3,active,2026-08-18-06,2026-08-18 06:00:00,66.63,index,valid,synthetic_aam,24,0,59.97,11.11
AAM-KPI_HOURLY_NETWORK-04-07,LOC005,HCM,KV3,active,2026-08-18-07,2026-08-18 07:00:00,37.13,index,valid,synthetic_aam,24,0,33.42,11.11
AAM-KPI_HOURLY_NETWORK-04-08,LOC005,HCM,KV3,active,2026-08-18-08,2026-08-18 08:00:00,32.26,index,valid,synthetic_aam,24,0,29.03,11.11
AAM-KPI_HOURLY_NETWORK-04-09,LOC005,HCM,KV3,active,2026-08-18-09,2026-08-18 09:00:00,60.0,index,valid,synthetic_aam,24,0,54.0,11.11
AAM-KPI_HOURLY_NETWORK-04-10,LOC005,HCM,KV3,active,2026-08-18-10,2026-08-18 10:00:00,52.64,index,valid,synthetic_aam,24,0,47.38,11.11
AAM-KPI_HOURLY_NETWORK-04-11,LOC005,HCM,KV3,active,2026-08-18-11,2026-08-18 11:00:00,66.7,index,valid,synthetic_aam,24,0,60.03,11.11
AAM-KPI_HOURLY_NETWORK-04-12,LOC005,HCM,KV3,active,2026-08-18-12,2026-08-18 12:00:00,23.77,index,valid,synthetic_aam,24,0,21.39,11.11
AAM-KPI_HOURLY_NETWORK-04-13,LOC005,HCM,KV3,active,2026-08-18-13,2026-08-18 13:00:00,61.1,index,valid,synthetic_aam,24,0,54.99,11.11
AAM-KPI_HOURLY_NETWORK-04-14,LOC005,HCM,KV3,active,2026-08-18-14,2026-08-18 14:00:00,52.82,index,valid,synthetic_aam,24,0,47.54,11.11
AAM-KPI_HOURLY_NETWORK-04-15,LOC005,HCM,KV3,active,2026-08-18-15,2026-08-18 15:00:00,46.43,index,valid,synthetic_aam,24,0,41.79,11.11
AAM-KPI_HOURLY_NETWORK-04-16,LOC005,HCM,KV3,active,2026-08-18-16,2026-08-18 16:00:00,62.51,index,valid,synthetic_aam,24,0,56.26,11.11
AAM-KPI_HOURLY_NETWORK-04-17,LOC005,HCM,KV3,active,2026-08-18-17,2026-08-18 17:00:00,82.6,index,valid,synthetic_aam,24,0,74.34,11.11
AAM-KPI_HOURLY_NETWORK-04-18,LOC005,HCM,KV3,active,2026-08-18-18,2026-08-18 18:00:00,29.73,index,valid,synthetic_aam,24,0,26.76,11.11
AAM-KPI_HOURLY_NETWORK-04-19,LOC005,HCM,KV3,active,2026-08-18-19,2026-08-18 19:00:00,55.55,index,valid,synthetic_aam,24,0,49.99,11.11
AAM-KPI_HOURLY_NETWORK-04-20,LOC005,HCM,KV3,active,2026-08-18-20,2026-08-18 20:00:00,55.05,index,valid,synthetic_aam,24,0,49.55,11.11
AAM-KPI_HOURLY_NETWORK-04-21,LOC005,HCM,KV3,active,2026-08-18-21,2026-08-18 21:00:00,84.99,index,valid,synthetic_aam,24,0,76.49,11.11
AAM-KPI_HOURLY_NETWORK-04-22,LOC005,HCM,KV3,active,2026-08-18-22,2026-08-18 22:00:00,36.93,index,valid,synthetic_aam,24,0,33.24,11.11
AAM-KPI_HOURLY_NETWORK-04-23,LOC005,HCM,KV3,active,2026-08-18-23,2026-08-18 23:00:00,67.59,index,valid,synthetic_aam,24,0,60.83,11.11
AAM-KPI_HOURLY_NETWORK-04-24,LOC005,HCM,KV3,active,2026-08-19-00,2026-08-19 00:00:00,70.64,index,valid,synthetic_aam,24,0,63.58,11.11
AAM-KPI_HOURLY_NETWORK-04-25,LOC005,HCM,KV3,active,2026-08-19-01,2026-08-19 01:00:00,78.9,index,valid,synthetic_aam,24,0,71.01,11.11
AAM-KPI_HOURLY_NETWORK-04-26,LOC005,HCM,KV3,active,2026-08-19-02,2026-08-19 02:00:00,81.03,index,valid,synthetic_aam,24,0,72.93,11.11
AAM-KPI_HOURLY_NETWORK-04-27,LOC005,HCM,KV3,active,2026-08-19-03,2026-08-19 03:00:00,79.46,index,valid,synthetic_aam,24,0,71.51,11.11
AAM-KPI_HOURLY_NETWORK-04-28,LOC005,HCM,KV3,active,2026-08-19-04,2026-08-19 04:00:00,67.02,index,valid,synthetic_aam,24,0,60.32,11.11
AAM-KPI_HOURLY_NETWORK-04-29,LOC005,HCM,KV3,active,2026-08-19-05,2026-08-19 05:00:00,43.59,index,valid,synthetic_aam,24,0,39.23,11.11
AAM-KPI_HOURLY_NETWORK-04-30,LOC005,HCM,KV3,active,2026-08-19-06,2026-08-19 06:00:00,41.43,index,valid,synthetic_aam,24,0,37.29,11.11
AAM-KPI_HOURLY_NETWORK-04-31,LOC005,HCM,KV3,active,2026-08-19-07,2026-08-19 07:00:00,50.6,index,valid,synthetic_aam,24,0,45.54,11.11
AAM-KPI_HOURLY_NETWORK-04-32,LOC005,HCM,KV3,active,2026-08-19-08,2026-08-19 08:00:00,22.94,index,valid,synthetic_aam,24,0,20.65,11.11
AAM-KPI_HOURLY_NETWORK-04-33,LOC005,HCM,KV3,active,2026-08-19-09,2026-08-19 09:00:00,78.57,index,valid,synthetic_aam,24,0,70.71,11.11
AAM-KPI_HOURLY_NETWORK-04-34,LOC005,HCM,KV3,active,2026-08-19-10,2026-08-19 10:00:00,69.5,index,valid,synthetic_aam,24,0,62.55,11.11
AAM-KPI_HOURLY_NETWORK-04-35,LOC005,HCM,KV3,active,2026-08-19-11,2026-08-19 11:00:00,62.85,index,valid,synthetic_aam,24,0,56.57,11.11
AAM-KPI_HOURLY_NETWORK-04-36,LOC005,HCM,KV3,active,2026-08-19-12,2026-08-19 12:00:00,84.7,index,valid,synthetic_aam,24,0,76.23,11.11
AAM-KPI_HOURLY_NETWORK-04-37,LOC005,HCM,KV3,active,2026-08-19-13,2026-08-19 13:00:00,39.02,index,valid,synthetic_aam,24,0,35.12,11.11
AAM-KPI_HOURLY_NETWORK-04-38,LOC005,HCM,KV3,active,2026-08-19-14,2026-08-19 14:00:00,45.71,index,valid,synthetic_aam,24,0,41.14,11.11
AAM-KPI_HOURLY_NETWORK-04-39,LOC005,HCM,KV3,active,2026-08-19-15,2026-08-19 15:00:00,42.11,index,valid,synthetic_aam,24,0,37.9,11.11
AAM-KPI_HOURLY_NETWORK-04-40,LOC005,HCM,KV3,active,2026-08-19-16,2026-08-19 16:00:00,46.82,index,valid,synthetic_aam,24,0,42.14,11.11
AAM-KPI_HOURLY_NETWORK-04-41,LOC005,HCM,KV3,active,2026-08-19-17,2026-08-19 17:00:00,54.07,index,valid,synthetic_aam,24,0,48.66,11.11
AAM-KPI_HOURLY_NETWORK-04-42,LOC005,HCM,KV3,active,2026-08-19-18,2026-08-19 18:00:00,69.55,index,valid,synthetic_aam,24,0,62.59,11.11
AAM-KPI_HOURLY_NETWORK-04-43,LOC005,HCM,KV3,active,2026-08-19-19,2026-08-19 19:00:00,39.9,index,valid,synthetic_aam,24,0,35.91,11.11
AAM-KPI_HOURLY_NETWORK-04-44,LOC005,HCM,KV3,active,2026-08-19-20,2026-08-19 20:00:00,49.64,index,valid,synthetic_aam,24,0,44.68,11.11
AAM-KPI_HOURLY_NETWORK-04-45,LOC005,HCM,KV3,active,2026-08-19-21,2026-08-19 21:00:00,32.94,index,valid,synthetic_aam,24,0,29.65,11.11
AAM-KPI_HOURLY_NETWORK-04-46,LOC005,HCM,KV3,active,2026-08-19-22,2026-08-19 22:00:00,29.58,index,valid,synthetic_aam,24,0,26.62,11.11
AAM-KPI_HOURLY_NETWORK-04-47,LOC005,HCM,KV3,active,2026-08-19-23,2026-08-19 23:00:00,83.23,index,valid,synthetic_aam,24,0,74.91,11.11
AAM-KPI_HOURLY_NETWORK-04-48,LOC005,HCM,KV3,active,2026-08-20-00,2026-08-20 00:00:00,46.2,index,valid,synthetic_aam,24,0,41.58,11.11
AAM-KPI_HOURLY_NETWORK-04-49,LOC005,HCM,KV3,active,2026-08-20-01,2026-08-20 01:00:00,32.03,index,valid,synthetic_aam,24,0,28.83,11.11
AAM-KPI_HOURLY_NETWORK-04-50,LOC005,HCM,KV3,active,2026-08-20-02,2026-08-20 02:00:00,44.81,index,valid,synthetic_aam,24,0,40.33,11.11
AAM-KPI_HOURLY_NETWORK-04-51,LOC005,HCM,KV3,active,2026-08-20-03,2026-08-20 03:00:00,73.54,index,valid,synthetic_aam,24,0,66.19,11.11
AAM-KPI_HOURLY_NETWORK-04-52,LOC005,HCM,KV3,active,2026-08-20-04,2026-08-20 04:00:00,34.16,index,valid,synthetic_aam,24,0,30.74,11.11
AAM-KPI_HOURLY_NETWORK-04-53,LOC005,HCM,KV3,active,2026-08-20-05,2026-08-20 05:00:00,64.92,index,valid,synthetic_aam,24,0,58.43,11.11
AAM-KPI_HOURLY_NETWORK-04-54,LOC005,HCM,KV3,active,2026-08-20-06,2026-08-20 06:00:00,26.28,index,valid,synthetic_aam,24,0,23.65,11.11
AAM-KPI_HOURLY_NETWORK-04-55,LOC005,HCM,KV3,active,2026-08-20-07,2026-08-20 07:00:00,31.47,index,valid,synthetic_aam,24,0,28.32,11.11
AAM-KPI_HOURLY_NETWORK-04-56,LOC005,HCM,KV3,active,2026-08-20-08,2026-08-20 08:00:00,26.26,index,valid,synthetic_aam,24,0,23.63,11.11
AAM-KPI_HOURLY_NETWORK-04-57,LOC005,HCM,KV3,active,2026-08-20-09,2026-08-20 09:00:00,20.24,index,valid,synthetic_aam,24,0,18.22,11.11
AAM-KPI_HOURLY_NETWORK-04-58,LOC005,HCM,KV3,active,2026-08-20-10,2026-08-20 10:00:00,77.82,index,valid,synthetic_aam,24,0,70.04,11.11
AAM-KPI_HOURLY_NETWORK-04-59,LOC005,HCM,KV3,active,2026-08-20-11,2026-08-20 11:00:00,47.22,index,valid,synthetic_aam,24,0,42.5,11.11
AAM-KPI_HOURLY_NETWORK-04-60,LOC005,HCM,KV3,active,2026-08-20-12,2026-08-20 12:00:00,83.66,index,valid,synthetic_aam,24,0,75.29,11.11
AAM-KPI_HOURLY_NETWORK-04-61,LOC005,HCM,KV3,active,2026-08-20-13,2026-08-20 13:00:00,83.13,index,valid,synthetic_aam,24,0,74.82,11.11
AAM-KPI_HOURLY_NETWORK-04-62,LOC005,HCM,KV3,active,2026-08-20-14,2026-08-20 14:00:00,64.82,index,valid,synthetic_aam,24,0,58.34,11.11
AAM-KPI_HOURLY_NETWORK-04-63,LOC005,HCM,KV3,active,2026-08-20-15,2026-08-20 15:00:00,71.38,index,valid,synthetic_aam,24,0,64.24,11.11
AAM-KPI_HOURLY_NETWORK-04-64,LOC005,HCM,KV3,active,2026-08-20-16,2026-08-20 16:00:00,31.54,index,valid,synthetic_aam,24,0,28.39,11.11
AAM-KPI_HOURLY_NETWORK-04-65,LOC005,HCM,KV3,active,2026-08-20-17,2026-08-20 17:00:00,76.65,index,valid,synthetic_aam,24,0,68.99,11.11
AAM-KPI_HOURLY_NETWORK-04-66,LOC005,HCM,KV3,active,2026-08-20-18,2026-08-20 18:00:00,78.31,index,valid,synthetic_aam,24,0,70.48,11.11
AAM-KPI_HOURLY_NETWORK-04-67,LOC005,HCM,KV3,active,2026-08-20-19,2026-08-20 19:00:00,79.92,index,valid,synthetic_aam,24,0,71.93,11.11
AAM-KPI_HOURLY_NETWORK-04-68,LOC005,HCM,KV3,active,2026-08-20-20,2026-08-20 20:00:00,50.39,index,valid,synthetic_aam,24,0,45.35,11.11
AAM-KPI_HOURLY_NETWORK-04-69,LOC005,HCM,KV3,active,2026-08-20-21,2026-08-20 21:00:00,29.14,index,valid,synthetic_aam,24,0,26.23,11.11
AAM-KPI_HOURLY_NETWORK-04-70,LOC005,HCM,KV3,active,2026-08-20-22,2026-08-20 22:00:00,55.57,index,valid,synthetic_aam,24,0,50.01,11.11
AAM-KPI_HOURLY_NETWORK-04-71,LOC005,HCM,KV3,active,2026-08-20-23,2026-08-20 23:00:00,76.92,index,valid,synthetic_aam,24,0,69.23,11.11
AAM-KPI_HOURLY_NETWORK-05-00,LOC006,KHA,KV2,active,2026-08-18-00,2026-08-18 00:00:00,69.64,index,valid,synthetic_aam,24,0,62.68,11.11
AAM-KPI_HOURLY_NETWORK-05-01,LOC006,KHA,KV2,active,2026-08-18-01,2026-08-18 01:00:00,82.36,index,valid,synthetic_aam,24,0,74.12,11.11
AAM-KPI_HOURLY_NETWORK-05-02,LOC006,KHA,KV2,active,2026-08-18-02,2026-08-18 02:00:00,28.15,index,valid,synthetic_aam,24,0,25.34,11.11
AAM-KPI_HOURLY_NETWORK-05-03,LOC006,KHA,KV2,active,2026-08-18-03,2026-08-18 03:00:00,22.79,index,valid,synthetic_aam,24,0,20.51,11.11
AAM-KPI_HOURLY_NETWORK-05-04,LOC006,KHA,KV2,active,2026-08-18-04,2026-08-18 04:00:00,65.58,index,valid,synthetic_aam,24,0,59.02,11.11
AAM-KPI_HOURLY_NETWORK-05-05,LOC006,KHA,KV2,active,2026-08-18-05,2026-08-18 05:00:00,52.18,index,valid,synthetic_aam,24,0,46.96,11.11
AAM-KPI_HOURLY_NETWORK-05-06,LOC006,KHA,KV2,active,2026-08-18-06,2026-08-18 06:00:00,55.49,index,valid,synthetic_aam,24,0,49.94,11.11
AAM-KPI_HOURLY_NETWORK-05-07,LOC006,KHA,KV2,active,2026-08-18-07,2026-08-18 07:00:00,52.24,index,valid,synthetic_aam,24,0,47.02,11.11
AAM-KPI_HOURLY_NETWORK-05-08,LOC006,KHA,KV2,active,2026-08-18-08,2026-08-18 08:00:00,53.42,index,valid,synthetic_aam,24,0,48.08,11.11
AAM-KPI_HOURLY_NETWORK-05-09,LOC006,KHA,KV2,active,2026-08-18-09,2026-08-18 09:00:00,80.8,index,valid,synthetic_aam,24,0,72.72,11.11
AAM-KPI_HOURLY_NETWORK-05-10,LOC006,KHA,KV2,active,2026-08-18-10,2026-08-18 10:00:00,35.47,index,valid,synthetic_aam,24,0,31.92,11.11
AAM-KPI_HOURLY_NETWORK-05-11,LOC006,KHA,KV2,active,2026-08-18-11,2026-08-18 11:00:00,24.68,index,valid,synthetic_aam,24,0,22.21,11.11
AAM-KPI_HOURLY_NETWORK-05-12,LOC006,KHA,KV2,active,2026-08-18-12,2026-08-18 12:00:00,47.5,index,valid,synthetic_aam,24,0,42.75,11.11
AAM-KPI_HOURLY_NETWORK-05-13,LOC006,KHA,KV2,active,2026-08-18-13,2026-08-18 13:00:00,35.28,index,valid,synthetic_aam,24,0,31.75,11.11
AAM-KPI_HOURLY_NETWORK-05-14,LOC006,KHA,KV2,active,2026-08-18-14,2026-08-18 14:00:00,38.81,index,valid,synthetic_aam,24,0,34.93,11.11
AAM-KPI_HOURLY_NETWORK-05-15,LOC006,KHA,KV2,active,2026-08-18-15,2026-08-18 15:00:00,34.22,index,valid,synthetic_aam,24,0,30.8,11.11
AAM-KPI_HOURLY_NETWORK-05-16,LOC006,KHA,KV2,active,2026-08-18-16,2026-08-18 16:00:00,69.94,index,valid,synthetic_aam,24,0,62.95,11.11
AAM-KPI_HOURLY_NETWORK-05-17,LOC006,KHA,KV2,active,2026-08-18-17,2026-08-18 17:00:00,30.22,index,valid,synthetic_aam,24,0,27.2,11.11
AAM-KPI_HOURLY_NETWORK-05-18,LOC006,KHA,KV2,active,2026-08-18-18,2026-08-18 18:00:00,21.75,index,valid,synthetic_aam,24,0,19.57,11.11
AAM-KPI_HOURLY_NETWORK-05-19,LOC006,KHA,KV2,active,2026-08-18-19,2026-08-18 19:00:00,43.11,index,valid,synthetic_aam,24,0,38.8,11.11
AAM-KPI_HOURLY_NETWORK-05-20,LOC006,KHA,KV2,active,2026-08-18-20,2026-08-18 20:00:00,68.89,index,valid,synthetic_aam,24,0,62.0,11.11
AAM-KPI_HOURLY_NETWORK-05-21,LOC006,KHA,KV2,active,2026-08-18-21,2026-08-18 21:00:00,47.95,index,valid,synthetic_aam,24,0,43.16,11.11
AAM-KPI_HOURLY_NETWORK-05-22,LOC006,KHA,KV2,active,2026-08-18-22,2026-08-18 22:00:00,29.04,index,valid,synthetic_aam,24,0,26.14,11.11
AAM-KPI_HOURLY_NETWORK-05-23,LOC006,KHA,KV2,active,2026-08-18-23,2026-08-18 23:00:00,39.43,index,valid,synthetic_aam,24,0,35.49,11.11
AAM-KPI_HOURLY_NETWORK-05-24,LOC006,KHA,KV2,active,2026-08-19-00,2026-08-19 00:00:00,65.24,index,valid,synthetic_aam,24,0,58.72,11.11
AAM-KPI_HOURLY_NETWORK-05-25,LOC006,KHA,KV2,active,2026-08-19-01,2026-08-19 01:00:00,55.21,index,valid,synthetic_aam,24,0,49.69,11.11
AAM-KPI_HOURLY_NETWORK-05-26,LOC006,KHA,KV2,active,2026-08-19-02,2026-08-19 02:00:00,33.13,index,valid,synthetic_aam,24,0,29.82,11.11
AAM-KPI_HOURLY_NETWORK-05-27,LOC006,KHA,KV2,active,2026-08-19-03,2026-08-19 03:00:00,64.27,index,valid,synthetic_aam,24,0,57.84,11.11
AAM-KPI_HOURLY_NETWORK-05-28,LOC006,KHA,KV2,active,2026-08-19-04,2026-08-19 04:00:00,67.71,index,valid,synthetic_aam,24,0,60.94,11.11
AAM-KPI_HOURLY_NETWORK-05-29,LOC006,KHA,KV2,active,2026-08-19-05,2026-08-19 05:00:00,30.01,index,valid,synthetic_aam,24,0,27.01,11.11
AAM-KPI_HOURLY_NETWORK-05-30,LOC006,KHA,KV2,active,2026-08-19-06,2026-08-19 06:00:00,55.13,index,valid,synthetic_aam,24,0,49.62,11.11
AAM-KPI_HOURLY_NETWORK-05-31,LOC006,KHA,KV2,active,2026-08-19-07,2026-08-19 07:00:00,72.08,index,valid,synthetic_aam,24,0,64.87,11.11
AAM-KPI_HOURLY_NETWORK-05-32,LOC006,KHA,KV2,active,2026-08-19-08,2026-08-19 08:00:00,47.2,index,valid,synthetic_aam,24,0,42.48,11.11
AAM-KPI_HOURLY_NETWORK-05-33,LOC006,KHA,KV2,active,2026-08-19-09,2026-08-19 09:00:00,64.98,index,valid,synthetic_aam,24,0,58.48,11.11
AAM-KPI_HOURLY_NETWORK-05-34,LOC006,KHA,KV2,active,2026-08-19-10,2026-08-19 10:00:00,80.24,index,valid,synthetic_aam,24,0,72.22,11.11
AAM-KPI_HOURLY_NETWORK-05-35,LOC006,KHA,KV2,active,2026-08-19-11,2026-08-19 11:00:00,35.94,index,valid,synthetic_aam,24,0,32.35,11.11
AAM-KPI_HOURLY_NETWORK-05-36,LOC006,KHA,KV2,active,2026-08-19-12,2026-08-19 12:00:00,45.11,index,valid,synthetic_aam,24,0,40.6,11.11
AAM-KPI_HOURLY_NETWORK-05-37,LOC006,KHA,KV2,active,2026-08-19-13,2026-08-19 13:00:00,63.91,index,valid,synthetic_aam,24,0,57.52,11.11
AAM-KPI_HOURLY_NETWORK-05-38,LOC006,KHA,KV2,active,2026-08-19-14,2026-08-19 14:00:00,16.73,index,valid,synthetic_aam,24,0,15.06,11.11
AAM-KPI_HOURLY_NETWORK-05-39,LOC006,KHA,KV2,active,2026-08-19-15,2026-08-19 15:00:00,56.44,index,valid,synthetic_aam,24,0,50.8,11.11
AAM-KPI_HOURLY_NETWORK-05-40,LOC006,KHA,KV2,active,2026-08-19-16,2026-08-19 16:00:00,22.77,index,valid,synthetic_aam,24,0,20.49,11.11
AAM-KPI_HOURLY_NETWORK-05-41,LOC006,KHA,KV2,active,2026-08-19-17,2026-08-19 17:00:00,70.01,index,valid,synthetic_aam,24,0,63.01,11.11
AAM-KPI_HOURLY_NETWORK-05-42,LOC006,KHA,KV2,active,2026-08-19-18,2026-08-19 18:00:00,41.87,index,valid,synthetic_aam,24,0,37.68,11.11
AAM-KPI_HOURLY_NETWORK-05-43,LOC006,KHA,KV2,active,2026-08-19-19,2026-08-19 19:00:00,26.49,index,valid,synthetic_aam,24,0,23.84,11.11
AAM-KPI_HOURLY_NETWORK-05-44,LOC006,KHA,KV2,active,2026-08-19-20,2026-08-19 20:00:00,32.47,index,valid,synthetic_aam,24,0,29.22,11.11
AAM-KPI_HOURLY_NETWORK-05-45,LOC006,KHA,KV2,active,2026-08-19-21,2026-08-19 21:00:00,40.36,index,valid,synthetic_aam,24,0,36.32,11.11
AAM-KPI_HOURLY_NETWORK-05-46,LOC006,KHA,KV2,active,2026-08-19-22,2026-08-19 22:00:00,22.52,index,valid,synthetic_aam,24,0,20.27,11.11
AAM-KPI_HOURLY_NETWORK-05-47,LOC006,KHA,KV2,active,2026-08-19-23,2026-08-19 23:00:00,83.75,index,valid,synthetic_aam,24,0,75.38,11.11
AAM-KPI_HOURLY_NETWORK-05-48,LOC006,KHA,KV2,active,2026-08-20-00,2026-08-20 00:00:00,68.89,index,valid,synthetic_aam,24,0,62.0,11.11
AAM-KPI_HOURLY_NETWORK-05-49,LOC006,KHA,KV2,active,2026-08-20-01,2026-08-20 01:00:00,71.57,index,valid,synthetic_aam,24,0,64.41,11.11
AAM-KPI_HOURLY_NETWORK-05-50,LOC006,KHA,KV2,active,2026-08-20-02,2026-08-20 02:00:00,54.78,index,valid,synthetic_aam,24,0,49.3,11.11
AAM-KPI_HOURLY_NETWORK-05-51,LOC006,KHA,KV2,active,2026-08-20-03,2026-08-20 03:00:00,37.95,index,valid,synthetic_aam,24,0,34.16,11.11
AAM-KPI_HOURLY_NETWORK-05-52,LOC006,KHA,KV2,active,2026-08-20-04,2026-08-20 04:00:00,36.31,index,valid,synthetic_aam,24,0,32.68,11.11
AAM-KPI_HOURLY_NETWORK-05-53,LOC006,KHA,KV2,active,2026-08-20-05,2026-08-20 05:00:00,46.9,index,valid,synthetic_aam,24,0,42.21,11.11
AAM-KPI_HOURLY_NETWORK-05-54,LOC006,KHA,KV2,active,2026-08-20-06,2026-08-20 06:00:00,27.79,index,valid,synthetic_aam,24,0,25.01,11.11
AAM-KPI_HOURLY_NETWORK-05-55,LOC006,KHA,KV2,active,2026-08-20-07,2026-08-20 07:00:00,56.52,index,valid,synthetic_aam,24,0,50.87,11.11
AAM-KPI_HOURLY_NETWORK-05-56,LOC006,KHA,KV2,active,2026-08-20-08,2026-08-20 08:00:00,52.06,index,valid,synthetic_aam,24,0,46.85,11.11
AAM-KPI_HOURLY_NETWORK-05-57,LOC006,KHA,KV2,active,2026-08-20-09,2026-08-20 09:00:00,39.99,index,valid,synthetic_aam,24,0,35.99,11.11
AAM-KPI_HOURLY_NETWORK-05-58,LOC006,KHA,KV2,active,2026-08-20-10,2026-08-20 10:00:00,23.38,index,valid,synthetic_aam,24,0,21.04,11.11
AAM-KPI_HOURLY_NETWORK-05-59,LOC006,KHA,KV2,active,2026-08-20-11,2026-08-20 11:00:00,29.44,index,valid,synthetic_aam,24,0,26.5,11.11
AAM-KPI_HOURLY_NETWORK-05-60,LOC006,KHA,KV2,active,2026-08-20-12,2026-08-20 12:00:00,48.97,index,valid,synthetic_aam,24,0,44.07,11.11
AAM-KPI_HOURLY_NETWORK-05-61,LOC006,KHA,KV2,active,2026-08-20-13,2026-08-20 13:00:00,70.34,index,valid,synthetic_aam,24,0,63.31,11.11
AAM-KPI_HOURLY_NETWORK-05-62,LOC006,KHA,KV2,active,2026-08-20-14,2026-08-20 14:00:00,53.97,index,valid,synthetic_aam,24,0,48.57,11.11
AAM-KPI_HOURLY_NETWORK-05-63,LOC006,KHA,KV2,active,2026-08-20-15,2026-08-20 15:00:00,29.14,index,valid,synthetic_aam,24,0,26.23,11.11
AAM-KPI_HOURLY_NETWORK-05-64,LOC006,KHA,KV2,active,2026-08-20-16,2026-08-20 16:00:00,43.41,index,valid,synthetic_aam,24,0,39.07,11.11
AAM-KPI_HOURLY_NETWORK-05-65,LOC006,KHA,KV2,active,2026-08-20-17,2026-08-20 17:00:00,53.71,index,valid,synthetic_aam,24,0,48.34,11.11
AAM-KPI_HOURLY_NETWORK-05-66,LOC006,KHA,KV2,active,2026-08-20-18,2026-08-20 18:00:00,27.57,index,valid,synthetic_aam,24,0,24.81,11.11
AAM-KPI_HOURLY_NETWORK-05-67,LOC006,KHA,KV2,active,2026-08-20-19,2026-08-20 19:00:00,33.62,index,valid,synthetic_aam,24,0,30.26,11.11
AAM-KPI_HOURLY_NETWORK-05-68,LOC006,KHA,KV2,active,2026-08-20-20,2026-08-20 20:00:00,54.47,index,valid,synthetic_aam,24,0,49.02,11.11
AAM-KPI_HOURLY_NETWORK-05-69,LOC006,KHA,KV2,active,2026-08-20-21,2026-08-20 21:00:00,26.98,index,valid,synthetic_aam,24,0,24.28,11.11
AAM-KPI_HOURLY_NETWORK-05-70,LOC006,KHA,KV2,active,2026-08-20-22,2026-08-20 22:00:00,44.19,index,valid,synthetic_aam,24,0,39.77,11.11
AAM-KPI_HOURLY_NETWORK-05-71,LOC006,KHA,KV2,active,2026-08-20-23,2026-08-20 23:00:00,76.75,index,valid,synthetic_aam,24,0,69.08,11.11
